cod_ine,municipio,provincia,poblacion,latitud,longitud
5007,ALDEANUEVA DE SANTA CRUZ,ÁVILA,102,40.38196,-5.419593
5008,ALDEASECA,ÁVILA,203,41.049202,-4.817519
5016,ARÉVALO,ÁVILA,7830,41.065505,-4.718925
5034,BLASCONUÑO DE MATACABRAS,ÁVILA,14,41.123872,-4.989882
5035,BLASCOSANCHO,ÁVILA,100,40.878249,-4.637347
5037,BOHOYO,ÁVILA,214,40.316655,-5.442655
5042,CABEZAS DE ALAMBRE,ÁVILA,153,40.943158,-4.840579
5048,CANTIVEROS,ÁVILA,99,40.951929,-4.956185
5056,CASTELLANOS DE ZAPARDIEL,ÁVILA,113,41.084718,-4.908902
5059,CILLÁN,ÁVILA,79,40.704366,-4.977995
5060,CISLA,ÁVILA,102,40.965295,-5.013227
5063,COLLADO DEL MIRÓN,ÁVILA,20,40.55449,-5.353557
5070,DONVIDAS,ÁVILA,36,41.08864,-4.804724
5022,EL BARRACO,ÁVILA,2027,40.476079,-4.641142
5036,EL BOHODÓN,ÁVILA,110,40.916264,-4.729838
5175,EL OSO,ÁVILA,129,40.842842,-4.77127
5241,EL TIEMBLO,ÁVILA,4526,40.415683,-4.500749
5072,ESPINOSA DE LOS CABALLEROS,ÁVILA,97,41.009119,-4.650974
5073,FLORES DE ÁVILA,ÁVILA,270,40.934203,-5.078097
5077,FUENTE EL SAÚZ,ÁVILA,151,40.977514,-4.909221
5080,GALLEGOS DE SOBRINOS,ÁVILA,45,40.717329,-5.112086
5081,GARGANTA DEL VILLAR,ÁVILA,39,40.449708,-5.105238
5082,GAVILANES,ÁVILA,529,40.276857,-4.85384
5083,GEMUÑO,ÁVILA,142,40.592925,-4.782303
5084,GILBUENA,ÁVILA,48,40.414288,-5.608838
5092,HERNANSANCHO,ÁVILA,142,40.857489,-4.730337
5093,HERRADÓN DE PINARES,ÁVILA,495,40.565312,-4.56023
5095,HIGUERA DE LAS DUEÑAS,ÁVILA,270,40.237883,-4.601122
5106,HOYOS DE MIGUEL MUÑOZ,ÁVILA,27,40.393433,-5.066902
5104,HOYOS DEL COLLADO,ÁVILA,30,40.358702,-5.199375
5105,HOYOS DEL ESPINO,ÁVILA,344,40.362041,-5.179052
5051,LA CARRERA,ÁVILA,160,40.347336,-5.555148
5110,LANZAHÍTA,ÁVILA,788,40.203679,-4.936954
5027,LAS BERLANAS,ÁVILA,323,40.803561,-4.761169
5168,LAS NAVAS DEL MARQUÉS,ÁVILA,5590,40.603046,-4.326009
5113,LOS LLANOS DE TORMES,ÁVILA,103,40.328312,-5.498676
5114,MADRIGAL DE LAS ALTAS TORRES,ÁVILA,1299,41.089759,-4.99833
5115,MAELLO,ÁVILA,700,40.811033,-4.509819
5117,MAMBLAS,ÁVILA,196,41.019192,-5.009849
5120,MARLÍN,ÁVILA,31,40.712762,-4.829378
5123,MEDIANA DE VOLTOYA,ÁVILA,117,40.70062,-4.5626
5125,MENGAMUÑOZ,ÁVILA,54,40.500807,-4.999097
5132,MOMBELTRÁN,ÁVILA,916,40.260166,-5.017888
5134,MORALEJA DE MATACABRAS,ÁVILA,53,41.107301,-4.957097
5145,NARRILLOS DEL REBOLLAR,ÁVILA,34,40.66492,-4.965875
5149,NARROS DE SALDUEÑA,ÁVILA,106,40.874873,-4.869506
5153,NAVA DEL BARCO,ÁVILA,83,40.293301,-5.541534
5151,NAVACEPEDILLA DE CORNEJA,ÁVILA,100,40.485839,-5.18435
5156,NAVAHONDILLA,ÁVILA,353,40.325282,-4.493649
5159,NAVALONGUILLA,ÁVILA,185,40.277609,-5.49816
5165,NAVARREDONDA DE GREDOS,ÁVILA,446,40.362113,-5.136119
5166,NAVARREDONDILLA,ÁVILA,158,40.453563,-4.821246
5170,NAVATEJARES,ÁVILA,50,40.335782,-5.530851
5173,OJOS-ALBOS,ÁVILA,96,40.706461,-4.516428
5178,PALACIOS DE GODA,ÁVILA,397,41.117852,-4.784989
5179,PAPATRIGO,ÁVILA,219,40.870151,-4.831484
5183,PEDRO-RODRÍGUEZ,ÁVILA,134,40.936524,-4.785315
5185,PEÑALBA DE ÁVILA,ÁVILA,105,40.771991,-4.747349
5187,PIEDRALAVES,ÁVILA,2150,40.317684,-4.6983
5189,POYALES DEL HOYO,ÁVILA,487,40.172433,-5.165447
5193,RASUEROS,ÁVILA,160,41.023092,-5.074918
5197,SALOBRAL,ÁVILA,102,40.611407,-4.810891
5198,SALVADIÓS,ÁVILA,71,40.876831,-5.096168
5199,SAN BARTOLOMÉ DE BÉJAR,ÁVILA,49,40.408286,-5.662693
5210,SAN JUAN DE LA ENCINILLA,ÁVILA,70,40.828819,-4.839691
5211,SAN JUAN DE LA NAVA,ÁVILA,426,40.478247,-4.683971
5219,SAN PASCUAL,ÁVILA,45,40.882395,-4.756622
5231,SAN VICENTE DE ARÉVALO,ÁVILA,165,40.967983,-4.800637
5221,SANTA CRUZ DEL VALLE,ÁVILA,304,40.250843,-5.003373
5233,SERRANILLOS,ÁVILA,252,40.337343,-4.911176
5234,SIGERES,ÁVILA,41,40.799321,-4.932627
5235,SINLABAJOS,ÁVILA,135,41.077176,-4.831955
5238,SOLOSANCHO,ÁVILA,758,40.554221,-4.906181
5245,TORNADIZOS DE ÁVILA,ÁVILA,465,40.626366,-4.614274
5251,VADILLO DE LA SIERRA,ÁVILA,51,40.606284,-5.126526
5253,VEGA DE SANTA MARÍA,ÁVILA,86,40.836272,-4.634191
5259,VILLANUEVA DEL ACERAL,ÁVILA,92,41.041601,-4.853025
5260,VILLANUEVA DEL CAMPILLO,ÁVILA,101,40.578337,-5.179902
5263,VILLATORO,ÁVILA,161,40.555342,-5.110942
5264,VIÑEGRA DE MORAÑA,ÁVILA,48,40.851549,-4.920169
9001,ABAJAS,BURGOS,28,42.623249,-3.581763
9003,ADRADA DE HAZA,BURGOS,205,41.594223,-3.823097
9006,AGUAS CÁNDIDAS,BURGOS,59,42.717274,-3.504476
9011,ALFOZ DE BRICIA,BURGOS,68,42.906017,-3.847067
9019,ARANDILLA,BURGOS,155,41.737684,-3.430006
9020,ARAUZO DE MIEL,BURGOS,274,41.85988,-3.38775
9026,ARLANZÓN,BURGOS,424,42.32029,-3.458652
9038,BARBADILLO DEL MERCADO,BURGOS,134,42.039213,-3.358933
9041,BARRIO DE MUÑÓ,BURGOS,32,42.174503,-4.008068
9047,BELBIMBRE,BURGOS,54,42.168607,-4.012817
9051,BERLANGAS DE ROA,BURGOS,203,41.689249,-3.872793
9052,BERZOSA DE BUREBA,BURGOS,26,42.627,-3.266343
9057,BUGEDO,BURGOS,189,42.649938,-3.017774
9059,BURGOS,BURGOS,175895,42.34113,-3.704198
9065,CAMPILLO DE ARANDA,BURGOS,171,41.610745,-3.731552
9067,CANICOSA DE LA SIERRA,BURGOS,424,41.937898,-3.04051
9068,CANTABRANA,BURGOS,23,42.73364,-3.467654
9071,CARCEDO DE BUREBA,BURGOS,37,42.576981,-3.498959
9073,CARDEÑADIJO,BURGOS,1430,42.301727,-3.666756
9074,CARDEÑAJIMENO,BURGOS,1169,42.330584,-3.619723
9077,CASCAJARES DE BUREBA,BURGOS,27,42.677838,-3.237474
9085,CASTRILLO DE LA VEGA,BURGOS,621,41.65074,-3.779261
9086,CASTRILLO DEL VAL,BURGOS,823,42.31343,-3.584971
9091,CASTROJERIZ,BURGOS,778,42.289864,-4.143335
9063,CAVIA,BURGOS,248,42.282547,-3.844237
9094,CEBRECOS,BURGOS,58,41.984871,-3.596263
9100,CERRATÓN DE JUARROS,BURGOS,45,42.422384,-3.373869
9102,CILLAPERLATA,BURGOS,30,42.780866,-3.357062
9105,CIRUELOS DE CERVERA,BURGOS,99,41.906957,-3.52891
9112,CORUÑA DEL CONDE,BURGOS,100,41.765435,-3.392005
9114,CUBILLO DEL CAMPO,BURGOS,101,42.170096,-3.610891
9123,ESPINOSA DEL CAMINO,BURGOS,42,42.407118,-3.278989
9127,FONTIOSO,BURGOS,54,41.943435,-3.738642
9133,FRESNO DE RODILLA,BURGOS,49,42.418823,-3.483545
9136,FUENTECÉN,BURGOS,237,41.628247,-3.87023
9140,FUENTENEBRO,BURGOS,136,41.528413,-3.753817
9155,HAZA,BURGOS,34,41.621037,-3.830592
9172,HUÉRMECES,BURGOS,153,42.522613,-3.771976
9175,HUMADA,BURGOS,116,42.668685,-4.083744
9176,HURONES,BURGOS,53,42.406304,-3.61354
9178,IBRILLOS,BURGOS,29,42.454031,-3.083395
9181,ISAR,BURGOS,284,42.361594,-3.929085
9184,JARAMILLO QUEMADO,BURGOS,10,42.084241,-3.360395
9191,JURISDICCIÓN DE LARA,BURGOS,41,42.123126,-3.444394
9192,JURISDICCIÓN DE SAN ZADORNIL,BURGOS,66,42.841597,-3.156766
9117,LA CUEVA DE ROA,BURGOS,89,41.666377,-3.941951
9166,LAS HORMAZAS,BURGOS,99,42.525501,-3.929074
9034,LOS BALBASES,BURGOS,302,42.214528,-4.06383
9197,MADRIGALEJO DEL MONTE,BURGOS,176,42.125296,-3.726002
9201,MAMOLAR,BURGOS,28,41.926617,-3.36192
9209,MEDINA DE POMAR,BURGOS,5997,42.928523,-3.487503
9215,MERINDAD DE SOTOSCUEVA,BURGOS,412,43.028253,-3.626808
9216,MERINDAD DE VALDEPORRES,BURGOS,421,43.010256,-3.743813
9221,MODÚBAR DE LA EMPAREDADA,BURGOS,769,42.257843,-3.659977
9224,MONASTERIO DE RODILLA,BURGOS,169,42.455805,-3.46752
9228,MORADILLO DE ROA,BURGOS,170,41.552478,-3.791749
9231,NEBREDA,BURGOS,55,41.968922,-3.634746
9232,NEILA,BURGOS,119,42.060263,-2.996471
9235,OLMEDILLO DE ROA,BURGOS,179,41.783569,-3.933638
9238,OÑA,BURGOS,951,42.734305,-3.411769
9243,PADILLA DE ARRIBA,BURGOS,92,42.437948,-4.193441
9244,PADRONES DE BUREBA,BURGOS,60,42.70499,-3.532461
9246,PALACIOS DE LA SIERRA,BURGOS,675,41.96382,-3.127111
9248,PALAZUELOS DE LA SIERRA,BURGOS,93,42.21313,-3.459561
9250,PAMPLIEGA,BURGOS,291,42.206199,-3.987979
9251,PANCORBO,BURGOS,437,42.635028,-3.109856
9255,PARTIDO DE LA SIERRA EN TOBALINA,BURGOS,81,42.73341,-3.254787
9258,PEDROSA DEL PRÍNCIPE,BURGOS,163,42.247876,-4.198337
9262,PERAL DE ARLANZA,BURGOS,170,42.075937,-4.076622
9265,PIÉRNIGAS,BURGOS,39,42.590209,-3.41326
9267,PINEDA TRASMONTE,BURGOS,98,41.90976,-3.69633
9269,PINILLA DE LOS MOROS,BURGOS,33,42.068124,-3.328876
9287,QUINTANAORTUÑO,BURGOS,284,42.44962,-3.681175
9288,QUINTANAPALLA,BURGOS,120,42.408823,-3.534863
9294,QUINTANILLA DE LA MATA,BURGOS,108,41.988344,-3.768689
9901,QUINTANILLA DEL AGUA Y TORDUELES,BURGOS,335,42.033419,-3.65247
9295,QUINTANILLA DEL COCO,BURGOS,50,41.978721,-3.515754
9298,QUINTANILLA SAN GARCÍA,BURGOS,68,42.548055,-3.194684
9301,QUINTANILLA VIVAR,BURGOS,885,42.412061,-3.684864
9306,REBOLLEDO DE LA TORRE,BURGOS,92,42.689305,-4.226927
9307,REDECILLA DEL CAMINO,BURGOS,93,42.438282,-3.065136
9310,REINOSO,BURGOS,18,42.508835,-3.384181
9314,REVILLA DEL CAMPO,BURGOS,94,42.211673,-3.536178
9316,REVILLA VALLEJERA,BURGOS,115,42.146759,-4.134099
9315,REVILLARRUZ,BURGOS,634,42.231556,-3.653293
9317,REZMONDO,BURGOS,17,42.515598,-4.238133
9326,RUBENA,BURGOS,217,42.388387,-3.574331
9328,RUCANDIO,BURGOS,72,42.750873,-3.542017
9329,SALAS DE BUREBA,BURGOS,129,42.69219,-3.473753
9332,SALDAÑA DE BURGOS,BURGOS,201,42.2575,-3.683263
9334,SALINILLAS DE BUREBA,BURGOS,48,42.552895,-3.388483
9335,SAN ADRIÁN DE JUARROS,BURGOS,86,42.273855,-3.47607
9339,SAN MARTÍN DE RUBIALES,BURGOS,139,41.642611,-3.993141
9347,SANTA GADEA DEL CID,BURGOS,161,42.715135,-3.058201
9352,SANTA MARÍA DEL MERCADILLO,BURGOS,108,41.860028,-3.559958
9354,SANTA OLALLA DE BUREBA,BURGOS,38,42.471741,-3.438989
9355,SANTIBÁÑEZ DE ESGUEVA,BURGOS,77,41.834394,-3.758538
9356,SANTIBÁÑEZ DEL VAL,BURGOS,70,41.973287,-3.48107
9358,SANTO DOMINGO DE SILOS,BURGOS,247,41.962906,-3.417637
9388,TORRELARA,BURGOS,32,42.166056,-3.516423
9394,TRESPADERNE,BURGOS,713,42.801694,-3.390812
9395,TUBILLA DEL AGUA,BURGOS,128,42.708913,-3.802365
9908,VALLE DE LOSA,BURGOS,496,42.992749,-3.244623
9410,VALLE DE MENA,BURGOS,4140,43.099086,-3.280765
9413,VALLE DE VALDEBEZANA,BURGOS,482,42.970758,-3.787362
9419,VALLUÉRCANES,BURGOS,63,42.572425,-3.121932
9432,VILLAFRUELA,BURGOS,143,41.91857,-3.912587
9433,VILLAGALIJO,BURGOS,52,42.34853,-3.192527
9434,VILLAGONZALO PEDERNALES,BURGOS,1882,42.30039,-3.738017
9441,VILLALDEMIRO,BURGOS,91,42.246294,-3.985877
9442,VILLALMANZO,BURGOS,410,42.047726,-3.743848
9445,VILLAMBISTIA,BURGOS,43,42.404908,-3.261358
9446,VILLAMEDIANILLA,BURGOS,9,42.161056,-4.145551
9447,VILLAMIEL DE LA SIERRA,BURGOS,43,42.19302,-3.419146
9448,VILLANGÓMEZ,BURGOS,232,42.180829,-3.772953
9451,VILLANUEVA DE GUMIEL,BURGOS,279,41.737686,-3.626503
9455,VILLAQUIRÁN DE LA PUEBLA,BURGOS,46,42.282949,-4.09985
9460,VILLASANDINO,BURGOS,178,42.371715,-4.107775
9464,VILLATUELDA,BURGOS,53,41.81582,-3.881429
9476,VILLORUEBO,BURGOS,63,42.167281,-3.438346
9425,VILVIESTRE DEL PINAR,BURGOS,504,41.951474,-3.084677
9480,ZAEL,BURGOS,115,42.10978,-3.823192
9485,ZUÑEDA,BURGOS,57,42.604988,-3.225447
24007,ARGANZA,LEÓN,805,42.640782,-6.683975
24016,BENUZA,LEÓN,442,42.401711,-6.707616
24017,BERCIANOS DEL PÁRAMO,LEÓN,522,42.380566,-5.704029
24019,BERLANGA DEL BIERZO,LEÓN,322,42.730454,-6.60429
24021,BOÑAR,LEÓN,1766,42.865954,-5.321774
24023,BRAZUELO,LEÓN,312,42.497704,-6.156993
24025,BURÓN,LEÓN,288,43.021598,-5.045978
24033,CAMPO DE VILLAVIDEL,LEÓN,205,42.438815,-5.52721
24037,CÁRMENES,LEÓN,333,42.959636,-5.572945
24039,CARRIZO,LEÓN,2222,42.584614,-5.831037
24043,CASTRILLO DE CABRERA,LEÓN,102,42.339982,-6.544534
24044,CASTRILLO DE LA VALDUERNA,LEÓN,143,42.323961,-6.133771
24047,CASTROCONTRIGO,LEÓN,669,42.18237,-6.191031
24049,CASTROPODAME,LEÓN,1574,42.579123,-6.468144
24052,CEBANICO,LEÓN,143,42.725275,-5.023997
24054,CIMANES DE LA VEGA,LEÓN,435,42.116628,-5.598426
24059,CORULLÓN,LEÓN,819,42.578058,-6.819351
24064,CUBILLOS DEL SIL,LEÓN,1719,42.624618,-6.564946
24024,EL BURGO RANERO,LEÓN,690,42.42265,-5.22087
24073,FRESNO DE LA VEGA,LEÓN,477,42.344061,-5.536156
24077,GORDALIZA DEL PINO,LEÓN,239,42.343529,-5.157627
24084,IZAGRE,LEÓN,137,42.223991,-5.257511
24005,LA ANTIGUA,LEÓN,328,42.179356,-5.689986
24134,LA ROBLA,LEÓN,3605,42.802148,-5.628162
24193,LA VECILLA,LEÓN,378,42.848677,-5.406181
24089,LEÓN,LEÓN,122243,42.599121,-5.567076
24092,LLAMAS DE LA RIBERA,LEÓN,791,42.635631,-5.825422
24093,MAGAZ DE CEPEDA,LEÓN,349,42.5396,-6.072041
24097,MATADEÓN DE LOS OTEROS,LEÓN,221,42.337725,-5.369366
24098,MATALLANA DE TORÍO,LEÓN,1228,42.866262,-5.520096
24099,MATANZA,LEÓN,172,42.239435,-5.375621
24105,ONZONILLA,LEÓN,1942,42.525428,-5.580492
24106,OSEJA DE SAJAMBRE,LEÓN,226,43.135642,-5.038465
24112,PERANZANES,LEÓN,271,42.87664,-6.632311
24113,POBLADURA DE PELAYO GARCÍA,LEÓN,354,42.305983,-5.685669
24127,REGUERAS DE ARRIBA,LEÓN,264,42.292346,-5.862175
24129,REYERO,LEÓN,128,42.947642,-5.197975
24132,RIELLO,LEÓN,582,42.773053,-5.944726
24133,RIOSECO DE TAPIA,LEÓN,399,42.729895,-5.789392
24141,SAN ADRIÁN DEL VALLE,LEÓN,84,42.130013,-5.727819
24145,SAN EMILIANO,LEÓN,596,42.972437,-6.001644
24148,SAN JUSTO DE LA VEGA,LEÓN,1775,42.452563,-6.015991
24151,SANTA COLOMBA DE CURUEÑO,LEÓN,507,42.751252,-5.412183
24152,SANTA COLOMBA DE SOMOZA,LEÓN,494,42.442617,-6.242525
24155,SANTA MARÍA DE LA ISLA,LEÓN,443,42.356232,-5.92833
24156,SANTA MARÍA DEL MONTE DE CEA,LEÓN,325,42.49171,-5.116839
24157,SANTA MARÍA DEL PÁRAMO,LEÓN,209,42.353555,-5.749249
24163,SARIEGOS,LEÓN,5444,42.647374,-5.631149
24164,SENA DE LUNA,LEÓN,390,42.92974,-5.953164
24171,TRABADELO,LEÓN,319,42.650123,-6.883079
24172,TRUCHAS,LEÓN,392,42.260939,-6.434608
24036,VALLE DE ANCARES,LEÓN,275,42.815549,-6.72821
24197,VEGA DE INFANZONES,LEÓN,839,42.480981,-5.534381
24194,VEGACERVERA,LEÓN,258,42.884395,-5.534916
24203,VILLABRAZ,LEÓN,95,42.246274,-5.444359
24205,VILLADANGOS DEL PÁRAMO,LEÓN,1235,42.516673,-5.766495
24211,VILLAMANDOS,LEÓN,277,42.179336,-5.593124
24219,VILLAOBISPO DE OTERO,LEÓN,518,42.499988,-6.058563
24221,VILLAQUEJIDA,LEÓN,803,42.146401,-5.596014
24227,VILLATURIEL,LEÓN,1838,42.518526,-5.485379
24228,VILLAZALA,LEÓN,596,42.361205,-5.856193
24229,VILLAZANZO DE VALDERADUEY,LEÓN,368,42.534941,-4.964871
34009,AMAYUELAS DE ARRIBA,PALENCIA,38,42.211614,-4.48935
34019,AUTILLO DE CAMPOS,PALENCIA,130,42.088253,-4.831322
34031,BELMONTE DE CAMPOS,PALENCIA,30,41.94158,-4.990162
34032,BERZOSILLA,PALENCIA,47,42.781671,-4.036848
34033,BOADA DE CAMPOS,PALENCIA,16,41.988383,-4.876984
34035,BOADILLA DE RIOSECO,PALENCIA,114,42.178273,-4.968525
34038,BUSTILLO DE LA VEGA,PALENCIA,269,42.45662,-4.738633
34042,CALZADA DE LOS MOLINOS,PALENCIA,305,42.327402,-4.650003
34047,CARRIÓN DE LOS CONDES,PALENCIA,1999,42.340728,-4.604464
34048,CASTIL DE VELA,PALENCIA,55,41.982808,-4.960472
34051,CASTRILLO DE ONIELO,PALENCIA,91,41.85775,-4.302176
34052,CASTRILLO DE VILLAVEGA,PALENCIA,168,42.454296,-4.479982
34057,CEVICO DE LA TORRE,PALENCIA,475,41.85242,-4.410293
34059,CISNEROS,PALENCIA,430,42.220544,-4.856928
34063,CORDOVILLA LA REAL,PALENCIA,129,42.080812,-4.258792
34066,CUBILLAS DE CERRATO,PALENCIA,64,41.799297,-4.467253
34069,DUEÑAS,PALENCIA,2587,41.877928,-4.545298
34070,ESPINOSA DE CERRATO,PALENCIA,124,41.968251,-3.951588
34074,FRÓMISTA,PALENCIA,748,42.267743,-4.402568
34077,FUENTES DE VALDEPERO,PALENCIA,484,42.071408,-4.500232
34079,GRIJOTA,PALENCIA,2789,42.053985,-4.581755
34082,HÉRMEDES DE CERRATO,PALENCIA,74,41.81977,-4.177704
34084,HERRERA DE VALDECAÑAS,PALENCIA,158,42.048296,-4.19941
34088,HUSILLOS,PALENCIA,393,42.090418,-4.52704
34089,ITERO DE LA VEGA,PALENCIA,144,42.286549,-4.25877
34091,LAGARTOS,PALENCIA,117,42.405844,-4.903725
34096,LOMAS,PALENCIA,41,42.276831,-4.548113
34099,MANQUILLOS,PALENCIA,58,42.203807,-4.567684
34103,MAZUECOS DE VALDEGINATE,PALENCIA,79,42.168526,-4.841833
34106,MENESES DE CAMPOS,PALENCIA,101,41.942,-4.919509
34108,MONZÓN DE CAMPOS,PALENCIA,583,42.115263,-4.493743
34112,NOGAL DE LAS HUERTAS,PALENCIA,46,42.393314,-4.641243
34116,OSORNILLO,PALENCIA,59,42.369498,-4.292124
34901,OSORNO LA MAYOR,PALENCIA,1190,42.40979,-4.361334
34124,PAYO DE OJEDA,PALENCIA,57,42.7207,-4.479884
34133,POBLACIÓN DE CERRATO,PALENCIA,98,41.792953,-4.428186
34137,POZO DE URAMA,PALENCIA,18,42.254333,-4.894954
34143,QUINTANILLA DE ONSOÑA,PALENCIA,180,42.470547,-4.663671
34146,REINOSO DE CERRATO,PALENCIA,57,41.975902,-4.382732
34149,REQUENA DE CAMPOS,PALENCIA,29,42.308246,-4.34348
34155,RIBAS DE CAMPOS,PALENCIA,153,42.153378,-4.516341
34160,SAN CEBRIÁN DE MUDÁ,PALENCIA,150,42.891803,-4.386345
34165,SAN ROMÁN DE LA CUBA,PALENCIA,53,42.262953,-4.857481
34168,SANTA CRUZ DE BOEDO,PALENCIA,52,42.524313,-4.373618
34169,SANTERVÁS DE LA VEGA,PALENCIA,400,42.504805,-4.798401
34170,SANTIBÁÑEZ DE ECLA,PALENCIA,42,42.707615,-4.374304
34176,SOTOBAÑADO Y PRIORATO,PALENCIA,158,42.591444,-4.4416
34179,TABANERA DE VALDAVIA,PALENCIA,22,42.647291,-4.693648
34180,TÁMARA DE CAMPOS,PALENCIA,74,42.203255,-4.3934
34181,TARIEGO DE CERRATO,PALENCIA,500,41.904936,-4.479144
34182,TORQUEMADA,PALENCIA,966,42.034436,-4.31758
34189,VALDEOLMILLOS,PALENCIA,60,42.041304,-4.400075
34023,VENTA DE BAÑOS,PALENCIA,6331,41.92284,-4.497346
34201,VERTAVILLO,PALENCIA,167,41.832573,-4.326836
34204,VILLACIDALER,PALENCIA,46,42.222044,-4.975713
34215,VILLALCÁZAR DE SIRGA,PALENCIA,174,42.316965,-4.542471
34218,VILLALUENGA DE LA VEGA,PALENCIA,519,42.5233,-4.767277
34220,VILLAMARTÍN DE CAMPOS,PALENCIA,169,42.01499,-4.663771
34223,VILLAMORONTA,PALENCIA,239,42.403531,-4.700262
34225,VILLAMURIEL DE CERRATO,PALENCIA,6508,41.947956,-4.515428
34230,VILLARMENTERO DE CAMPOS,PALENCIA,28,42.296943,-4.499839
34236,VILLATURDE,PALENCIA,147,42.376698,-4.671189
34237,VILLAUMBRALES,PALENCIA,623,42.08907,-4.613085
34242,VILLODRIGO,PALENCIA,96,42.144633,-4.094317
34243,VILLOLDO,PALENCIA,339,42.244029,-4.598242
34245,VILLOTA DEL PÁRAMO,PALENCIA,299,42.551763,-4.84797
37001,ABUSEJO,SALAMANCA,143,40.709744,-6.142289
37003,AHIGAL DE LOS ACEITEROS,SALAMANCA,88,40.872295,-6.746893
37008,ALBA DE TORMES,SALAMANCA,5122,40.827436,-5.512112
37018,ALDEANUEVA DE LA SIERRA,SALAMANCA,98,40.614848,-6.099752
37023,ALDEATEJADA,SALAMANCA,2587,40.92258,-5.69272
37026,ALDEHUELA DE YELTES,SALAMANCA,181,40.661814,-6.242377
37027,ALMENARA DE TORMES,SALAMANCA,305,41.06319,-5.822709
37031,ARABAYONA DE MÓGICA,SALAMANCA,325,41.047344,-5.385985
37039,BAÑOBÁREZ,SALAMANCA,280,40.850093,-6.612832
37042,BARCEO,SALAMANCA,48,41.060556,-6.452808
37047,BELEÑA,SALAMANCA,251,40.750987,-5.627483
37052,BOADA,SALAMANCA,268,40.815245,-6.30529
37055,BOGAJO,SALAMANCA,129,40.906874,-6.530994
37060,BUENAVISTA,SALAMANCA,365,40.767502,-5.611809
37070,CALVARRASA DE ARRIBA,SALAMANCA,615,40.905975,-5.592418
37074,CAMPILLO DE AZABA,SALAMANCA,142,40.511101,-6.688504
37078,CANDELARIO,SALAMANCA,843,40.365275,-5.741664
37079,CANILLAS DE ABAJO,SALAMANCA,70,40.921633,-5.929728
37080,CANTAGALLO,SALAMANCA,279,40.371632,-5.818542
37083,CANTARACILLO,SALAMANCA,190,40.903316,-5.163308
37087,CARRASCAL DE BARREGAS,SALAMANCA,1439,40.978695,-5.761913
37088,CARRASCAL DEL OBISPO,SALAMANCA,187,40.763456,-5.999737
37089,CASAFRANCA,SALAMANCA,68,40.591801,-5.760969
37185,CASTELLANOS DE VILLIQUERA,SALAMANCA,703,41.051328,-5.694527
37096,CASTILLEJO DE MARTÍN VIEJO,SALAMANCA,205,40.70121,-6.645077
37097,CASTRAZ,SALAMANCA,34,40.705472,-6.334477
37103,CESPEDOSA DE TORMES,SALAMANCA,496,40.542947,-5.580235
37104,CILLEROS DE LA BASTIDA,SALAMANCA,23,40.576171,-6.060697
37107,CIUDAD RODRIGO,SALAMANCA,11846,40.597312,-6.534158
37110,CORDOVILLA,SALAMANCA,108,40.951262,-5.405973
37034,EL ARCO,SALAMANCA,89,41.109875,-5.824781
37102,EL CERRO,SALAMANCA,365,40.327831,-5.915049
37180,EL MANZANO,SALAMANCA,57,41.174874,-6.287236
37124,ENDRINAL,SALAMANCA,204,40.590046,-5.804259
37130,FORFOLEDA,SALAMANCA,204,41.097063,-5.7487
37138,FUENTERROBLE DE SALVATIERRA,SALAMANCA,252,40.56263,-5.733196
37140,FUENTES DE OÑORO,SALAMANCA,1009,40.589462,-6.81175
37151,GOLPEJAS,SALAMANCA,144,40.999563,-5.90825
37152,GOMECELLO,SALAMANCA,412,41.042574,-5.535449
37155,GUIJO DE ÁVILA,SALAMANCA,78,40.530696,-5.639617
37165,IRUELOS,SALAMANCA,31,41.140773,-6.327167
37166,ITUERO DE AZABA,SALAMANCA,199,40.485746,-6.692268
37005,LA ALAMEDA DE GARDÓN,SALAMANCA,74,40.650296,-6.758225
37010,LA ALBERCA,SALAMANCA,1045,40.488659,-6.10994
37056,LA BOUZA,SALAMANCA,49,40.835423,-6.794849
37119,LA ENCINA,SALAMANCA,108,40.499122,-6.53108
37132,LA FREGENEDA,SALAMANCA,308,40.988114,-6.866298
37186,LA MATA DE LEDESMA,SALAMANCA,101,41.000382,-5.970747
37224,LA ORBADA,SALAMANCA,182,41.102156,-5.482918
37309,LA SIERPE,SALAMANCA,42,40.645767,-5.856269
37315,LA TALA,SALAMANCA,76,40.588985,-5.53713
37349,LA VÍDOLA,SALAMANCA,107,41.153011,-6.487105
37173,LUMBRALES,SALAMANCA,1510,40.935006,-6.719245
37182,MARTINAMOR,SALAMANCA,82,40.806262,-5.598974
37189,MEMBRIBE DE LA SIERRA,SALAMANCA,105,40.690941,-5.806229
37190,MIEZA,SALAMANCA,176,41.162497,-6.687975
37200,MONTEJO,SALAMANCA,198,40.6314,-5.622998
37203,MONTERRUBIO DE LA SIERRA,SALAMANCA,148,40.756355,-5.693102
37207,MORISCOS,SALAMANCA,566,41.007425,-5.582243
37209,MOZÁRBEZ,SALAMANCA,510,40.856839,-5.65112
37211,NARROS DE MATALAYEGUA,SALAMANCA,198,40.69975,-5.926175
37213,NAVA DE BÉJAR,SALAMANCA,74,40.474209,-5.680725
37226,PALACIOS DEL ARZOBISPO,SALAMANCA,151,41.165614,-5.890152
37229,PALENCIA DE NEGRILLA,SALAMANCA,138,41.094281,-5.600537
37231,PARADA DE RUBIALES,SALAMANCA,241,41.147576,-5.436624
37232,PARADINAS DE SAN JUAN,SALAMANCA,384,40.983857,-5.153446
37236,PEDROSILLO DE ALBA,SALAMANCA,124,40.822789,-5.396519
37237,PEDROSILLO DE LOS AIRES,SALAMANCA,314,40.714584,-5.705231
37241,PELARRODRÍGUEZ,SALAMANCA,159,40.886645,-6.212697
37246,PEÑARANDA DE BRACAMONTE,SALAMANCA,6063,40.901737,-5.200546
37247,PEÑARANDILLA,SALAMANCA,181,40.883392,-5.393448
37250,PEREÑA DE LA RIBERA,SALAMANCA,314,41.237933,-6.524407
37259,PUEBLA DE SAN MEDEL,SALAMANCA,33,40.511209,-5.737277
37260,PUEBLA DE YELTES,SALAMANCA,142,40.626242,-6.182117
37262,PUERTAS,SALAMANCA,65,41.096762,-6.286369
37269,ROBLEDA,SALAMANCA,457,40.384881,-6.605611
37272,SAELICES EL CHICO,SALAMANCA,173,40.670549,-6.63296
37276,SALMORAL,SALAMANCA,112,40.80153,-5.219267
37278,SAN CRISTÓBAL DE LA CUESTA,SALAMANCA,1143,41.029414,-5.618797
37287,SAN MIGUEL DE VALERO,SALAMANCA,303,40.543476,-5.921316
37288,SAN MORALES,SALAMANCA,366,40.993005,-5.50264
37291,SAN PEDRO DE ROZADOS,SALAMANCA,145,40.790567,-5.738097
37292,SAN PELAYO DE GUAREÑA,SALAMANCA,92,41.115797,-5.857774
37294,SANTA MARTA DE TORMES,SALAMANCA,14726,40.949683,-5.631074
37297,SANTIBÁÑEZ DE BÉJAR,SALAMANCA,444,40.487463,-5.611754
37299,SANTIZ,SALAMANCA,229,41.204207,-5.894784
37304,SEPULCRO-HILARIO,SALAMANCA,157,40.70014,-6.187375
37310,SIETEIGLESIAS DE TORMES,SALAMANCA,164,40.742043,-5.577581
37312,SORIHUELA,SALAMANCA,256,40.442952,-5.678822
37316,TAMAMES,SALAMANCA,785,40.657801,-6.105101
37317,TARAZONA DE GUAREÑA,SALAMANCA,269,41.171954,-5.251454
37318,TARDÁGUILA,SALAMANCA,197,41.114043,-5.574033
37323,TOPAS,SALAMANCA,511,41.156972,-5.634428
37324,TORDILLOS,SALAMANCA,316,40.853505,-5.352762
37327,TORRESMENUDAS,SALAMANCA,184,41.102037,-5.784557
37328,TRABANCA,SALAMANCA,160,41.233027,-6.384016
37331,VALDEFUENTES DE SANGUSÍN,SALAMANCA,189,40.466036,-5.83151
37338,VALDUNCIEL,SALAMANCA,110,41.085897,-5.672072
37343,VALLEJERA DE RIOFRÍO,SALAMANCA,72,40.408336,-5.720104
37340,VALSALABROSO,SALAMANCA,119,41.108839,-6.501886
37341,VALVERDE DE VALDELACASA,SALAMANCA,57,40.480578,-5.781647
37344,VECINOS,SALAMANCA,219,40.778246,-5.878577
37348,VENTOSA DEL RÍO ALMAR,SALAMANCA,99,40.92622,-5.347978
37353,VILLALBA DE LOS LLANOS,SALAMANCA,110,40.800549,-5.974266
37356,VILLAR DE ARGAÑÁN,SALAMANCA,98,40.673669,-6.718957
37362,VILLARES DE LA REINA,SALAMANCA,6723,41.009096,-5.649061
37364,VILLARINO DE LOS AIRES,SALAMANCA,739,41.269717,-6.467725
37370,VILLASECO DE LOS REYES,SALAMANCA,298,41.161946,-6.185913
37372,VILLAVERDE DE GUAREÑA,SALAMANCA,138,41.063768,-5.525576
37373,VILLAVIEJA DE YELTES,SALAMANCA,688,40.875554,-6.467806
37350,VILVESTRE,SALAMANCA,395,41.104559,-6.725837
37378,ZAMARRA,SALAMANCA,71,40.519238,-6.452052
37379,ZAMAYÓN,SALAMANCA,192,41.147757,-5.829529
37380,ZARAPICOS,SALAMANCA,49,41.038635,-5.844796
37382,ZORITA DE LA FRONTERA,SALAMANCA,152,41.014215,-5.196686
40001,ABADES,SEGOVIA,859,40.91634,-4.267874
40006,ALDEALCORVO,SEGOVIA,18,41.244002,-3.791299
40008,ALDEALENGUA DE SANTA MARÍA,SEGOVIA,59,41.462154,-3.467742
40010,ALDEANUEVA DEL CODONAL,SEGOVIA,108,41.083402,-4.543344
40016,ALDEONTE,SEGOVIA,55,41.351021,-3.678549
40018,AÑE,SEGOVIA,66,41.037447,-4.295129
40019,ARAHUETES,SEGOVIA,31,41.137805,-3.85695
40020,ARCONES,SEGOVIA,180,41.118501,-3.724301
40025,BARBOLLA,SEGOVIA,150,41.32563,-3.672204
40041,CANTIMPALOS,SEGOVIA,1427,41.074673,-4.15916
40043,CARBONERO EL MAYOR,SEGOVIA,2502,41.122317,-4.266111
40045,CASLA,SEGOVIA,155,41.166962,-3.655505
40047,CASTRO DE FUENTIDUEÑA,SEGOVIA,48,41.42051,-3.856453
40052,CEDILLO DE LA TORRE,SEGOVIA,81,41.424592,-3.605916
40053,CEREZO DE ABAJO,SEGOVIA,145,41.217531,-3.592566
40065,CHAÑE,SEGOVIA,741,41.339416,-4.428739
40056,COBOS DE FUENTIDUEÑA,SEGOVIA,28,41.382143,-3.928964
40059,COLLADO HERMOSO,SEGOVIA,118,41.038573,-3.917706
40068,DOMINGO GARCÍA,SEGOVIA,32,41.115018,-4.377907
40076,EL ESPINAR,SEGOVIA,10145,40.718093,-4.24753
40074,ESCARABAJOSA DE CABEZAS,SEGOVIA,276,41.104056,-4.194629
40078,FRESNEDA DE CUÉLLAR,SEGOVIA,170,41.318275,-4.450392
40079,FRESNO DE CANTESPINO,SEGOVIA,288,41.368291,-3.499332
40080,FRESNO DE LA FUENTE,SEGOVIA,77,41.393334,-3.644741
40084,FUENTE EL OLMO DE ÍSCAR,SEGOVIA,45,41.279798,-4.494531
40094,GARCILLÁN,SEGOVIA,515,40.977087,-4.264079
40097,GRAJERA,SEGOVIA,256,41.371083,-3.613731
40101,HONTANARES DE ERESMA,SEGOVIA,1662,40.981807,-4.203476
40112,LA LASTRILLA,SEGOVIA,4697,40.968941,-4.103757
40108,LAGUNA DE CONTRERAS,SEGOVIA,115,41.494512,-4.028542
40111,LASTRAS DEL POZO,SEGOVIA,64,40.879079,-4.344592
40103,LOS HUERTOS,SEGOVIA,170,41.010347,-4.218681
40115,MADERUELO,SEGOVIA,101,41.487233,-3.521901
40903,MARAZOLEJA,SEGOVIA,96,40.961864,-4.337512
40120,MARTÍN MUÑOZ DE LA DEHESA,SEGOVIA,307,41.066221,-4.686916
40121,MARTÍN MUÑOZ DE LAS POSADAS,SEGOVIA,249,40.996122,-4.595913
40122,MARUGÁN,SEGOVIA,763,40.896824,-4.384281
40123,MATABUENA,SEGOVIA,263,41.095702,-3.756594
40126,MELQUE DE CERCOS,SEGOVIA,65,41.051171,-4.469019
40129,MONTEJO DE ARÉVALO,SEGOVIA,161,41.140399,-4.6652
40130,MONTEJO DE LA VEGA DE LA SERREZUELA,SEGOVIA,124,41.549114,-3.652677
40141,NAVALMANZANO,SEGOVIA,1044,41.214727,-4.256285
40142,NAVARES DE AYUSO,SEGOVIA,53,41.37275,-3.706673
40144,NAVARES DE LAS CUEVAS,SEGOVIA,25,41.413975,-3.75114
40149,OLOMBRADA,SEGOVIA,503,41.415235,-4.161221
40150,OREJANA,SEGOVIA,62,41.164679,-3.780464
40901,ORTIGOSA DEL MONTE,SEGOVIA,587,40.843618,-4.17598
40154,PAJAREJOS,SEGOVIA,24,41.390336,-3.590395
40160,PINARNEGRILLO,SEGOVIA,96,41.190429,-4.206977
40164,RAPARIEGOS,SEGOVIA,194,41.094448,-4.654168
40168,RIAGUAS DE SAN BARTOLOMÉ,SEGOVIA,27,41.426673,-3.489892
40170,RIAZA,SEGOVIA,2144,41.279741,-3.477249
40172,RIOFRÍO DE RIAZA,SEGOVIA,27,41.247955,-3.449472
40173,RODA DE ERESMA,SEGOVIA,253,41.027843,-4.181177
40176,SAMBOAL,SEGOVIA,461,41.259287,-4.419207
40184,SAN PEDRO DE GAÍLLOS,SEGOVIA,311,41.227045,-3.810054
40180,SANGARCÍA,SEGOVIA,279,40.94739,-4.414372
40188,SANTIUSTE DE PEDRAZA,SEGOVIA,85,41.090249,-3.885872
40189,SANTIUSTE DE SAN JUAN BAUTISTA,SEGOVIA,535,41.157174,-4.572056
40190,SANTO DOMINGO DE PIRÓN,SEGOVIA,51,41.040761,-3.989693
40191,SANTO TOMÉ DEL PUERTO,SEGOVIA,234,41.194376,-3.577427
40203,TORRECABALLEROS,SEGOVIA,1496,40.993056,-4.02467
40205,TORREIGLESIAS,SEGOVIA,256,41.102316,-4.03151
40208,TURÉGANO,SEGOVIA,1017,41.156184,-4.00692
40210,URUEÑAS,SEGOVIA,98,41.357487,-3.773242
40212,VALDEVACAS DE MONTEJO,SEGOVIA,29,41.522097,-3.635853
40213,VALDEVACAS Y GUIJAR,SEGOVIA,80,41.145596,-3.911057
40220,VALLERUELA DE PEDRAZA,SEGOVIA,65,41.179416,-3.806666
40215,VALTIENDAS,SEGOVIA,77,41.478474,-3.917103
40224,VENTOSILLA Y TEJADILLA,SEGOVIA,17,41.18148,-3.694411
40229,VILLAVERDE DE MONTEJO,SEGOVIA,21,41.521959,-3.653998
40230,VILLEGUILLO,SEGOVIA,120,41.252396,-4.578348
40231,YANGUAS DE ERESMA,SEGOVIA,117,41.071735,-4.238239
40233,ZARZUELA DEL MONTE,SEGOVIA,498,40.808102,-4.337811
42004,ÁGREDA,SORIA,3094,41.85517,-1.919656
42007,ALCUBILLA DE AVELLANEDA,SORIA,107,41.72597,-3.304091
42011,ALDEALPOZO,SORIA,18,41.781557,-2.206628
42017,ALMAJANO,SORIA,182,41.849992,-2.33881
42018,ALMALUEZ,SORIA,124,41.289722,-2.269073
42023,ALPANSEQUE,SORIA,51,41.263992,-2.670754
42025,ARCOS DE JALÓN,SORIA,1545,41.213421,-2.272513
42027,ARÉVALO DE LA SIERRA,SORIA,70,41.946218,-2.400539
42030,BARCA,SORIA,107,41.456047,-2.621555
42034,BERATÓN,SORIA,41,41.717639,-1.81145
42035,BERLANGA DE DUERO,SORIA,831,41.464781,-2.860727
42037,BLIECOS,SORIA,26,41.528401,-2.27158
42049,CANDILICHERA,SORIA,104,41.704083,-2.299948
42052,CARACENA,SORIA,14,41.383482,-3.090087
42054,CARRASCOSA DE LA SIERRA,SORIA,19,41.894422,-2.281815
42057,CASTILRUIZ,SORIA,158,41.877087,-2.059202
42059,CENTENERA DE ANDALUZ,SORIA,21,41.50701,-2.718486
42063,CIHUELA,SORIA,39,41.406065,-1.998879
42068,COSCURITA,SORIA,68,41.434917,-2.475496
42069,COVALEDA,SORIA,1574,41.935538,-2.881622
42071,CUBO DE LA SOLANA,SORIA,163,41.602535,-2.422862
42075,DÉVANOS,SORIA,72,41.904517,-1.946771
42079,ESCOBOSA DE ALMAZÁN,SORIA,20,41.486843,-2.370884
42080,ESPEJA DE SAN MARCELINO,SORIA,151,41.802153,-3.22091
42085,FUENTEARMEGIL,SORIA,150,41.715032,-3.182361
42090,FUENTEPINILLA,SORIA,78,41.568046,-2.763271
42092,FUENTES DE MAGAÑA,SORIA,51,41.934643,-2.179256
42095,GOLMAYO,SORIA,3059,41.765435,-2.524146
42096,GÓMARA,SORIA,288,41.623744,-2.224964
42098,HERRERA DE SORIA,SORIA,11,41.763005,-3.012166
42100,HINOJOSA DEL CAMPO,SORIA,25,41.738475,-2.101202
42103,LANGA DE DUERO,SORIA,716,41.610246,-3.401614
42111,MATAMALA DE ALMAZÁN,SORIA,254,41.504944,-2.639855
42121,MONTENEGRO DE CAMEROS,SORIA,45,42.089736,-2.753835
42127,NAFRÍA DE UCERO,SORIA,36,41.721902,-3.094882
42129,NAVALENO,SORIA,732,41.837927,-3.004147
42130,NEPAS,SORIA,50,41.526207,-2.398155
42131,NOLAY,SORIA,48,41.527162,-2.351879
42134,ÓLVEGA,SORIA,3838,41.780458,-1.982666
42142,POZALMURO,SORIA,46,41.772888,-2.105486
42144,QUINTANA REDONDA,SORIA,512,41.640181,-2.615064
42151,REBOLLAR,SORIA,36,41.913671,-2.505113
42152,RECUERDA,SORIA,62,41.475719,-2.994772
42162,SAN ESTEBAN DE GORMAZ,SORIA,2935,41.575287,-3.208325
42167,SANTA MARÍA DE HUERTA,SORIA,242,41.2613,-2.176743
42173,SORIA,SORIA,40750,41.763279,-2.466248
42174,SOTILLO DEL RINCÓN,SORIA,175,41.932333,-2.60238
42182,TARODA,SORIA,46,41.347626,-2.432282
42187,TORRUBIA DE SORIA,SORIA,56,41.630205,-2.090283
42194,VALDEMALUQUE,SORIA,137,41.674636,-3.046881
42195,VALDENEBRO,SORIA,94,41.572391,-2.965497
42205,VILLACIERVOS,SORIA,86,41.764907,-2.627552
42206,VILLANUEVA DE GORMAZ,SORIA,8,41.46782,-3.062373
42207,VILLAR DEL ALA,SORIA,50,41.915081,-2.56636
42212,VILLASAYAS,SORIA,60,41.353106,-2.610282
42216,VIZMANOS,SORIA,30,42.024339,-2.408754
42217,VOZMEDIANO,SORIA,33,41.837776,-1.856273
47004,ALAEJOS,VALLADOLID,1407,41.307568,-5.216757
47006,ALDEA DE SAN MIGUEL,VALLADOLID,218,41.461157,-4.618505
47012,BAHABÓN,VALLADOLID,93,41.48134,-4.282392
47014,BARRUELO DEL VALLE,VALLADOLID,52,41.672471,-5.068676
47015,BECILLA DE VALDERADUEY,VALLADOLID,200,42.098502,-5.218428
47016,BENAFARCES,VALLADOLID,70,41.620989,-5.293992
47018,BERCERUELO,VALLADOLID,36,41.580409,-5.033611
47022,BOCOS DE DUERO,VALLADOLID,81,41.623549,-4.068953
47023,BOECILLO,VALLADOLID,4357,41.540459,-4.699397
47028,CABEZÓN DE VALDERADUEY,VALLADOLID,33,42.167219,-5.159357
47030,CAMPASPERO,VALLADOLID,1004,41.491478,-4.195033
47033,CANALEJAS DE PEÑAFIEL,VALLADOLID,252,41.527118,-4.116448
47034,CANILLAS DE ESGUEVA,VALLADOLID,73,41.756101,-4.12465
47036,CASASOLA DE ARIÓN,VALLADOLID,215,41.579055,-5.240581
47037,CASTREJÓN DE TRABANCOS,VALLADOLID,176,41.251815,-5.170484
47038,CASTRILLO DE DUERO,VALLADOLID,121,41.575542,-4.015179
47039,CASTRILLO-TEJERIEGO,VALLADOLID,152,41.703585,-4.370754
47048,CEINOS DE CAMPOS,VALLADOLID,172,42.031639,-5.151001
47050,CIGALES,VALLADOLID,5364,41.758128,-4.699857
47053,COGECES DE ÍSCAR,VALLADOLID,144,41.406704,-4.546162
47056,CORRALES DE DUERO,VALLADOLID,105,41.670637,-4.04931
47031,EL CAMPILLO,VALLADOLID,198,41.25718,-5.013082
47061,ESGUEVILLAS DE ESGUEVA,VALLADOLID,258,41.751634,-4.379978
47066,FUENSALDAÑA,VALLADOLID,2137,41.707279,-4.765417
47075,ÍSCAR,VALLADOLID,6396,41.364199,-4.530714
47079,LLANO DE OLMEDO,VALLADOLID,161,41.268111,-4.612954
47078,LOMOVIEJO,VALLADOLID,51,41.1499,-4.917847
47082,MATAPOZUELOS,VALLADOLID,1015,41.411466,-4.790444
47086,MEDINA DE RIOSECO,VALLADOLID,4537,41.883071,-5.043182
47085,MEDINA DEL CAMPO,VALLADOLID,20097,41.307578,-4.915187
47087,MEGECES,VALLADOLID,422,41.407829,-4.564194
47088,MELGAR DE ABAJO,VALLADOLID,114,42.244874,-5.141655
47093,MONTEMAYOR DE PILILLA,VALLADOLID,860,41.507564,-4.458115
47095,MORALEJA DE LAS PANADERAS,VALLADOLID,38,41.276581,-4.825629
47113,PEDROSA DEL REY,VALLADOLID,148,41.555517,-5.204443
47116,PESQUERA DE DUERO,VALLADOLID,423,41.641261,-4.155937
47117,PIÑA DE ESGUEVA,VALLADOLID,310,41.729762,-4.428181
47118,PIÑEL DE ABAJO,VALLADOLID,163,41.67531,-4.14655
47121,POLLOS,VALLADOLID,562,41.443478,-5.125271
47122,PORTILLO,VALLADOLID,2368,41.479073,-4.588062
47128,QUINTANILLA DEL MOLAR,VALLADOLID,47,41.989635,-5.44962
47132,RAMIRO,VALLADOLID,46,41.229212,-4.786011
47134,ROALES DE CAMPOS,VALLADOLID,165,42.030363,-5.475452
47135,ROBLADILLO,VALLADOLID,87,41.607928,-4.910004
47141,SALVADOR DE ZAPARDIEL,VALLADOLID,103,41.116022,-4.875781
47143,SAN LLORENTE,VALLADOLID,94,41.686177,-4.064678
47146,SAN MIGUEL DEL PINO,VALLADOLID,367,41.507925,-4.910046
47150,SAN ROMÁN DE HORNIJA,VALLADOLID,301,41.480299,-5.2844
47153,SANTERVÁS DE CAMPOS,VALLADOLID,108,42.21716,-5.100967
47155,SANTOVENIA DE PISUERGA,VALLADOLID,4703,41.696355,-4.691031
47160,SIETE IGLESIAS DE TRABANCOS,VALLADOLID,419,41.351575,-5.185259
47161,SIMANCAS,VALLADOLID,5538,41.590468,-4.827798
47164,TORDEHUMOS,VALLADOLID,375,41.813274,-5.160723
47169,TORRE DE ESGUEVA,VALLADOLID,62,41.767453,-4.200039
47167,TORRECILLA DE LA ORDEN,VALLADOLID,227,41.219535,-5.222893
47175,TUDELA DE DUERO,VALLADOLID,8786,41.584008,-4.58001
47177,URONES DE CASTROPONCE,VALLADOLID,100,42.098766,-5.282976
47179,VALBUENA DE DUERO,VALLADOLID,399,41.642469,-4.292685
47182,VALDESTILLAS,VALLADOLID,1612,41.475807,-4.771542
47184,VALORIA LA BUENA,VALLADOLID,745,41.800538,-4.530895
47185,VALVERDE DE CAMPOS,VALLADOLID,91,41.834445,-5.038214
47187,VEGA DE RUIPONCE,VALLADOLID,81,42.189383,-5.112883
47190,VELILLA,VALLADOLID,113,41.557855,-5.005444
47204,VILLAFRANCA DE DUERO,VALLADOLID,241,41.433041,-5.299808
47205,VILLAFRECHÓS,VALLADOLID,468,41.893601,-5.218732
47207,VILLAGARCÍA DE CAMPOS,VALLADOLID,288,41.780862,-5.192977
47208,VILLAGÓMEZ LA NUEVA,VALLADOLID,51,42.155308,-5.143798
47211,VILLALBA DE LA LOMA,VALLADOLID,58,42.174231,-5.19036
47215,VILLAMURIEL DE CAMPOS,VALLADOLID,51,41.947288,-5.207902
47219,VILLANUEVA DE LA CONDESA,VALLADOLID,59,42.149559,-5.094746
47220,VILLANUEVA DE LOS CABALLEROS,VALLADOLID,157,41.757954,-5.246853
47222,VILLANUEVA DE SAN MANCIO,VALLADOLID,102,41.929006,-5.01294
47228,VILLAVERDE DE MEDINA,VALLADOLID,529,41.305828,-5.02429
47229,VILLAVICENCIO DE LOS CABALLEROS,VALLADOLID,221,42.055911,-5.237536
47230,WAMBA,VALLADOLID,295,41.676224,-4.917681
47231,ZARATÁN,VALLADOLID,6383,41.661516,-4.782892
49003,ALCAÑICES,ZAMORA,1061,41.698389,-6.349441
49006,ALGODRE,ZAMORA,135,41.565075,-5.603893
49014,ARQUILLINOS,ZAMORA,113,41.710013,-5.657693
49021,BENAVENTE,ZAMORA,17246,42.001729,-5.680069
49023,BERMILLO DE SAYAGO,ZAMORA,1026,41.365772,-6.112893
49025,BRETÓ,ZAMORA,166,41.879666,-5.738828
49032,CALZADILLA DE TERA,ZAMORA,287,41.978755,-6.082691
49035,CAÑIZO,ZAMORA,201,41.768899,-5.501928
49036,CARBAJALES DE ALBA,ZAMORA,466,41.653445,-5.9982
49037,CARBELLINO,ZAMORA,182,41.231962,-6.146234
49040,CASTRILLO DE LA GUAREÑA,ZAMORA,118,41.230412,-5.325581
49041,CASTROGONZALO,ZAMORA,430,41.989997,-5.602921
49044,CAZURRA,ZAMORA,74,41.415698,-5.703679
49050,COBREROS,ZAMORA,545,42.07568,-6.701618
49052,COOMONTE,ZAMORA,179,42.115615,-5.813078
49053,CORESES,ZAMORA,1037,41.548549,-5.621692
49056,CUBILLOS,ZAMORA,295,41.574076,-5.739663
49061,ENTRALA,ZAMORA,127,41.429612,-5.756791
49063,FARAMONTANOS DE TÁBARA,ZAMORA,340,41.834747,-5.888643
49066,FERRERAS DE ABAJO,ZAMORA,451,41.896725,-6.079679
49075,FRESNO DE LA POLVOROSA,ZAMORA,114,42.08291,-5.76932
49076,FRESNO DE LA RIBERA,ZAMORA,342,41.529276,-5.565781
49080,FUENTELAPEÑA,ZAMORA,599,41.253567,-5.382496
49082,FUENTES DE ROPEL,ZAMORA,361,42.003416,-5.54672
49084,FUENTESPREADAS,ZAMORA,290,41.326135,-5.627685
49087,GALLEGOS DEL RÍO,ZAMORA,467,41.735192,-6.174306
49088,GAMONES,ZAMORA,92,41.467828,-6.179007
49092,GRANUCILLO,ZAMORA,104,42.050505,-5.928251
49096,JAMBRINA,ZAMORA,149,41.393734,-5.664614
49095,LA HINIESTA,ZAMORA,307,41.552479,-5.798698
49220,LA TORRE DEL VALLE,ZAMORA,125,42.090292,-5.724301
49098,LOSACINO,ZAMORA,187,41.680865,-6.079613
49099,LOSACIO,ZAMORA,89,41.711005,-6.039793
49103,MADRIDANOS,ZAMORA,453,41.478865,-5.604748
49108,MANGANESES DE LA LAMPREANA,ZAMORA,439,41.752006,-5.71054
49110,MANZANAL DE ARRIBA,ZAMORA,350,41.992066,-6.440134
49113,MATILLA DE ARZÓN,ZAMORA,157,42.106173,-5.64214
49115,MAYALDE,ZAMORA,152,41.250974,-5.797714
49119,MOLACILLOS,ZAMORA,233,41.582699,-5.66014
49122,MONFARRACINOS,ZAMORA,995,41.553871,-5.706796
49125,MORALEJA DEL VINO,ZAMORA,1806,41.462369,-5.656529
49129,MORALES DE TORO,ZAMORA,919,41.53653,-5.30865
49131,MORALINA,ZAMORA,219,41.490188,-6.13612
49133,MORERUELA DE TÁBARA,ZAMORA,288,41.799298,-5.869357
49134,MUELAS DE LOS CABALLEROS,ZAMORA,188,42.12859,-6.333507
49137,NAVIANOS DE VALVERDE,ZAMORA,163,41.953381,-5.818595
49138,OLMILLOS DE CASTRO,ZAMORA,193,41.731485,-5.968528
49141,PAJARES DE LA LAMPREANA,ZAMORA,280,41.716097,-5.696108
49150,PEQUE,ZAMORA,122,42.072832,-6.275639
49154,PÍAS,ZAMORA,94,42.085751,-6.99868
49156,PINILLA DE TORO,ZAMORA,184,41.627694,-5.365317
49167,PUEBLICA DE VALVERDE,ZAMORA,177,41.917939,-5.900112
49170,QUINTANILLA DE URZ,ZAMORA,97,42.033657,-5.849926
49169,QUINTANILLA DEL OLMO,ZAMORA,45,41.905126,-5.406575
49172,RABANALES,ZAMORA,488,41.742732,-6.277389
49174,REQUEJO,ZAMORA,111,42.031464,-6.742481
49177,RIONEGRO DEL PUENTE,ZAMORA,234,42.005835,-6.226713
49181,ROSINOS DE LA REQUEJADA,ZAMORA,305,42.089354,-6.536089
49187,SAN CRISTÓBAL DE ENTREVIÑAS,ZAMORA,1318,42.046925,-5.633942
49189,SAN JUSTO,ZAMORA,215,42.133534,-6.623912
49193,SAN PEDRO DE CEQUE,ZAMORA,421,42.043789,-6.072703
49197,SANTA CLARA DE AVEDILLO,ZAMORA,159,41.338576,-5.677898
49201,SANTA CROYA DE TERA,ZAMORA,260,41.983568,-5.974788
49202,SANTA EUFEMIA DEL BARCO,ZAMORA,169,41.678493,-5.899538
49203,SANTA MARÍA DE LA VEGA,ZAMORA,290,42.085074,-5.809914
49204,SANTA MARÍA DE VALVERDE,ZAMORA,51,41.93514,-5.935507
49205,SANTIBÁÑEZ DE TERA,ZAMORA,358,41.98576,-5.924556
49207,SANTOVENIA,ZAMORA,227,41.879481,-5.708693
49210,SANZOLES,ZAMORA,466,41.4326,-5.567473
49214,TÁBARA,ZAMORA,748,41.824648,-5.959828
49219,TORO,ZAMORA,8369,41.51991,-5.394642
49222,TORRES DEL CARRIZAL,ZAMORA,407,41.616409,-5.670646
49227,VALCABADO,ZAMORA,415,41.548464,-5.748651
49231,VEGA DE TERA,ZAMORA,287,41.998292,-6.12514
49237,VIDEMALA,ZAMORA,140,41.612033,-6.040129
49238,VILLABRÁZARO,ZAMORA,263,42.053728,-5.728174
49242,VILLAFÁFILA,ZAMORA,440,41.848791,-5.61465
49243,VILLAFERRUEÑA,ZAMORA,106,42.098723,-5.858886
49244,VILLAGERIZ,ZAMORA,64,42.118356,-5.954721
49245,VILLALAZÁN,ZAMORA,248,41.494172,-5.588951
49247,VILLALCAMPO,ZAMORA,379,41.523046,-6.046584
49257,VILLANUEVA DE AZOAGUE,ZAMORA,381,41.976861,-5.665146
49258,VILLANUEVA DE CAMPEÁN,ZAMORA,117,41.354861,-5.769888
49263,VILLAR DE FALLAVES,ZAMORA,49,41.924957,-5.34039
49264,VILLAR DEL BUEY,ZAMORA,514,41.332824,-6.194783
49261,VILLARALBO,ZAMORA,1805,41.491481,-5.682754
49266,VILLÁRDIGA,ZAMORA,62,41.818767,-5.465643
49271,VILLAVEZA DEL AGUA,ZAMORA,163,41.918902,-5.67901
49275,ZAMORA,ZAMORA,59506,41.49914,-5.754948
5012,AMAVIDA,ÁVILA,133,40.571482,-5.061232
5014,ARENAS DE SAN PEDRO,ÁVILA,6438,40.208689,-5.091146
5017,AVEINTE,ÁVILA,73,40.783146,-4.837601
5018,AVELLANEDA,ÁVILA,23,40.388659,-5.388061
5019,ÁVILA,ÁVILA,58111,40.65587,-4.697713
5024,BECEDAS,ÁVILA,151,40.405156,-5.634561
5025,BECEDILLAS,ÁVILA,69,40.538627,-5.330911
5026,BERCIAL DE ZAPARDIEL,ÁVILA,173,41.046215,-4.970729
5033,BLASCOMILLÁN,ÁVILA,170,40.801653,-5.088727
5038,BONILLA DE LA SIERRA,ÁVILA,163,40.530831,-5.264991
5039,BRABOS,ÁVILA,35,40.780343,-4.939506
5040,BULARROS,ÁVILA,55,40.72401,-4.865041
5041,BURGOHONDO,ÁVILA,1249,40.416143,-4.785928
5043,CABEZAS DEL POZO,ÁVILA,82,41.001232,-4.954812
5044,CABEZAS DEL VILLAR,ÁVILA,224,40.716278,-5.211887
5047,CANDELEDA,ÁVILA,5031,40.152483,-5.239149
5049,CARDEÑOSA,ÁVILA,419,40.742284,-4.743634
5052,CASAS DEL PUERTO,ÁVILA,83,40.528569,-5.198357
5053,CASASOLA,ÁVILA,63,40.666857,-4.828254
5055,CASILLAS,ÁVILA,669,40.323204,-4.572334
5058,CEPEDA LA MORA,ÁVILA,66,40.459157,-5.049197
5067,CHAMARTÍN,ÁVILA,62,40.701615,-4.958112
5065,CRESPOS,ÁVILA,482,40.873201,-4.969946
5066,CUEVAS DEL VALLE,ÁVILA,517,40.294204,-5.009394
5903,DIEGO DEL CARPIO,ÁVILA,106,40.664815,-5.326063
5069,DONJIMENO,ÁVILA,72,40.960049,-4.844981
5021,EL BARCO DE ÁVILA,ÁVILA,2297,40.355763,-5.527042
5076,EL FRESNO,ÁVILA,591,40.614189,-4.757287
5100,EL HORNILLO,ÁVILA,280,40.249954,-5.103655
5102,EL HOYO DE PINARES,ÁVILA,2183,40.502126,-4.422706
5180,EL PARRAL,ÁVILA,62,40.797827,-4.990285
5074,FONTIVEROS,ÁVILA,725,40.930272,-4.967436
5075,FRESNEDILLA,ÁVILA,97,40.231956,-4.621118
5086,GIMIALCÓN,ÁVILA,66,40.877314,-5.122944
5099,HORCAJO DE LAS TORRES,ÁVILA,441,41.064882,-5.09062
5101,HOYOCASERO,ÁVILA,311,40.399508,-4.975607
5103,HOYORREDONDO,ÁVILA,59,40.462352,-5.409823
5107,HURTUMPASCUAL,ÁVILA,42,40.692758,-5.110978
5108,JUNCIANA,ÁVILA,40,40.411024,-5.557415
5010,LA ALDEHUELA,ÁVILA,143,40.409487,-5.40843
5061,LA COLILLA,ÁVILA,375,40.646739,-4.766502
5232,LA SERRADA,ÁVILA,135,40.631473,-4.79268
5247,LA TORRE,ÁVILA,38,40.588577,-4.964783
5109,LANGA,ÁVILA,450,41.007554,-4.859111
5116,MALPARTIDA DE CORNEJA,ÁVILA,91,40.520691,-5.350993
5124,MEDINILLA,ÁVILA,77,40.439747,-5.618264
5136,MUÑICO,ÁVILA,80,40.706625,-5.027907
5141,MUÑOPEPE,ÁVILA,104,40.633594,-4.820583
5147,NARROS DEL CASTILLO,ÁVILA,152,40.858961,-5.059632
5148,NARROS DEL PUERTO,ÁVILA,28,40.540633,-4.989677
5152,NAVA DE ARÉVALO,ÁVILA,663,40.978531,-4.776308
5154,NAVADIJOS,ÁVILA,29,40.42559,-5.083563
5155,NAVAESCURIAL,ÁVILA,53,40.471606,-5.276775
5158,NAVALMORAL,ÁVILA,412,40.459867,-4.763238
5167,NAVARREVISCA,ÁVILA,299,40.364228,-4.895118
5182,PEDRO BERNARDO,ÁVILA,758,40.243188,-4.914357
5184,PEGUERINOS,ÁVILA,294,40.626523,-4.233316
5188,POVEDA,ÁVILA,33,40.566287,-5.079677
5190,POZANCO,ÁVILA,60,40.800005,-4.669456
5191,PRADOSEGAR,ÁVILA,117,40.548779,-5.071943
5192,PUERTO CASTILLA,ÁVILA,98,40.289822,-5.629439
5194,RIOCABADO,ÁVILA,125,40.833376,-4.806052
5200,SAN BARTOLOMÉ DE CORNEJA,ÁVILA,35,40.492875,-5.385253
5206,SAN ESTEBAN DE LOS PATOS,ÁVILA,20,40.746082,-4.624733
5208,SAN ESTEBAN DE ZAPARDIEL,ÁVILA,40,41.092158,-4.901236
5207,SAN ESTEBAN DEL VALLE,ÁVILA,734,40.27572,-4.97955
5901,SAN JUAN DE GREDOS,ÁVILA,228,40.360573,-5.251496
5212,SAN JUAN DEL MOLINILLO,ÁVILA,234,40.458927,-4.819256
5214,SAN LORENZO DE TORMES,ÁVILA,30,40.370756,-5.487407
5215,SAN MARTÍN DE LA VEGA DEL ALBERCHE,ÁVILA,153,40.429712,-5.156375
5216,SAN MARTÍN DEL PIMPOLLAR,ÁVILA,219,40.368438,-5.056128
5217,SAN MIGUEL DE CORNEJA,ÁVILA,70,40.487724,-5.286652
5204,SANCHIDRIÁN,ÁVILA,708,40.891981,-4.581562
5226,SANTA MARÍA DE LOS CABALLEROS,ÁVILA,72,40.388177,-5.451576
5224,SANTA MARÍA DEL ARROYO,ÁVILA,102,40.604132,-4.924298
5227,SANTA MARÍA DEL TIÉTAR,ÁVILA,553,40.304015,-4.554992
5904,SANTIAGO DEL TORMES,ÁVILA,107,40.330423,-5.398553
5239,SOTALBO,ÁVILA,245,40.541955,-4.850005
5242,TIÑOSILLOS,ÁVILA,756,40.934525,-4.728461
5246,TÓRTOLES,ÁVILA,212,40.561768,-5.259242
5249,UMBRÍAS,ÁVILA,100,40.315809,-5.580647
5254,VELAYOS,ÁVILA,217,40.84103,-4.622553
5256,VILLAFLOR,ÁVILA,99,40.758946,-4.873765
5905,VILLANUEVA DE ÁVILA,ÁVILA,227,40.378773,-4.822505
5258,VILLANUEVA DE GÓMEZ,ÁVILA,115,40.883687,-4.716242
5261,VILLAR DE CORNEJA,ÁVILA,36,40.47509,-5.432537
5262,VILLAREJO DEL VALLE,ÁVILA,314,40.285923,-4.996998
5266,ZAPARDIEL DE LA CAÑADA,ÁVILA,84,40.605951,-5.339833
5267,ZAPARDIEL DE LA RIBERA,ÁVILA,92,40.354693,-5.327859
9010,ALCOCERO DE MOLA,BURGOS,41,42.473768,-3.358359
9907,ALFOZ DE QUINTANADUEÑAS,BURGOS,2133,42.384825,-3.736053
9013,ALTABLE,BURGOS,47,42.603083,-3.078105
9022,ARAUZO DE TORRE,BURGOS,61,41.797967,-3.423186
9023,ARCOS,BURGOS,1835,42.264695,-3.756698
9024,ARENILLAS DE RIOPISUERGA,BURGOS,166,42.35737,-4.233808
9032,AVELLANOSA DE MUÑÓ,BURGOS,96,41.983563,-3.826852
9036,BAÑUELOS DE BUREBA,BURGOS,31,42.500548,-3.281861
9039,BARBADILLO DEL PEZ,BURGOS,66,42.118805,-3.227823
9050,BERBERANA,BURGOS,48,42.918251,-3.05949
9058,BUNIEL,BURGOS,612,42.31063,-3.821557
9060,BUSTO DE BUREBA,BURGOS,143,42.659547,-3.266469
9062,CABEZÓN DE LA SIERRA,BURGOS,36,41.934914,-3.241174
9064,CALERUEGA,BURGOS,400,41.825032,-3.487403
9075,CARDEÑUELA RIOPICO,BURGOS,111,42.359683,-3.560227
9078,CASCAJARES DE LA SIERRA,BURGOS,27,42.062047,-3.399249
9079,CASTELLANOS DE CASTRO,BURGOS,46,42.328938,-4.035413
9093,CAYUELA,BURGOS,189,42.272369,-3.819544
9098,CEREZO DE RÍO TIRÓN,BURGOS,490,42.492707,-3.136381
9101,CIADONCHA,BURGOS,70,42.158508,-3.934581
9108,COGOLLOS,BURGOS,677,42.201566,-3.699014
9110,CONTRERAS,BURGOS,87,42.018329,-3.409242
9120,ENCÍO,BURGOS,41,42.670466,-3.087389
9122,ESPINOSA DE CERVERA,BURGOS,85,41.896508,-3.468801
9128,FRANDOVÍNEZ,BURGOS,96,42.309611,-3.837924
9134,FRÍAS,BURGOS,270,42.760785,-3.293395
9139,FUENTEMOLINOS,BURGOS,91,41.604822,-3.849465
9148,GRIJALBA,BURGOS,112,42.429698,-4.11852
9151,GUMIEL DE IZÁN,BURGOS,584,41.773345,-3.688214
9152,GUMIEL DE MERCADO,BURGOS,380,41.755824,-3.802723
9159,HONTANAS,BURGOS,71,42.31242,-4.044546
9162,HONTORIA DE LA CANTERA,BURGOS,174,42.189058,-3.643288
9169,HORTIGÜELA,BURGOS,107,42.068702,-3.427092
9180,IGLESIAS,BURGOS,141,42.298048,-3.989414
9182,ITERO DEL CASTILLO,BURGOS,71,42.289284,-4.242485
9183,JARAMILLO DE LA FUENTE,BURGOS,47,42.115902,-3.313397
9189,JUNTA DE TRASLALOMA,BURGOS,122,43.041237,-3.389253
9144,LA GALLEGA,BURGOS,39,41.898962,-3.263872
9365,LA SEQUERA DE HAZA,BURGOS,27,41.56293,-3.817123
9422,LA VID DE BUREBA,BURGOS,24,42.631452,-3.311597
9195,LLANO DE BUREBA,BURGOS,49,42.624939,-3.45744
9014,LOS ALTOS,BURGOS,186,42.807592,-3.63302
9043,LOS BARRIOS DE BUREBA,BURGOS,178,42.64604,-3.391597
9196,MADRIGAL DEL MONTE,BURGOS,143,42.144064,-3.675993
9199,MAMBRILLA DE CASTREJÓN,BURGOS,107,41.665996,-3.985356
9202,MANCILES,BURGOS,21,42.455801,-3.94507
9206,MAZUELA,BURGOS,56,42.207224,-3.918643
9208,MECERREYES,BURGOS,188,42.095533,-3.573897
9211,MELGAR DE FERNAMENTAL,BURGOS,1513,42.405445,-4.24356
9217,MERINDAD DE VALDIVIELSO,BURGOS,401,42.831018,-3.542716
9218,MILAGROS,BURGOS,415,41.575322,-3.697792
9219,MIRANDA DE EBRO,BURGOS,36018,42.680521,-2.952396
9223,MONASTERIO DE LA SIERRA,BURGOS,40,42.050868,-3.193746
9230,NAVAS DE BUREBA,BURGOS,24,42.682345,-3.327205
9236,OLMILLOS DE MUÑÓ,BURGOS,40,42.202323,-3.940072
9242,PADILLA DE ABAJO,BURGOS,67,42.408311,-4.176777
9247,PALACIOS DE RIOPISUERGA,BURGOS,18,42.343614,-4.256606
9256,PEDROSA DE DUERO,BURGOS,460,41.712635,-3.988208
9259,PEDROSA DE RÍO ÚRBEL,BURGOS,243,42.410283,-3.821361
9270,PINILLA TRASMONTE,BURGOS,161,41.873729,-3.619537
9272,POZA DE LA SAL,BURGOS,283,42.665829,-3.501498
9274,PRADOLUENGO,BURGOS,1070,42.32375,-3.20034
9275,PRESENCIO,BURGOS,207,42.186635,-3.902904
9279,QUEMADA,BURGOS,238,41.700657,-3.576387
9283,QUINTANAÉLEZ,BURGOS,47,42.669814,-3.299072
9292,QUINTANAVIDES,BURGOS,64,42.478929,-3.424257
9304,RABÉ DE LAS CALZADAS,BURGOS,250,42.340219,-3.834689
9309,REGUMIEL DE LA SIERRA,BURGOS,301,41.95799,-2.985016
9311,RETUERTA,BURGOS,59,42.030106,-3.505357
9318,RIOCAVADO DE LA SIERRA,BURGOS,55,42.153986,-3.197992
9337,SAN JUAN DEL MONTE,BURGOS,152,41.6844,-3.521306
9338,SAN MAMÉS DE BURGOS,BURGOS,310,42.337529,-3.795067
9343,SANTA CECILIA,BURGOS,105,42.052273,-3.804323
9345,SANTA CRUZ DE LA SALCEDA,BURGOS,134,41.594866,-3.594931
9346,SANTA CRUZ DEL VALLE URBIÓN,BURGOS,103,42.304796,-3.222726
9350,SANTA MARÍA DEL CAMPO,BURGOS,523,42.131551,-3.975927
9351,SANTA MARÍA DEL INVIERNO,BURGOS,67,42.44332,-3.438439
9353,SANTA MARÍA RIBARREDONDA,BURGOS,95,42.642595,-3.180009
9362,SARRACÍN,BURGOS,261,42.258302,-3.698087
9366,SOLARANA,BURGOS,77,41.971151,-3.65805
9373,SOTRESGUDO,BURGOS,420,42.579046,-4.178153
9377,TARDAJOS,BURGOS,864,42.349245,-3.819473
9378,TEJADA,BURGOS,35,41.952507,-3.536417
9380,TERRADILLOS DE ESGUEVA,BURGOS,64,41.818893,-3.843905
9381,TINIEBLAS DE LA SIERRA,BURGOS,23,42.173398,-3.362716
9384,TORDÓMAR,BURGOS,298,42.044611,-3.867057
9389,TORREPADRE,BURGOS,65,42.043611,-3.937123
9391,TÓRTOLES DE ESGUEVA,BURGOS,387,41.816597,-4.021598
9392,TOSANTOS,BURGOS,53,42.414224,-3.243166
9400,VADOCONDES,BURGOS,364,41.639645,-3.572469
9406,VALDORROS,BURGOS,375,42.172685,-3.708987
9411,VALLE DE OCA,BURGOS,163,42.436507,-3.319849
9902,VALLE DE SANTIBÁÑEZ,BURGOS,479,42.48024,-3.782697
9417,VALLEJERA,BURGOS,39,42.182597,-4.152903
9418,VALLES DE PALENZUELA,BURGOS,75,42.120275,-4.078582
9429,VILLAESCUSA LA SOMBRÍA,BURGOS,60,42.414572,-3.4194
9430,VILLAESPASA,BURGOS,22,42.09805,-3.405823
9431,VILLAFRANCA MONTES DE OCA,BURGOS,122,42.388353,-3.309278
9439,VILLALBILLA DE BURGOS,BURGOS,1514,42.348089,-3.779903
9440,VILLALBILLA DE GUMIEL,BURGOS,74,41.807064,-3.627045
9443,VILLAMAYOR DE LOS MONTES,BURGOS,160,42.105904,-3.765088
9449,VILLANUEVA DE ARGAÑO,BURGOS,122,42.3807,-3.933011
9456,VILLAQUIRÁN DE LOS INFANTES,BURGOS,138,42.228537,-4.008322
9458,VILLARIEZO,BURGOS,719,42.270694,-3.734336
9463,VILLASUR DE HERREROS,BURGOS,273,42.30861,-3.39534
9466,VILLAVERDE DEL MONTE,BURGOS,108,42.160739,-3.812958
9467,VILLAVERDE-MOGINA,BURGOS,75,42.161528,-4.04902
9424,VILORIA DE RIOJA,BURGOS,37,42.425648,-3.100984
9478,VIZCAÍNOS,BURGOS,40,42.100484,-3.26676
24001,ACEBEDO,LEÓN,184,43.039405,-5.116544
24002,ALGADEFE,LEÓN,301,42.218458,-5.583459
24003,ALIJA DEL INFANTADO,LEÓN,573,42.139946,-5.830733
24004,ALMANZA,LEÓN,609,42.658876,-5.035873
24008,ASTORGA,LEÓN,10308,42.457631,-6.057144
24011,BARJAS,LEÓN,145,42.611343,-6.979489
24020,BOCA DE HUÉRGANO,LEÓN,426,42.972363,-4.925394
24022,BORRENES,LEÓN,303,42.491515,-6.726365
24026,BUSTILLO DEL PÁRAMO,LEÓN,1057,42.441469,-5.792969
24029,CABRILLANES,LEÓN,707,42.953056,-6.149395
24030,CACABELOS,LEÓN,4735,42.599569,-6.725968
24031,CALZADA DEL COTO,LEÓN,223,42.38907,-5.081194
24032,CAMPAZAS,LEÓN,107,42.141933,-5.492976
24038,CARRACEDELO,LEÓN,3423,42.551931,-6.735003
24040,CARROCERA,LEÓN,440,42.79674,-5.743484
24041,CARUCEDO,LEÓN,483,42.49019,-6.764367
24042,CASTILFALÉ,LEÓN,62,42.219999,-5.422142
24046,CASTROCALBÓN,LEÓN,913,42.198951,-5.986089
24050,CASTROTIERRA DE VALMADRIGAL,LEÓN,105,42.347387,-5.247355
24056,CISTIERNA,LEÓN,2905,42.803152,-5.124368
24057,CONGOSTO,LEÓN,1425,42.617887,-6.519733
24058,CORBILLOS DE LOS OTEROS,LEÓN,176,42.406527,-5.45908
24060,CRÉMENES,LEÓN,512,42.904089,-5.144123
24066,DESTRIANA,LEÓN,424,42.325936,-6.094235
24067,ENCINEDO,LEÓN,616,42.27152,-6.594486
24069,ESCOBAR DE CAMPOS,LEÓN,31,42.312917,-4.967052
24074,FUENTES DE CARBAJAL,LEÓN,76,42.178068,-5.445966
24076,GARRAFE DE TORÍO,LEÓN,1640,42.732901,-5.524095
24081,GUSENDOS DE LOS OTEROS,LEÓN,126,42.3777,-5.43002
24083,IGÜEÑA,LEÓN,1049,42.727854,-6.278644
24068,LA ERCINA,LEÓN,425,42.812913,-5.217414
24087,LAGUNA DALGA,LEÓN,626,42.330833,-5.750444
24088,LAGUNA DE NEGRILLOS,LEÓN,1046,42.238568,-5.660993
24100,MOLINASECA,LEÓN,872,42.537016,-6.51953
24101,MURIAS DE PAREDES,LEÓN,340,42.850201,-6.191238
24102,NOCEDA DEL BIERZO,LEÓN,605,42.713043,-6.39677
24107,PAJARES DE LOS OTEROS,LEÓN,235,42.329063,-5.472444
24108,PALACIOS DE LA VALDUERNA,LEÓN,353,42.327787,-5.938418
24115,PONFERRADA,LEÓN,62994,42.547681,-6.5973
24116,POSADA DE VALDEÓN,LEÓN,405,43.151061,-4.917466
24117,POZUELO DEL PÁRAMO,LEÓN,392,42.171202,-5.767724
24118,PRADO DE LA GUZPEÑA,LEÓN,104,42.783605,-5.025284
24119,PRIARANZA DEL BIERZO,LEÓN,699,42.509054,-6.671803
24121,PUEBLA DE LILLO,LEÓN,654,43.006944,-5.273706
24137,SABERO,LEÓN,1021,42.834307,-5.143788
24142,SAN ANDRÉS DEL RABANEDO,LEÓN,29884,42.611173,-5.615482
24146,SAN ESTEBAN DE NOGALES,LEÓN,243,42.159391,-5.931334
24150,SAN PEDRO BERCIANOS,LEÓN,226,42.39232,-5.709636
24143,SANCEDO,LEÓN,528,42.666156,-6.634707
24153,SANTA CRISTINA DE VALMADRIGAL,LEÓN,273,42.353536,-5.309496
24160,SANTAS MARTAS,LEÓN,752,42.432409,-5.371958
24161,SANTIAGO MILLAS,LEÓN,359,42.381792,-6.105991
24162,SANTOVENIA DE LA VALDONCINA,LEÓN,2064,42.543049,-5.621404
24165,SOBRADO,LEÓN,282,42.519971,-6.852664
24166,SOTO DE LA VEGA,LEÓN,1493,42.332649,-5.881722
24167,SOTO Y AMÍO,LEÓN,717,42.775636,-5.88647
24168,TORAL DE LOS GUZMANES,LEÓN,499,42.244307,-5.567303
24206,TORAL DE LOS VADOS,LEÓN,1753,42.580225,-6.759088
24169,TORENO,LEÓN,2855,42.697568,-6.510576
24170,TORRE DEL BIERZO,LEÓN,1968,42.595035,-6.320879
24173,TURCIA,LEÓN,986,42.533452,-5.874992
24176,VALDEFUENTES DEL PÁRAMO,LEÓN,306,42.322012,-5.831605
24177,VALDELUGUEROS,LEÓN,486,42.973928,-5.412899
24178,VALDEMORA,LEÓN,57,42.196026,-5.427281
24180,VALDEPOLO,LEÓN,1215,42.576998,-5.225729
24181,VALDERAS,LEÓN,1489,42.077659,-5.445728
24182,VALDERREY,LEÓN,416,42.392107,-6.020625
24183,VALDERRUEDA,LEÓN,821,42.815753,-4.947438
24184,VALDESAMARIO,LEÓN,175,42.721508,-5.951445
24190,VALVERDE-ENRIQUE,LEÓN,152,42.303853,-5.299186
24196,VEGA DE ESPINAREDA,LEÓN,2007,42.728101,-6.656292
24198,VEGA DE VALCARCE,LEÓN,552,42.665251,-6.947233
24199,VEGAQUEMADA,LEÓN,437,42.818818,-5.332608
24207,VILLADEMOR DE LA VEGA,LEÓN,291,42.270386,-5.568969
24209,VILLAFRANCA DEL BIERZO,LEÓN,2659,42.605994,-6.810821
24214,VILLAMEJIL,LEÓN,653,42.56268,-6.024302
24216,VILLAMONTÁN DE LA VALDUERNA,LEÓN,683,42.310162,-5.996561
24217,VILLAMORATIEL DE LAS MATAS,LEÓN,120,42.39626,-5.303165
24218,VILLANUEVA DE LAS MANZANAS,LEÓN,502,42.471355,-5.480471
24224,VILLARES DE ÓRBIGO,LEÓN,563,42.470816,-5.909099
34001,ABARCA DE CAMPOS,PALENCIA,38,42.06342,-4.840506
34003,ABIA DE LAS TORRES,PALENCIA,170,42.418941,-4.422864
34005,ALAR DEL REY,PALENCIA,912,42.660011,-4.31131
34010,AMPUDIA,PALENCIA,579,41.916286,-4.781006
34012,ANTIGÜEDAD,PALENCIA,336,41.945944,-4.1183
34015,ARCONADA,PALENCIA,44,42.331152,-4.497386
34017,ASTUDILLO,PALENCIA,1039,42.192786,-4.29215
34020,AYUELA,PALENCIA,53,42.629231,-4.658231
34024,BAQUERÍN DE CAMPOS,PALENCIA,22,42.015331,-4.783756
34027,BARRUELO DE SANTULLÁN,PALENCIA,1160,42.908212,-4.288368
34028,BÁSCONES DE OJEDA,PALENCIA,134,42.670135,-4.527131
34029,BECERRIL DE CAMPOS,PALENCIA,757,42.108498,-4.639619
34034,BOADILLA DEL CAMINO,PALENCIA,101,42.258538,-4.347031
34036,BRAÑOSERA,PALENCIA,253,42.935186,-4.307852
34037,BUENAVISTA DE VALDAVIA,PALENCIA,296,42.640466,-4.614313
34039,BUSTILLO DEL PÁRAMO DE CARRIÓN,PALENCIA,55,42.355597,-4.739088
34046,CARDEÑOSA DE VOLPEJERA,PALENCIA,60,42.23193,-4.703672
34049,CASTREJÓN DE LA PEÑA,PALENCIA,320,42.807952,-4.599288
34050,CASTRILLO DE DON JUAN,PALENCIA,181,41.791007,-4.070392
34053,CASTROMOCHO,PALENCIA,197,42.029103,-4.822096
34055,CERVATOS DE LA CUEZA,PALENCIA,241,42.291686,-4.768952
34056,CERVERA DE PISUERGA,PALENCIA,2284,42.865796,-4.499209
34058,CEVICO NAVERO,PALENCIA,178,41.861218,-4.183933
34060,COBOS DE CERRATO,PALENCIA,128,42.027003,-4.002266
34061,COLLAZOS DE BOEDO,PALENCIA,99,42.619909,-4.483458
34067,DEHESA DE MONTEJO,PALENCIA,135,42.819042,-4.509346
34068,DEHESA DE ROMANOS,PALENCIA,46,42.641545,-4.4364
34072,FRECHILLA,PALENCIA,136,42.137055,-4.83873
34073,FRESNO DEL RÍO,PALENCIA,171,42.680807,-4.817772
34083,HERRERA DE PISUERGA,PALENCIA,1898,42.594781,-4.330248
34087,HORNILLOS DE CERRATO,PALENCIA,170,41.988231,-4.272213
34904,LA PERNÍA,PALENCIA,313,42.966674,-4.495585
34140,LA PUEBLA DE VALDAVIA,PALENCIA,81,42.675568,-4.609266
34094,LEDIGOS,PALENCIA,62,42.35389,-4.864286
34903,LOMA DE UCIEZA,PALENCIA,193,42.441248,-4.579194
34100,MANTINOS,PALENCIA,145,42.751221,-4.841908
34101,MARCILLA DE CAMPOS,PALENCIA,58,42.31703,-4.396017
34102,MAZARIEGOS,PALENCIA,202,42.028611,-4.716154
34104,MELGAR DE YUSO,PALENCIA,271,42.25412,-4.252936
34107,MICIECES DE OJEDA,PALENCIA,71,42.688654,-4.460581
34109,MORATINOS,PALENCIA,59,42.360422,-4.927247
34114,OLMOS DE OJEDA,PALENCIA,170,42.722251,-4.424984
34120,PALENCIA,PALENCIA,76738,42.007837,-4.534601
34121,PALENZUELA,PALENCIA,215,42.095212,-4.129056
34127,PERALES,PALENCIA,118,42.193556,-4.580946
34132,POBLACIÓN DE CAMPOS,PALENCIA,122,42.270874,-4.447758
34134,POLENTINOS,PALENCIA,40,42.939829,-4.529058
34135,POMAR DE VALDIVIA,PALENCIA,490,42.774579,-4.16749
34141,QUINTANA DEL PUENTE,PALENCIA,251,42.084769,-4.206578
34151,RESPENDA DE LA PEÑA,PALENCIA,141,42.764057,-4.686718
34152,REVENGA DE CAMPOS,PALENCIA,136,42.285638,-4.481317
34154,REVILLA DE COLLAZOS,PALENCIA,75,42.63022,-4.50352
34156,RIBEROS DE LA CUEZA,PALENCIA,54,42.277154,-4.727386
34158,SALINAS DE PISUERGA,PALENCIA,329,42.84891,-4.378178
34159,SAN CEBRIÁN DE CAMPOS,PALENCIA,407,42.201325,-4.530691
34163,SAN MAMÉS DE CAMPOS,PALENCIA,49,42.353502,-4.564381
34171,SANTIBÁÑEZ DE LA PEÑA,PALENCIA,934,42.810237,-4.730168
34174,SANTOYO,PALENCIA,192,42.214751,-4.343229
34177,SOTO DE CERRATO,PALENCIA,176,41.953236,-4.42955
34178,TABANERA DE CERRATO,PALENCIA,138,42.025737,-4.122571
34185,TRIOLLO,PALENCIA,74,42.92443,-4.681282
34186,VALBUENA DE PISUERGA,PALENCIA,52,42.14572,-4.23816
34902,VALLE DEL RETORTILLO,PALENCIA,168,42.190945,-4.771892
34199,VELILLA DEL RÍO CARRIÓN,PALENCIA,1129,42.827834,-4.843214
34202,VILLABASTA DE VALDAVIA,PALENCIA,33,42.560865,-4.602222
34214,VILLALBA DE GUARDO,PALENCIA,201,42.720354,-4.822565
34217,VILLALOBÓN,PALENCIA,1900,42.029868,-4.503893
34221,VILLAMEDIANA,PALENCIA,183,42.050401,-4.363358
34222,VILLAMERIEL,PALENCIA,105,42.527614,-4.47622
34224,VILLAMUERA DE LA CUEZA,PALENCIA,37,42.259731,-4.689011
34228,VILLANUÑO DE VALDAVIA,PALENCIA,93,42.508884,-4.517492
34229,VILLAPROVEDO,PALENCIA,46,42.518321,-4.396982
34231,VILLARRABÉ,PALENCIA,176,42.419949,-4.782605
34246,VILLOVIECO,PALENCIA,62,42.29648,-4.471599
37004,AHIGAL DE VILLARINO,SALAMANCA,31,41.157967,-6.379301
37014,ALDEADÁVILA DE LA RIBERA,SALAMANCA,1120,41.218461,-6.619562
37017,ALDEANUEVA DE FIGUEROA,SALAMANCA,253,41.146894,-5.523474
37019,ALDEARRODRIGO,SALAMANCA,150,41.110365,-5.806225
37021,ALDEASECA DE ALBA,SALAMANCA,64,40.818393,-5.4463
37022,ALDEASECA DE LA FRONTERA,SALAMANCA,248,40.941953,-5.207297
37024,ALDEAVIEJA DE TORMES,SALAMANCA,99,40.583403,-5.617269
37025,ALDEHUELA DE LA BÓVEDA,SALAMANCA,265,40.843677,-6.048234
37033,ARCEDIANO,SALAMANCA,96,41.092458,-5.560927
37044,BARRUECOPARDO,SALAMANCA,421,41.070795,-6.66619
37050,BERROCAL DE HUEBRA,SALAMANCA,75,40.718921,-6.000634
37057,BÓVEDA DEL RÍO ALMAR,SALAMANCA,196,40.857238,-5.211007
37058,BRINCONES,SALAMANCA,59,41.11138,-6.348496
37065,CABEZA DEL CABALLO,SALAMANCA,237,41.129631,-6.559176
37068,CABRILLAS,SALAMANCA,322,40.740594,-6.178355
37069,CALVARRASA DE ABAJO,SALAMANCA,1201,40.945767,-5.550925
37072,CALZADA DE DON DIEGO,SALAMANCA,131,40.905781,-5.902008
37073,CALZADA DE VALDUNCIEL,SALAMANCA,700,41.086248,-5.702168
37081,CANTALAPIEDRA,SALAMANCA,911,41.125488,-5.183586
37092,CASTELLANOS DE MORISCOS,SALAMANCA,3051,41.018509,-5.591607
37098,CEPEDA,SALAMANCA,303,40.465292,-6.040074
37099,CERECEDA DE LA SIERRA,SALAMANCA,62,40.566466,-6.091269
37106,CIPÉREZ,SALAMANCA,225,40.961934,-6.265667
37108,COCA DE ALBA,SALAMANCA,95,40.877416,-5.365263
37109,COLMENAR DE MONTEMAYOR,SALAMANCA,173,40.39933,-5.95693
37115,DIOS LE GUARDE,SALAMANCA,125,40.642029,-6.312029
37116,DOÑINOS DE LEDESMA,SALAMANCA,65,41.012429,-6.033405
37117,DOÑINOS DE SALAMANCA,SALAMANCA,2209,40.960106,-5.746404
37054,EL BODÓN,SALAMANCA,245,40.487727,-6.574138
37077,EL CAMPO DE PEÑARANDA,SALAMANCA,250,40.984921,-5.257393
37113,EL CUBO DE DON SANCHO,SALAMANCA,377,40.892508,-6.305649
37239,EL PEDROSO DE LA ARMUÑA,SALAMANCA,215,41.080328,-5.399403
37253,EL PINO DE TORMES,SALAMANCA,149,41.038885,-5.794097
37122,ENCINAS DE ARRIBA,SALAMANCA,226,40.771651,-5.557329
37125,ESCURIAL DE LA SIERRA,SALAMANCA,244,40.615693,-5.956718
37127,ESPEJA,SALAMANCA,211,40.56543,-6.716124
37128,ESPINO DE LA ORBADA,SALAMANCA,245,41.105982,-5.424272
37129,FLORIDA DE LIÉBANA,SALAMANCA,244,41.023011,-5.761803
37131,FRADES DE LA SIERRA,SALAMANCA,167,40.656584,-5.783688
37133,FRESNEDOSO,SALAMANCA,98,40.436275,-5.709442
37136,FUENTEGUINALDO,SALAMANCA,652,40.428683,-6.676247
37137,FUENTELIANTE,SALAMANCA,84,40.875102,-6.572727
37139,FUENTES DE BÉJAR,SALAMANCA,244,40.507554,-5.694303
37141,GAJATES,SALAMANCA,140,40.78246,-5.36613
37145,GALLEGOS DE ARGAÑÁN,SALAMANCA,264,40.629954,-6.702211
37147,GARCIBUEY,SALAMANCA,204,40.516081,-5.992884
37148,GARCIHERNÁNDEZ,SALAMANCA,411,40.861324,-5.434747
37154,GUADRAMIRO,SALAMANCA,124,41.016816,-6.493611
37156,GUIJUELO,SALAMANCA,5508,40.55564,-5.671621
37157,HERGUIJUELA DE CIUDAD RODRIGO,SALAMANCA,69,40.458195,-6.521435
37158,HERGUIJUELA DE LA SIERRA,SALAMANCA,226,40.445536,-6.073537
37161,HORCAJO DE MONTEMAYOR,SALAMANCA,101,40.42155,-5.894345
37167,JUZBADO,SALAMANCA,183,41.078285,-5.862836
37011,LA ALBERGUERÍA DE ARGAÑÁN,SALAMANCA,98,40.412241,-6.813318
37037,LA ATALAYA,SALAMANCA,100,40.502433,-6.413882
37063,LA CABEZA DE BÉJAR,SALAMANCA,60,40.497034,-5.662414
37135,LA FUENTE DE SAN ESTEBAN,SALAMANCA,1279,40.801782,-6.257462
37381,LA ZARZA DE PUMAREDA,SALAMANCA,133,41.162043,-6.62664
37168,LAGUNILLA,SALAMANCA,428,40.325143,-5.971469
37169,LARRODRIGO,SALAMANCA,186,40.736364,-5.449211
37346,LAS VEGUILLAS,SALAMANCA,275,40.715865,-5.831235
37172,LINARES DE RIOFRÍO,SALAMANCA,913,40.584127,-5.921219
37175,MACHACÓN,SALAMANCA,445,40.926241,-5.524237
37176,MADROÑAL,SALAMANCA,135,40.464237,-6.062963
37178,MALPARTIDA,SALAMANCA,80,40.762923,-5.231843
37183,MARTÍN DE YELTES,SALAMANCA,387,40.776849,-6.291169
37187,MATILLA DE LOS CAÑOS DEL RÍO,SALAMANCA,613,40.825163,-5.943105
37193,MIRANDA DEL CASTAÑAR,SALAMANCA,381,40.484767,-6.001082
37194,MOGARRAZ,SALAMANCA,252,40.492175,-6.052802
37195,MOLINILLO,SALAMANCA,43,40.468937,-5.944958
37196,MONFORTE DE LA SIERRA,SALAMANCA,53,40.483408,-6.056675
37197,MONLEÓN,SALAMANCA,85,40.58359,-5.846449
37199,MONSAGRO,SALAMANCA,127,40.502907,-6.269357
37201,MONTEMAYOR DEL RÍO,SALAMANCA,262,40.348921,-5.892683
37202,MONTERRUBIO DE ARMUÑA,SALAMANCA,1331,41.027268,-5.642939
37208,MORONTA,SALAMANCA,76,40.977858,-6.431896
37212,NAVACARROS,SALAMANCA,133,40.398356,-5.71585
37216,NAVALES,SALAMANCA,311,40.788491,-5.479534
37218,NAVAMORALES,SALAMANCA,44,40.477154,-5.477873
37222,NEGRILLA DE PALENCIA,SALAMANCA,76,41.091817,-5.592797
37223,OLMEDO DE CAMACES,SALAMANCA,94,40.879005,-6.623887
37228,PALACIOSRUBIOS,SALAMANCA,299,41.052021,-5.195171
37230,PARADA DE ARRIBA,SALAMANCA,272,40.986425,-5.792438
37233,PASTORES,SALAMANCA,56,40.51471,-6.509867
37235,PEDRAZA DE ALBA,SALAMANCA,220,40.754182,-5.375053
37242,PELAYOS,SALAMANCA,72,40.648817,-5.576755
37248,PERALEJOS DE ABAJO,SALAMANCA,171,41.004329,-6.363154
37254,PITIEGUA,SALAMANCA,182,41.061409,-5.466117
37255,PIZARRAL,SALAMANCA,64,40.616425,-5.652364
37256,POVEDA DE LAS CINTAS,SALAMANCA,194,41.046086,-5.260803
37258,PUEBLA DE AZABA,SALAMANCA,142,40.446846,-6.745221
37263,PUERTO DE BÉJAR,SALAMANCA,352,40.350445,-5.837014
37265,RÁGAMA,SALAMANCA,197,40.996751,-5.127972
37274,SALAMANCA,SALAMANCA,144866,40.967368,-5.665381
37277,SALVATIERRA DE TORMES,SALAMANCA,72,40.590482,-5.599763
37284,SAN ESTEBAN DE LA SIERRA,SALAMANCA,372,40.506716,-5.906054
37285,SAN FELICES DE LOS GALLEGOS,SALAMANCA,350,40.848965,-6.70893
37286,SAN MARTÍN DEL CASTAÑAR,SALAMANCA,234,40.5214,-6.06376
37290,SAN PEDRO DEL VALLE,SALAMANCA,269,41.033218,-5.860953
37280,SANCHÓN DE LA RIBERA,SALAMANCA,67,41.087792,-6.413205
37281,SANCHÓN DE LA SAGRADA,SALAMANCA,51,40.743902,-6.025265
37279,SANCTI-SPÍRITUS,SALAMANCA,731,40.7064,-6.400728
37283,SANDO,SALAMANCA,113,40.96691,-6.111699
37296,SANTIAGO DE LA PUEBLA,SALAMANCA,282,40.800842,-5.27991
37298,SANTIBÁÑEZ DE LA SIERRA,SALAMANCA,149,40.494079,-5.915348
37302,SAUCELLE,SALAMANCA,252,41.047859,-6.751371
37306,SERRADILLA DEL ARROYO,SALAMANCA,246,40.521846,-6.358477
37307,SERRADILLA DEL LLANO,SALAMANCA,138,40.49971,-6.358421
37311,SOBRADILLO,SALAMANCA,173,40.916351,-6.796646
37314,TABERA DE ABAJO,SALAMANCA,99,40.909399,-6.001915
37321,TENEBRÓN,SALAMANCA,121,40.624347,-6.355422
37332,VALDEHIJADEROS,SALAMANCA,84,40.418602,-5.848434
37333,VALDELACASA,SALAMANCA,189,40.505838,-5.763881
37334,VALDELAGEVE,SALAMANCA,67,40.368858,-5.992302
37336,VALDEMIERQUE,SALAMANCA,59,40.82204,-5.583892
37339,VALERO,SALAMANCA,286,40.534885,-5.942157
37345,VEGA DE TIRADOS,SALAMANCA,149,41.026163,-5.886289
37351,VILLAFLORES,SALAMANCA,260,41.083543,-5.233754
37354,VILLAMAYOR,SALAMANCA,7669,40.999644,-5.696926
37355,VILLANUEVA DEL CONDE,SALAMANCA,174,40.509221,-6.012144
37357,VILLAR DE CIERVO,SALAMANCA,253,40.736876,-6.739957
37371,VILLASRUBIAS,SALAMANCA,236,40.338459,-6.639055
37374,VILLORIA,SALAMANCA,1258,40.995253,-5.374333
37375,VILLORUELA,SALAMANCA,731,41.007556,-5.394406
40002,ADRADA DE PIRÓN,SEGOVIA,40,41.051588,-4.049899
40012,ALDEA REAL,SEGOVIA,287,41.18523,-4.165102
40013,ALDEASOÑA,SEGOVIA,67,41.471351,-4.055672
40021,AREVALILLO DE CEGA,SEGOVIA,18,41.16163,-3.88924
40022,ARMUÑA,SEGOVIA,241,41.07786,-4.318659
40024,AYLLÓN,SEGOVIA,1105,41.420809,-3.37688
40026,BASARDILLA,SEGOVIA,136,41.02723,-4.024937
40029,BERCIMUEL,SEGOVIA,36,41.399779,-3.571794
40030,BERNARDOS,SEGOVIA,463,41.129409,-4.352345
40031,BERNUY DE PORREROS,SEGOVIA,1247,41.000793,-4.115976
40035,CABAÑAS DE POLENDOS,SEGOVIA,199,41.067169,-4.109837
40037,CALABAZAS DE FUENTIDUEÑA,SEGOVIA,25,41.445675,-4.010101
40039,CAMPO DE SAN PEDRO,SEGOVIA,259,41.429832,-3.548563
40161,CARABIAS,SEGOVIA,54,41.455839,-3.707322
40044,CARRASCAL DEL RÍO,SEGOVIA,136,41.367534,-3.89817
40048,CASTROJIMENO,SEGOVIA,31,41.395003,-3.848845
40051,CASTROSERRACÍN,SEGOVIA,24,41.392332,-3.803069
40054,CEREZO DE ARRIBA,SEGOVIA,134,41.236916,-3.558063
40057,COCA,SEGOVIA,1703,41.218402,-4.522131
40058,CODORNIZ,SEGOVIA,307,41.067261,-4.598774
40060,CONDADO DE CASTILNOVO,SEGOVIA,79,41.241722,-3.744156
40902,COZUELOS DE FUENTIDUEÑA,SEGOVIA,105,41.391336,-4.095285
40062,CUBILLO,SEGOVIA,73,41.121695,-3.909214
40071,ENCINAS,SEGOVIA,40,41.374769,-3.668523
40073,ESCALONA DEL PRADO,SEGOVIA,468,41.166626,-4.122777
40075,ESCOBAR DE POLENDOS,SEGOVIA,166,41.090844,-4.13094
40077,ESPIRDO,SEGOVIA,1607,40.99774,-4.074144
40082,FUENTE DE SANTA CRUZ,SEGOVIA,99,41.209381,-4.63422
40088,FUENTERREBOLLO,SEGOVIA,339,41.297367,-3.932921
40089,FUENTESAÚCO DE FUENTIDUEÑA,SEGOVIA,223,41.424504,-4.062501
40091,FUENTESOTO,SEGOVIA,100,41.456727,-3.918604
40093,GALLEGOS,SEGOVIA,93,41.074543,-3.785968
40095,GOMEZSERRACÍN,SEGOVIA,625,41.288367,-4.32596
40105,JUARROS DE RIOMOROS,SEGOVIA,45,40.946422,-4.309412
40106,JUARROS DE VOLTOYA,SEGOVIA,184,41.03245,-4.518624
40113,LA LOSA,SEGOVIA,531,40.854462,-4.164652
40107,LABAJOS,SEGOVIA,106,40.843554,-4.52128
40109,LANGUILLA,SEGOVIA,84,41.448983,-3.424105
40118,MARAZUELA,SEGOVIA,53,40.977977,-4.36464
40131,MONTERRUBIO,SEGOVIA,56,40.848367,-4.3518
40132,MORAL DE HORNUEZ,SEGOVIA,40,41.464508,-3.616885
40140,NAVALILLA,SEGOVIA,97,41.340726,-3.93226
40143,NAVARES DE ENMEDIO,SEGOVIA,92,41.380953,-3.72311
40151,ORTIGOSA DE PESTAÑO,SEGOVIA,53,41.087144,-4.393957
40152,OTERO DE HERREROS,SEGOVIA,966,40.819471,-4.210451
40155,PALAZUELOS DE ERESMA,SEGOVIA,5968,40.930552,-4.061178
40156,PEDRAZA,SEGOVIA,349,41.128203,-3.810887
40159,PINAREJOS,SEGOVIA,194,41.259964,-4.293656
40163,PUEBLA DE PEDRAZA,SEGOVIA,51,41.204514,-3.913747
40171,RIBOTA,SEGOVIA,43,41.365788,-3.429448
40174,SACRAMENIA,SEGOVIA,330,41.494661,-3.963347
40182,SAN MARTÍN Y MUDRIÁN,SEGOVIA,251,41.223228,-4.331848
40193,SEBÚLCOR,SEGOVIA,241,41.270534,-3.883648
40194,SEGOVIA,SEGOVIA,51525,40.94987,-4.125241
40195,SEPÚLVEDA,SEGOVIA,988,41.298251,-3.750279
40196,SEQUERA DE FRESNO,SEGOVIA,47,41.367311,-3.546771
40199,SOTOSALBOS,SEGOVIA,135,41.034847,-3.942982
40200,TABANERA LA LUENGA,SEGOVIA,53,41.096269,-4.239355
40206,TORRE VAL DE SAN PEDRO,SEGOVIA,180,41.072405,-3.86923
40202,TORREADRADA,SEGOVIA,50,41.443576,-3.840762
40218,VALLE DE TABLADILLO,SEGOVIA,74,41.36238,-3.839956
40214,VALSECA,SEGOVIA,218,41.000293,-4.174479
40216,VALVERDE DEL MAJANO,SEGOVIA,1126,40.956398,-4.233884
40234,ZARZUELA DEL PINAR,SEGOVIA,408,41.258641,-4.184717
42001,ABEJAR,SORIA,386,41.807928,-2.782914
42013,ALDEHUELA DE PERIÁÑEZ,SORIA,30,41.808304,-2.306097
42019,ALMARZA,SORIA,626,41.947814,-2.468533
42022,ALMENAR DE SORIA,SORIA,216,41.68248,-2.200037
42024,ARANCÓN,SORIA,76,41.79938,-2.280158
42031,BARCONES,SORIA,25,41.291637,-2.816464
42032,BAYUBAS DE ABAJO,SORIA,144,41.52652,-2.896242
42033,BAYUBAS DE ARRIBA,SORIA,60,41.557858,-2.887809
42036,BLACOS,SORIA,38,41.681389,-2.85847
42038,BORJABAD,SORIA,30,41.553708,-2.364948
42039,BOROBIA,SORIA,228,41.665356,-1.896615
42042,BUITRAGO,SORIA,74,41.847282,-2.408343
42043,BURGO DE OSMA-CIUDAD DE OSMA,SORIA,5204,41.585776,-3.071508
42044,CABREJAS DEL CAMPO,SORIA,53,41.681701,-2.269697
42046,CALATAÑAZOR,SORIA,43,41.698348,-2.818858
42056,CASTILFRÍO DE LA SIERRA,SORIA,34,41.919904,-2.305467
42058,CASTILLEJO DE ROBLEDO,SORIA,95,41.557388,-3.495627
42060,CERBÓN,SORIA,30,41.929968,-2.171765
42064,CIRIA,SORIA,70,41.61899,-1.965548
42070,CUBILLA,SORIA,24,41.748859,-2.938485
42073,CUEVA DE ÁGREDA,SORIA,69,41.763155,-1.889334
42160,EL ROYO,SORIA,251,41.908542,-2.644826
42083,FRECHILLA DE ALMAZÁN,SORIA,21,41.426256,-2.515395
42086,FUENTECAMBRÓN,SORIA,32,41.504957,-3.328804
42088,FUENTELMONGE,SORIA,61,41.421609,-2.188182
42089,FUENTELSAZ DE SORIA,SORIA,64,41.867362,-2.414267
42093,FUENTESTRÚN,SORIA,52,41.874567,-2.081702
42141,LA PÓVEDA DE SORIA,SORIA,110,42.012535,-2.504514
42157,LA RIBA DE ESCALOTE,SORIA,8,41.35182,-2.796188
42014,LAS ALDEHUELAS,SORIA,60,41.994965,-2.366008
42149,LOS RÁBANOS,SORIA,476,41.717243,-2.475802
42211,LOS VILLARES DE SORIA,SORIA,75,41.864416,-2.355386
42107,MAGAÑA,SORIA,64,41.898862,-2.156098
42113,MEDINACELI,SORIA,671,41.171735,-2.434771
42115,MIÑO DE MEDINACELI,SORIA,78,41.189623,-2.519507
42118,MOMBLONA,SORIA,18,41.444416,-2.346359
42119,MONTEAGUDO DE LAS VICARÍAS,SORIA,177,41.366293,-2.166643
42120,MONTEJO DE TIERMES,SORIA,140,41.368546,-3.199736
42123,MORÓN DE ALMAZÁN,SORIA,202,41.414934,-2.413089
42128,NARROS,SORIA,71,41.847573,-2.294205
42135,ONCALA,SORIA,61,41.970101,-2.313454
42154,RENIEBLAS,SORIA,110,41.821427,-2.374987
42155,RETORTILLO DE SORIA,SORIA,130,41.311319,-2.9807
42156,REZNOS,SORIA,22,41.591228,-2.028237
42158,RIOSECO DE SORIA,SORIA,123,41.639753,-2.841307
42161,SALDUERO,SORIA,145,41.889912,-2.799451
42163,SAN FELICES,SORIA,59,41.937342,-2.026953
42164,SAN LEONARDO DE YAGÜE,SORIA,1949,41.829305,-3.066742
42165,SAN PEDRO MANRIQUE,SORIA,619,42.029577,-2.230619
42168,SANTA MARÍA DE LAS HOYAS,SORIA,113,41.770075,-3.144148
42176,TAJAHUERCE,SORIA,23,41.741041,-2.150749
42177,TAJUECO,SORIA,57,41.536323,-2.849461
42178,TALVEILA,SORIA,101,41.784079,-2.967284
42181,TARDELCUENDE,SORIA,424,41.595474,-2.64468
42185,TORREBLACOS,SORIA,26,41.670269,-2.87834
42188,TRÉVAGO,SORIA,47,41.873964,-2.102305
42192,VALDEGEÑA,SORIA,37,41.817041,-2.175475
42197,VALDERRODILLA,SORIA,62,41.563815,-2.808129
42198,VALTAJEROS,SORIA,19,41.938821,-2.223136
42200,VELAMAZÁN,SORIA,67,41.450548,-2.699467
42213,VILLASECA DE ARCIEL,SORIA,24,41.624243,-2.161347
42215,VINUESA,SORIA,833,41.911792,-2.762725
42218,YANGUAS,SORIA,106,42.101758,-2.339304
42219,YELO,SORIA,37,41.210319,-2.527312
47001,ADALIA,VALLADOLID,50,41.650252,-5.120514
47003,AGUILAR DE CAMPOS,VALLADOLID,259,41.984857,-5.179385
47008,ALMENARA DE ADAJA,VALLADOLID,22,41.214056,-4.676157
47010,ARROYO DE LA ENCOMIENDA,VALLADOLID,22268,41.609108,-4.797806
47011,ATAQUINES,VALLADOLID,573,41.181675,-4.803735
47013,BARCIAL DE LA LOMA,VALLADOLID,100,41.951994,-5.282214
47019,BERRUECES,VALLADOLID,93,41.945744,-5.097189
47020,BOBADILLA DEL CAMPO,VALLADOLID,284,41.20507,-5.022552
47027,CABEZÓN DE PISUERGA,VALLADOLID,3895,41.733648,-4.647278
47032,CAMPORREDONDO,VALLADOLID,147,41.473792,-4.504557
47035,CARPIO,VALLADOLID,938,41.215092,-5.11199
47040,CASTROBOL,VALLADOLID,45,42.136174,-5.314957
47042,CASTROMEMBIBRE,VALLADOLID,49,41.673873,-5.305383
47043,CASTROMONTE,VALLADOLID,326,41.773392,-5.040743
47047,CASTROVERDE DE CERRATO,VALLADOLID,189,41.756917,-4.220412
47055,CORCOS,VALLADOLID,210,41.811446,-4.694451
47057,CUBILLAS DE SANTA MARTA,VALLADOLID,404,41.834422,-4.613114
47063,FOMPEDRAZA,VALLADOLID,111,41.53717,-4.145692
47065,FRESNO EL VIEJO,VALLADOLID,836,41.196731,-5.146327
47070,GATÓN DE CAMPOS,VALLADOLID,41,42.050046,-4.978973
47074,HORNILLOS DE ERESMA,VALLADOLID,171,41.366127,-4.719939
47111,LA PEDRAJA DE PORTILLO,VALLADOLID,1175,41.472532,-4.647134
47232,LA ZARZA,VALLADOLID,118,41.261586,-4.771292
47076,LAGUNA DE DUERO,VALLADOLID,22907,41.583318,-4.722149
47080,MANZANILLO,VALLADOLID,48,41.585823,-4.188587
47081,MARZALES,VALLADOLID,41,41.58754,-5.133612
47084,MAYORGA,VALLADOLID,1409,42.16649,-5.262508
47090,MOJADOS,VALLADOLID,3393,41.432809,-4.661593
47092,MONTEALEGRE DE CAMPOS,VALLADOLID,105,41.902443,-4.898492
47094,MORAL DE LA REINA,VALLADOLID,146,41.985616,-5.067824
47098,MUCIENTES,VALLADOLID,691,41.743862,-4.760791
47102,NUEVA VILLA DE LAS TORRES,VALLADOLID,278,41.268017,-5.056775
47103,OLIVARES DE DUERO,VALLADOLID,327,41.638349,-4.366923
47104,OLMEDO,VALLADOLID,3564,41.288881,-4.684735
47105,OLMOS DE ESGUEVA,VALLADOLID,197,41.68761,-4.520828
47106,OLMOS DE PEÑAFIEL,VALLADOLID,38,41.572402,-4.041974
47115,PEÑAFLOR DE HORNIJA,VALLADOLID,350,41.711656,-4.984002
47124,POZALDEZ,VALLADOLID,500,41.371983,-4.846038
47130,QUINTANILLA DE TRIGUEROS,VALLADOLID,101,41.853786,-4.659283
47137,ROTURAS,VALLADOLID,26,41.667032,-4.11838
47139,RUEDA,VALLADOLID,1103,41.413679,-4.960717
47140,SAELICES DE MAYORGA,VALLADOLID,111,42.212059,-5.206132
47144,SAN MARTÍN DE VALVENÍ,VALLADOLID,84,41.753516,-4.566199
47145,SAN MIGUEL DEL ARROYO,VALLADOLID,646,41.442199,-4.460903
47148,SAN PEDRO DE LATARCE,VALLADOLID,434,41.735356,-5.326939
47152,SANTA EUFEMIA DEL ARROYO,VALLADOLID,73,41.894811,-5.265169
47154,SANTIBÁÑEZ DE VALCORBA,VALLADOLID,187,41.570067,-4.451421
47159,SERRADA,VALLADOLID,1109,41.457369,-4.862274
47163,TIEDRA,VALLADOLID,282,41.652308,-5.269345
47165,TORDESILLAS,VALLADOLID,8638,41.502023,-5.001276
47166,TORRECILLA DE LA ABADESA,VALLADOLID,250,41.485726,-5.08904
47168,TORRECILLA DE LA TORRE,VALLADOLID,28,41.665532,-5.050257
47174,TRIGUEROS DEL VALLE,VALLADOLID,314,41.830167,-4.651435
47180,VALDEARCOS DE LA VEGA,VALLADOLID,64,41.642407,-4.048624
47181,VALDENEBRO DE LOS VALLES,VALLADOLID,185,41.855907,-4.96906
47183,VALDUNQUILLO,VALLADOLID,116,42.039327,-5.312196
47188,VEGA DE VALDETRONCO,VALLADOLID,91,41.593065,-5.11389
47192,VENTOSA DE LA CUESTA,VALLADOLID,101,41.412759,-4.831303
47193,VIANA DE CEGA,VALLADOLID,2292,41.529431,-4.754222
47197,VILLABRÁGIMA,VALLADOLID,1048,41.822891,-5.117809
47198,VILLACARRALÓN,VALLADOLID,66,42.190792,-5.043635
47199,VILLACID DE CAMPOS,VALLADOLID,82,42.081421,-5.125034
47200,VILLACO,VALLADOLID,75,41.739745,-4.269896
47209,VILLALÁN DE CAMPOS,VALLADOLID,32,42.015225,-5.235106
47210,VILLALAR DE LOS COMUNEROS,VALLADOLID,490,41.548974,-5.137463
47212,VILLALBA DE LOS ALCORES,VALLADOLID,392,41.863127,-4.861809
47213,VILLALBARBA,VALLADOLID,100,41.602948,-5.213245
47214,VILLALÓN DE CAMPOS,VALLADOLID,1496,42.098539,-5.034294
47217,VILLANUBLA,VALLADOLID,2915,41.699577,-4.841232
47221,VILLANUEVA DE LOS INFANTES,VALLADOLID,112,41.703252,-4.48383
47223,VILLARDEFRADES,VALLADOLID,136,41.720387,-5.250124
47224,VILLARMENTERO DE ESGUEVA,VALLADOLID,102,41.685773,-4.547158
47226,VILLAVAQUERÍN,VALLADOLID,145,41.663152,-4.462227
49002,ABEZAMES,ZAMORA,60,41.625537,-5.425556
49005,ALFARAZ DE SAYAGO,ZAMORA,124,41.22741,-5.98281
49007,ALMARAZ DE DUERO,ZAMORA,397,41.4741,-5.915668
49012,ARGAÑÍN,ZAMORA,80,41.438872,-6.210181
49013,ARGUJILLO,ZAMORA,218,41.311744,-5.587089
49015,ARRABALDE,ZAMORA,194,42.107994,-5.893165
49016,ASPARIEGOS,ZAMORA,225,41.673541,-5.598533
49017,ASTURIANOS,ZAMORA,260,42.051862,-6.489204
49020,BELVER DE LOS MONTES,ZAMORA,253,41.722693,-5.452048
49022,BENEGILES,ZAMORA,268,41.627677,-5.635101
49026,BRETOCINO,ZAMORA,195,41.88379,-5.754672
49027,BRIME DE SOG,ZAMORA,116,42.061129,-6.04653
49029,BURGANES DE VALVERDE,ZAMORA,618,41.921624,-5.782226
49030,BUSTILLO DEL ORO,ZAMORA,79,41.675185,-5.462556
49031,CABAÑAS DE SAYAGO,ZAMORA,151,41.333304,-5.791677
49033,CAMARZANA DE TERA,ZAMORA,746,41.995064,-6.026896
49038,CASASECA DE CAMPEÁN,ZAMORA,86,41.374446,-5.74561
49042,CASTRONUEVO,ZAMORA,218,41.721607,-5.543368
49043,CASTROVERDE DE CAMPOS,ZAMORA,256,41.969999,-5.317602
49047,CERECINOS DEL CARRIZAL,ZAMORA,108,41.682681,-5.651762
49054,CORRALES DEL VINO,ZAMORA,929,41.35782,-5.725187
49059,CUELGAMURES,ZAMORA,80,41.306976,-5.65797
49146,EL PEGO,ZAMORA,284,41.333303,-5.466657
49151,EL PERDIGÓN,ZAMORA,650,41.41341,-5.75455
49062,ESPADAÑEDO,ZAMORA,104,42.116383,-6.394126
49064,FARIZA,ZAMORA,496,41.42006,-6.270811
49065,FERMOSELLE,ZAMORA,1149,41.318564,-6.399301
49068,FERRERUELA,ZAMORA,419,41.766392,-6.071531
49069,FIGUERUELA DE ARRIBA,ZAMORA,318,41.868799,-6.445423
49077,FRESNO DE SAYAGO,ZAMORA,143,41.318667,-5.971441
49083,FUENTESECAS,ZAMORA,44,41.628757,-5.475193
49086,GALLEGOS DEL PAN,ZAMORA,116,41.599915,-5.580577
49090,GEMA,ZAMORA,197,41.419497,-5.648797
49024,LA BÓVEDA DE TORO,ZAMORA,676,41.342867,-5.408458
49100,LUBIÁN,ZAMORA,290,42.03546,-6.906032
49104,MAHIDE,ZAMORA,310,41.869063,-6.377211
49107,MALVA,ZAMORA,100,41.653463,-5.488447
49109,MANGANESES DE LA POLVOROSA,ZAMORA,641,42.035274,-5.746713
49114,MATILLA LA SECA,ZAMORA,36,41.578904,-5.500276
49116,MELGAR DE TERA,ZAMORA,351,41.96624,-6.014163
49117,MICERECES DE TERA,ZAMORA,414,41.989068,-5.872077
49124,MORAL DE SAYAGO,ZAMORA,262,41.473095,-6.100941
49127,MORALES DEL VINO,ZAMORA,3085,41.446216,-5.730921
49136,MUGA DE SAYAGO,ZAMORA,317,41.3886,-6.198281
49143,PALACIOS DE SANABRIA,ZAMORA,230,42.053217,-6.530843
49147,PELEAGONZALO,ZAMORA,294,41.481571,-5.482456
49148,PELEAS DE ABAJO,ZAMORA,255,41.392801,-5.689214
49149,PEÑAUSENDE,ZAMORA,375,41.286637,-5.867299
49153,PERILLA DE CASTRO,ZAMORA,148,41.725449,-5.876645
49157,PINO DEL ORO,ZAMORA,175,41.576952,-6.121489
49160,POBLADURA DE VALDERADUEY,ZAMORA,35,41.700012,-5.542517
49159,POBLADURA DEL VALLE,ZAMORA,273,42.102439,-5.734194
49168,QUINTANILLA DEL MONTE,ZAMORA,95,41.868904,-5.350995
49173,RÁBANO DE ALISTE,ZAMORA,314,41.742251,-6.432775
49178,ROALES,ZAMORA,1022,41.552448,-5.773998
49183,SALCE,ZAMORA,85,41.270208,-6.218572
49184,SAMIR DE LOS CAÑOS,ZAMORA,156,41.672715,-6.164073
49185,SAN AGUSTÍN DEL POZO,ZAMORA,166,41.886411,-5.593888
49186,SAN CEBRIÁN DE CASTRO,ZAMORA,249,41.706371,-5.754891
49188,SAN ESTEBAN DEL MOLAR,ZAMORA,109,41.936665,-5.551598
49208,SAN VICENTE DE LA CABEZA,ZAMORA,323,41.80438,-6.253115
49209,SAN VITERO,ZAMORA,429,41.778447,-6.349144
49199,SANTA COLOMBA DE LAS MONJAS,ZAMORA,232,41.957518,-5.683644
49224,TREFACIO,ZAMORA,165,42.122584,-6.649728
49225,UÑA DE QUINTANA,ZAMORA,121,42.086562,-6.143883
49228,VALDEFINJAS,ZAMORA,59,41.452477,-5.453213
49232,VEGA DE VILLALOBOS,ZAMORA,91,41.971014,-5.463363
49235,VEZDEMARBÁN,ZAMORA,439,41.653124,-5.365947
49236,VIDAYANES,ZAMORA,76,41.909591,-5.574331
49239,VILLABUENA DEL PUENTE,ZAMORA,586,41.38096,-5.406575
49240,VILLADEPERA,ZAMORA,179,41.54861,-6.131441
49241,VILLAESCUSA,ZAMORA,237,41.206823,-5.463688
49246,VILLALBA DE LA LAMPREANA,ZAMORA,212,41.743269,-5.641027
49248,VILLALOBOS,ZAMORA,193,41.948233,-5.475756
49250,VILLALPANDO,ZAMORA,1399,41.864879,-5.414703
49252,VILLAMAYOR DE CAMPOS,ZAMORA,339,41.897478,-5.362892
49255,VILLAMOR DE LOS ESCUDEROS,ZAMORA,365,41.253031,-5.574626
49256,VILLANÁZAR,ZAMORA,249,41.974128,-5.780287
49262,VILLARDECIERVOS,ZAMORA,392,41.942316,-6.289652
49265,VILLARDIEGUA DE LA RIBERA,ZAMORA,116,41.53635,-6.182029
49267,VILLARDONDIEGO,ZAMORA,127,41.584417,-5.378432
49268,VILLARRÍN DE CAMPOS,ZAMORA,415,41.796464,-5.638397
49270,VILLAVENDIMIO,ZAMORA,156,41.578619,-5.342834
5001,ADANERO,ÁVILA,208,40.944236,-4.603775
5005,ALBORNOS,ÁVILA,175,40.835453,-4.886271
5015,AREVALILLO,ÁVILA,58,40.587063,-5.371997
5023,BARROMÁN,ÁVILA,175,41.06568,-4.931357
5029,BERNUY-ZAPARDIEL,ÁVILA,84,40.976025,-4.943348
5030,BERROCALEJO DE ARAGONA,ÁVILA,56,40.699531,-4.592236
5045,CABIZUELA,ÁVILA,88,40.90119,-4.801294
5046,CANALES,ÁVILA,35,41.003967,-4.901173
5054,CASAVIEJA,ÁVILA,1394,40.279297,-4.765808
5057,CEBREROS,ÁVILA,3239,40.454779,-4.464399
5062,COLLADO DE CONTRERAS,ÁVILA,145,40.88773,-4.930021
5064,CONSTANZANA,ÁVILA,99,40.938421,-4.874063
5013,EL ARENAL,ÁVILA,978,40.265212,-5.086854
5112,EL LOSAR DEL BARCO,ÁVILA,63,40.392406,-5.539015
5129,EL MIRÓN,ÁVILA,98,40.531673,-5.405187
5078,FUENTES DE AÑO,ÁVILA,88,41.017549,-4.898007
5079,GALLEGOS DE ALTAMIROS,ÁVILA,60,40.709599,-4.89866
5085,GIL GARCÍA,ÁVILA,47,40.297222,-5.59615
5087,GOTARRENDURA,ÁVILA,167,40.827136,-4.739094
5088,GRANDES Y SAN MARTÍN,ÁVILA,32,40.755002,-4.958777
5089,GUISANDO,ÁVILA,474,40.221963,-5.140112
5090,GUTIERRE-MUÑOZ,ÁVILA,64,40.982699,-4.636491
5094,HERREROS DE SUSO,ÁVILA,140,40.802534,-5.038494
5002,LA ADRADA,ÁVILA,2796,40.301364,-4.63746
5096,LA HIJA DE DIOS,ÁVILA,75,40.533872,-4.972665
5097,LA HORCAJADA,ÁVILA,457,40.435305,-5.466432
5118,MANCERA DE ARRIBA,ÁVILA,70,40.790929,-5.148302
5119,MANJABÁLAGO Y ORTIGOSA DE RIOALMAR,ÁVILA,26,40.665623,-5.077413
5121,MARTIHERRERO,ÁVILA,361,40.673934,-4.781796
5122,MARTÍNEZ,ÁVILA,108,40.630813,-5.34692
5126,MESEGAR DE CORNEJA,ÁVILA,66,40.501572,-5.301507
5127,MIJARES,ÁVILA,731,40.297768,-4.838469
5128,MINGORRÍA,ÁVILA,410,40.751028,-4.665175
5130,MIRONCILLO,ÁVILA,112,40.554959,-4.825349
5131,MIRUEÑA DE LOS INFANZONES,ÁVILA,95,40.737499,-5.093717
5133,MONSALUPE,ÁVILA,59,40.769202,-4.781304
5135,MUÑANA,ÁVILA,502,40.590961,-5.014648
5138,MUÑOGALINDO,ÁVILA,300,40.603862,-4.901397
5139,MUÑOGRANDE,ÁVILA,74,40.821577,-4.921427
5140,MUÑOMER DEL PECO,ÁVILA,111,40.859571,-4.880465
5142,MUÑOSANCHO,ÁVILA,88,40.921973,-5.035046
5143,MUÑOTELLO,ÁVILA,49,40.542697,-5.040689
5144,NARRILLOS DEL ÁLAMO,ÁVILA,59,40.567055,-5.466694
5157,NAVALACRUZ,ÁVILA,204,40.439978,-4.932213
5160,NAVALOSA,ÁVILA,324,40.401826,-4.931181
5161,NAVALPERAL DE PINARES,ÁVILA,826,40.594486,-4.409132
5162,NAVALPERAL DE TORMES,ÁVILA,77,40.352879,-5.30008
5163,NAVALUENGA,ÁVILA,2172,40.412733,-4.708148
5164,NAVAQUESERA,ÁVILA,43,40.425026,-4.908764
5169,NAVATALGORDO,ÁVILA,237,40.415394,-4.869799
5171,NEILA DE SAN MIGUEL,ÁVILA,62,40.424615,-5.651008
5172,NIHARRA,ÁVILA,183,40.588588,-4.839461
5174,ORBITA,ÁVILA,69,40.998381,-4.647247
5176,PADIERNOS,ÁVILA,275,40.621932,-4.844785
5177,PAJARES DE ADAJA,ÁVILA,127,40.923697,-4.640356
5181,PASCUALCOBO,ÁVILA,39,40.655339,-5.277265
5186,PIEDRAHÍTA,ÁVILA,1637,40.463777,-5.32792
5195,RIOFRÍO,ÁVILA,191,40.547284,-4.777999
5196,RIVILLA DE BARAJAS,ÁVILA,56,40.901297,-4.987756
5201,SAN BARTOLOMÉ DE PINARES,ÁVILA,489,40.543187,-4.540079
5209,SAN GARCÍA DE INGELMOS,ÁVILA,66,40.769932,-5.11618
5213,SAN JUAN DEL OLMO,ÁVILA,81,40.653173,-5.05025
5218,SAN MIGUEL DE SERREZUELA,ÁVILA,106,40.670366,-5.288092
5220,SAN PEDRO DEL ARROYO,ÁVILA,501,40.805112,-4.867618
5205,SANCHORREJA,ÁVILA,79,40.664841,-4.914851
5222,SANTA CRUZ DE PINARES,ÁVILA,170,40.542215,-4.579379
5225,SANTA MARÍA DEL BERROCAL,ÁVILA,382,40.509532,-5.406048
5902,SANTA MARÍA DEL CUBILLO,ÁVILA,322,40.742212,-4.472778
5228,SANTIAGO DEL COLLADO,ÁVILA,162,40.433561,-5.356583
5229,SANTO DOMINGO DE LAS POSADAS,ÁVILA,69,40.812408,-4.633024
5230,SANTO TOMÉ DE ZABARCOS,ÁVILA,71,40.787784,-4.910307
5236,SOLANA DE ÁVILA,ÁVILA,100,40.314719,-5.614766
5237,SOLANA DE RIOALMAR,ÁVILA,138,40.737923,-5.010111
5240,SOTILLO DE LA ADRADA,ÁVILA,5003,40.292542,-4.580612
5243,TOLBAÑOS,ÁVILA,86,40.751776,-4.581197
5244,TORMELLAS,ÁVILA,35,40.304933,-5.509627
5252,VALDECASA,ÁVILA,56,40.659187,-5.011577
5257,VILLAFRANCA DE LA SIERRA,ÁVILA,134,40.497326,-5.229974
5265,VITA,ÁVILA,71,40.812382,-5.005955
9007,AGUILAR DE BUREBA,BURGOS,50,42.590132,-3.328516
9009,ALBILLOS,BURGOS,214,42.276171,-3.791095
9012,ALFOZ DE SANTA GADEA,BURGOS,101,42.955776,-3.952068
9016,AMEYUGO,BURGOS,108,42.656227,-3.061089
9017,ANGUIX,BURGOS,156,41.752741,-3.931087
9018,ARANDA DE DUERO,BURGOS,33757,41.67155,-3.689244
9021,ARAUZO DE SALCE,BURGOS,46,41.819942,-3.41129
9025,ARIJA,BURGOS,115,42.993881,-3.944988
9027,ARRAYA DE OCA,BURGOS,53,42.415773,-3.398138
9029,ATAPUERCA,BURGOS,180,42.378193,-3.507224
9033,BAHABÓN DE ESGUEVA,BURGOS,84,41.861384,-3.728434
9035,BAÑOS DE VALDEARADOS,BURGOS,318,41.771227,-3.556407
9037,BARBADILLO DE HERREROS,BURGOS,104,42.149517,-3.1771
9044,BARRIOS DE COLINA,BURGOS,55,42.395947,-3.461802
9045,BASCONCILLOS DEL TOZO,BURGOS,294,42.701617,-3.990265
9046,BASCUÑANA,BURGOS,18,42.424312,-3.082748
9048,BELORADO,BURGOS,1834,42.420584,-3.189708
9054,BOZOÓ,BURGOS,102,42.726249,-3.085279
9055,BRAZACORTA,BURGOS,45,41.717094,-3.367476
9056,BRIVIESCA,BURGOS,6560,42.54898,-3.323904
9061,CABAÑES DE ESGUEVA,BURGOS,149,41.831291,-3.784695
9066,CAMPOLARA,BURGOS,48,42.119136,-3.427732
9070,CARAZO,BURGOS,39,41.967561,-3.356685
9072,CARCEDO DE BURGOS,BURGOS,484,42.286212,-3.622927
9076,CARRIAS,BURGOS,24,42.48163,-3.284185
9083,CASTIL DE PEONES,BURGOS,35,42.48291,-3.385787
9082,CASTILDELGADO,BURGOS,28,42.436243,-3.085195
9084,CASTRILLO DE LA REINA,BURGOS,158,41.986884,-3.236529
9088,CASTRILLO DE RIOPISUERGA,BURGOS,58,42.515748,-4.253352
9090,CASTRILLO MOTA DE JUDÍOS,BURGOS,52,42.307578,-4.172776
9095,CELADA DEL CAMINO,BURGOS,90,42.263839,-3.934014
9103,CILLERUELO DE ABAJO,BURGOS,209,41.884436,-3.794648
9104,CILLERUELO DE ARRIBA,BURGOS,49,41.904822,-3.661674
9109,CONDADO DE TREVIÑO,BURGOS,1489,42.735329,-2.747459
9113,COVARRUBIAS,BURGOS,505,42.057516,-3.518868
9115,CUBO DE BUREBA,BURGOS,101,42.640333,-3.207594
9119,CUEVAS DE SAN CLEMENTE,BURGOS,45,42.129783,-3.568761
9124,ESPINOSA DE LOS MONTEROS,BURGOS,1648,43.076359,-3.552854
9125,ESTÉPAR,BURGOS,634,42.276288,-3.897513
9129,FRESNEDA DE LA SIERRA TIRÓN,BURGOS,97,42.314386,-3.136604
9130,FRESNEÑA,BURGOS,66,42.414131,-3.134692
9131,FRESNILLO DE LAS DUEÑAS,BURGOS,693,41.647427,-3.644482
9132,FRESNO DE RÍO TIRÓN,BURGOS,160,42.459782,-3.175839
9135,FUENTEBUREBA,BURGOS,56,42.633797,-3.234478
9137,FUENTELCÉSPED,BURGOS,273,41.591514,-3.640806
9138,FUENTELISENDO,BURGOS,99,41.623606,-3.901042
9141,FUENTESPINA,BURGOS,816,41.631349,-3.683701
9143,GALBARROS,BURGOS,27,42.528457,-3.43745
9149,GRISALEÑA,BURGOS,53,42.591522,-3.264364
9154,HACINAS,BURGOS,149,41.985985,-3.287554
9160,HONTANGAS,BURGOS,99,41.582757,-3.796042
9164,HONTORIA DE VALDEARADOS,BURGOS,164,41.743167,-3.520242
9163,HONTORIA DEL PINAR,BURGOS,610,41.848031,-3.164524
9167,HORNILLOS DEL CAMINO,BURGOS,46,42.339102,-3.926326
9170,HOYALES DE ROA,BURGOS,212,41.659345,-3.862192
9173,HUERTA DE ARRIBA,BURGOS,128,42.11675,-3.082353
9174,HUERTA DE REY,BURGOS,881,41.840641,-3.348187
9177,IBEAS DE JUARROS,BURGOS,1445,42.330328,-3.536577
9179,IGLESIARRUBIA,BURGOS,45,41.974404,-3.846552
9190,JUNTA DE VILLALBA DE LOSA,BURGOS,78,42.935379,-3.087829
9168,LA HORRA,BURGOS,303,41.741033,-3.873493
9276,LA PUEBLA DE ARGANZÓN,BURGOS,557,42.766841,-2.83136
9312,LA REVILLA Y AHEDO,BURGOS,101,42.013629,-3.330408
9421,LA VID Y BARRIOS,BURGOS,245,41.628684,-3.487962
9297,LAS QUINTANILLAS,BURGOS,388,42.372133,-3.843807
9194,LERMA,BURGOS,2556,42.02736,-3.759314
9030,LOS AUSINES,BURGOS,165,42.225586,-3.591431
9198,MAHAMUD,BURGOS,105,42.120352,-3.941882
9200,MAMBRILLAS DE LARA,BURGOS,56,42.095596,-3.45962
9213,MERINDAD DE CUESTA-URRIA,BURGOS,270,42.841895,-3.418599
9214,MERINDAD DE MONTIJA,BURGOS,736,43.067273,-3.470112
9906,MERINDAD DE RÍO UBIERNA,BURGOS,1411,42.437085,-3.680833
9220,MIRAVECHE,BURGOS,95,42.67318,-3.200843
9225,MONCALVILLO,BURGOS,76,41.954034,-3.199486
9226,MONTERRUBIO DE LA DEMANDA,BURGOS,56,42.149598,-3.112652
9227,MONTORIO,BURGOS,149,42.584723,-3.776397
9229,NAVA DE ROA,BURGOS,199,41.612643,-3.963636
9239,OQUILLAS,BURGOS,49,41.830809,-3.706049
9241,ORBANEJA RIOPICO,BURGOS,350,42.361152,-3.585219
9249,PALAZUELOS DE MUÑÓ,BURGOS,54,42.198079,-3.989669
9253,PARDILLA,BURGOS,102,41.552556,-3.71057
9257,PEDROSA DEL PÁRAMO,BURGOS,89,42.439456,-3.976085
9261,PEÑARANDA DE DUERO,BURGOS,465,41.688537,-3.479138
9266,PINEDA DE LA SIERRA,BURGOS,94,42.216142,-3.296928
9268,PINILLA DE LOS BARRUECOS,BURGOS,98,41.918199,-3.304483
9273,PRÁDANOS DE BUREBA,BURGOS,56,42.503223,-3.347719
9277,PUENTEDURA,BURGOS,122,42.041902,-3.582175
9281,QUINTANA DEL PIDIO,BURGOS,149,41.759125,-3.751338
9280,QUINTANABUREBA,BURGOS,31,42.586767,-3.366316
9289,QUINTANAR DE LA SIERRA,BURGOS,1513,41.979978,-3.041477
9302,RABANERA DEL PINAR,BURGOS,99,41.892791,-3.196583
9303,RÁBANOS,BURGOS,79,42.319106,-3.269499
9308,REDECILLA DEL CAMPO,BURGOS,67,42.466164,-3.113821
9321,ROA,BURGOS,2244,41.697195,-3.927859
9323,ROJAS,BURGOS,60,42.5776,-3.442423
9325,ROYUELA DE RÍO FRANCO,BURGOS,170,41.997829,-3.958028
9327,RUBLACEDO DE ABAJO,BURGOS,33,42.55491,-3.50256
9330,SALAS DE LOS INFANTES,BURGOS,1984,42.022314,-3.282137
9340,SAN MILLÁN DE LARA,BURGOS,61,42.135626,-3.344955
9360,SAN VICENTE DEL VALLE,BURGOS,28,42.336869,-3.161841
9348,SANTA INÉS,BURGOS,155,42.040327,-3.702984
9361,SARGENTES DE LA LORA,BURGOS,133,42.769086,-3.874035
9363,SASAMÓN,BURGOS,912,42.418242,-4.044174
9368,SORDILLOS,BURGOS,22,42.462676,-4.107552
9369,SOTILLO DE LA RIBERA,BURGOS,470,41.776969,-3.824946
9372,SOTRAGERO,BURGOS,301,42.409518,-3.713469
9374,SUSINOS DEL PÁRAMO,BURGOS,118,42.471035,-3.926748
9375,TAMARÓN,BURGOS,55,42.272819,-3.990838
9382,TOBAR,BURGOS,27,42.48399,-3.93941
9386,TORRECILLA DEL MONTE,BURGOS,79,42.09532,-3.694219
9387,TORREGALINDO,BURGOS,123,41.582486,-3.753342
9390,TORRESANDINO,BURGOS,574,41.829444,-3.909639
9396,TUBILLA DEL LAGO,BURGOS,171,41.801115,-3.586698
9398,ÚRBEL DEL CASTILLO,BURGOS,58,42.619362,-3.844807
9403,VALDEANDE,BURGOS,98,41.832749,-3.528794
9405,VALDEZATE,BURGOS,121,41.602553,-3.931026
9408,VALLARTA DE BUREBA,BURGOS,42,42.58807,-3.203619
9904,VALLE DE LAS NAVAS,BURGOS,543,42.452602,-3.637037
9409,VALLE DE MANZANEDO,BURGOS,115,42.897273,-3.691368
9905,VALLE DE SEDANO,BURGOS,409,42.716832,-3.749952
9412,VALLE DE TOBALINA,BURGOS,863,42.791907,-3.271532
9414,VALLE DE VALDELAGUNA,BURGOS,191,42.115335,-3.147067
9415,VALLE DE VALDELUCIO,BURGOS,330,42.717861,-4.120628
9416,VALLE DE ZAMANZAS,BURGOS,45,42.849353,-3.756044
9407,VALMALA,BURGOS,26,42.30518,-3.25488
9423,VILEÑA,BURGOS,27,42.621598,-3.322169
9427,VILLADIEGO,BURGOS,1455,42.515812,-4.009884
9428,VILLAESCUSA DE ROA,BURGOS,90,41.727242,-4.017407
9437,VILLAHOZ,BURGOS,287,42.077121,-3.914042
9438,VILLALBA DE DUERO,BURGOS,706,41.682696,-3.743865
9444,VILLAMAYOR DE TREVIÑO,BURGOS,56,42.459856,-4.119665
9450,VILLANUEVA DE CARAZO,BURGOS,27,41.983698,-3.324519
9454,VILLANUEVA DE TEBA,BURGOS,42,42.649823,-3.16417
9903,VILLARCAYO DE MERINDAD DE CASTILLA LA VIEJA,BURGOS,4047,42.938486,-3.57246
9471,VILLAYERNO MORQUILLAS,BURGOS,205,42.39598,-3.639004
9472,VILLAZOPEQUE,BURGOS,52,42.199186,-4.017545
9473,VILLEGAS,BURGOS,79,42.468468,-4.01703
9482,ZARZOSA DE RÍO PISUERGA,BURGOS,31,42.536209,-4.26807
9483,ZAZUAR,BURGOS,209,41.695618,-3.555287
24006,ARDÓN,LEÓN,550,42.435878,-5.558092
24009,BALBOA,LEÓN,263,42.706199,-6.920859
24014,BEMBIBRE,LEÓN,8158,42.615067,-6.416706
24015,BENAVIDES,LEÓN,2342,42.501845,-5.896421
24018,BERCIANOS DEL REAL CAMINO,LEÓN,186,42.38714,-5.14673
24027,CABAÑAS RARAS,LEÓN,1302,42.619909,-6.636463
24028,CABREROS DEL RÍO,LEÓN,408,42.402403,-5.544824
24034,CAMPONARAYA,LEÓN,4104,42.580365,-6.671347
24051,CEA,LEÓN,378,42.463411,-5.01311
24053,CEBRONES DEL RÍO,LEÓN,435,42.257875,-5.825095
24065,CHOZAS DE ABAJO,LEÓN,2678,42.506675,-5.687187
24055,CIMANES DEL TEJAR,LEÓN,738,42.618004,-5.806214
24061,CUADROS,LEÓN,2090,42.71095,-5.638963
24062,CUBILLAS DE LOS OTEROS,LEÓN,137,42.371707,-5.507514
24063,CUBILLAS DE RUEDA,LEÓN,385,42.655444,-5.173623
24070,FABERO,LEÓN,4061,42.763088,-6.628094
24071,FOLGOSO DE LA RIBERA,LEÓN,982,42.643089,-6.319423
24078,GORDONCILLO,LEÓN,308,42.1355,-5.401977
24079,GRADEFES,LEÓN,925,42.623816,-5.226177
24080,GRAJAL DE CAMPOS,LEÓN,209,42.320539,-5.020685
24082,HOSPITAL DE ÓRBIGO,LEÓN,956,42.463565,-5.882493
24086,JOARILLA DE LAS MATAS,LEÓN,245,42.287929,-5.17853
24010,LA BAÑEZA,LEÓN,10023,42.29655,-5.899119
24114,LA POLA DE GORDÓN,LEÓN,2842,42.854769,-5.669558
24104,LAS OMAÑAS,LEÓN,259,42.682437,-5.869651
24012,LOS BARRIOS DE LUNA,LEÓN,294,42.84541,-5.861891
24090,LUCILLO,LEÓN,356,42.409487,-6.303396
24091,LUYEGO,LEÓN,554,42.376635,-6.236308
24094,MANSILLA DE LAS MULAS,LEÓN,1663,42.498659,-5.416444
24095,MANSILLA MAYOR,LEÓN,324,42.508341,-5.443959
24096,MARAÑA,LEÓN,111,43.048919,-5.175805
24103,OENCIA,LEÓN,277,42.546796,-6.970608
24109,PALACIOS DEL SIL,LEÓN,844,42.87538,-6.433875
24110,PÁRAMO DEL SIL,LEÓN,1169,42.82003,-6.490129
24120,PRIORO,LEÓN,349,42.893396,-4.962127
24122,PUENTE DE DOMINGO FLÓREZ,LEÓN,1385,42.410721,-6.818355
24123,QUINTANA DEL CASTILLO,LEÓN,717,42.661303,-6.045955
24124,QUINTANA DEL MARCO,LEÓN,319,42.206083,-5.851007
24125,QUINTANA Y CONGOSTO,LEÓN,416,42.256138,-6.037687
24130,RIAÑO,LEÓN,474,42.973051,-5.016162
24131,RIEGO DE LA VEGA,LEÓN,714,42.388788,-5.982322
24136,ROPERUELOS DEL PÁRAMO,LEÓN,499,42.237478,-5.782739
24139,SAHAGÚN,LEÓN,2398,42.371199,-5.033238
24144,SAN CRISTÓBAL DE LA POLANTERA,LEÓN,625,42.390533,-5.907452
24149,SAN MILLÁN DE LOS CABALLEROS,LEÓN,191,42.284971,-5.561072
24154,SANTA ELENA DE JAMUZ,LEÓN,1015,42.259454,-5.888204
24158,SANTA MARÍA DE ORDÁS,LEÓN,2999,42.726353,-5.823676
24159,SANTA MARINA DEL REY,LEÓN,1745,42.512796,-5.861994
24174,URDIALES DEL PÁRAMO,LEÓN,449,42.37239,-5.771081
24185,VAL DE SAN LORENZO,LEÓN,492,42.417871,-6.122684
24175,VALDEFRESNO,LEÓN,2335,42.593744,-5.49251
24179,VALDEPIÉLAGO,LEÓN,308,42.869327,-5.398413
24187,VALDEVIMBRE,LEÓN,894,42.41962,-5.620023
24188,VALENCIA DE DON JUAN,LEÓN,5094,42.293802,-5.520189
24191,VALLECILLO,LEÓN,101,42.355757,-5.210621
24189,VALVERDE DE LA VIRGEN,LEÓN,7806,42.56918,-5.682925
24201,VEGAS DEL CONDADO,LEÓN,1154,42.68479,-5.364936
24202,VILLABLINO,LEÓN,7709,42.939834,-6.317
24210,VILLAGATÓN,LEÓN,636,42.634792,-6.161846
24901,VILLAMANÍN,LEÓN,876,42.937028,-5.655952
24212,VILLAMAÑÁN,LEÓN,1076,42.321792,-5.585622
24213,VILLAMARTÍN DE DON SANCHO,LEÓN,144,42.570625,-5.061023
24215,VILLAMOL,LEÓN,136,42.428552,-5.04907
24902,VILLAORNATE Y CASTRO,LEÓN,337,42.184812,-5.549757
24222,VILLAQUILAMBRE,LEÓN,18647,42.646313,-5.55877
24223,VILLAREJO DE ÓRBIGO,LEÓN,2873,42.445197,-5.903779
24225,VILLASABARIEGO,LEÓN,1148,42.533365,-5.414738
24226,VILLASELÁN,LEÓN,180,42.560954,-5.047914
24230,ZOTES DEL PÁRAMO,LEÓN,402,42.272364,-5.73638
34004,AGUILAR DE CAMPOO,PALENCIA,6823,42.792646,-4.259938
34006,ALBA DE CERRATO,PALENCIA,82,41.812498,-4.365933
34011,AMUSCO,PALENCIA,410,42.173116,-4.470261
34018,AUTILLA DEL PINO,PALENCIA,219,41.991182,-4.633994
34022,BALTANÁS,PALENCIA,1228,41.939332,-4.246125
34025,BÁRCENA DE CAMPOS,PALENCIA,53,42.48339,-4.49966
34041,CALAHORRA DE BOEDO,PALENCIA,83,42.57537,-4.386044
34045,CAPILLAS,PALENCIA,72,42.013637,-4.890722
34062,CONGOSTO DE VALDAVIA,PALENCIA,140,42.714604,-4.634857
34071,ESPINOSA DE VILLAGONZALO,PALENCIA,154,42.481354,-4.370744
34076,FUENTES DE NAVA,PALENCIA,567,42.083259,-4.781862
34080,GUARDO,PALENCIA,5548,42.788941,-4.84151
34081,GUAZA DE CAMPOS,PALENCIA,55,42.135731,-4.90823
34086,HONTORIA DE CERRATO,PALENCIA,106,41.911204,-4.443069
34175,LA SERNA,PALENCIA,93,42.415194,-4.664614
34093,LA VID DE OJEDA,PALENCIA,90,42.659136,-4.38495
34092,LANTADILLA,PALENCIA,273,42.340756,-4.274928
34098,MAGAZ DE PISUERGA,PALENCIA,1031,41.982451,-4.426836
34110,MUDÁ,PALENCIA,80,42.875967,-4.394121
34113,OLEA DE BOEDO,PALENCIA,39,42.608643,-4.448945
34122,PÁRAMO DE BOEDO,PALENCIA,104,42.579462,-4.396834
34123,PAREDES DE NAVA,PALENCIA,1911,42.152818,-4.694164
34125,PEDRAZA DE CAMPOS,PALENCIA,72,41.983496,-4.736645
34126,PEDROSA DE LA VEGA,PALENCIA,280,42.47994,-4.74659
34129,PINO DEL RÍO,PALENCIA,163,42.644268,-4.806071
34130,PIÑA DE CAMPOS,PALENCIA,193,42.213545,-4.435362
34131,POBLACIÓN DE ARROYO,PALENCIA,42,42.336825,-4.874743
34136,POZA DE LA VEGA,PALENCIA,166,42.578297,-4.796782
34139,PRÁDANOS DE OJEDA,PALENCIA,181,42.6825,-4.347618
34147,RENEDO DE LA VEGA,PALENCIA,192,42.453894,-4.702426
34157,SALDAÑA,PALENCIA,2869,42.522062,-4.735138
34161,SAN CRISTÓBAL DE BOEDO,PALENCIA,20,42.542275,-4.35198
34167,SANTA CECILIA DEL ALCOR,PALENCIA,92,41.932604,-4.659757
34184,TORREMORMOJÓN,PALENCIA,45,41.961474,-4.777317
34190,VALDERRÁBANO,PALENCIA,47,42.604926,-4.65438
34192,VALDE-UCIEZA,PALENCIA,76,42.398462,-4.575278
34196,VALLE DE CERRATO,PALENCIA,83,41.879402,-4.363428
34205,VILLACONANCIO,PALENCIA,50,41.871743,-4.223761
34206,VILLADA,PALENCIA,834,42.248945,-4.967837
34208,VILLAELES DE VALDAVIA,PALENCIA,48,42.565319,-4.584342
34210,VILLAHÁN,PALENCIA,99,42.05098,-4.131063
34211,VILLAHERREROS,PALENCIA,209,42.389345,-4.461144
34213,VILLALACO,PALENCIA,61,42.155179,-4.258655
34216,VILLALCÓN,PALENCIA,48,42.292885,-4.856566
34227,VILLANUEVA DEL REBOLLAR,PALENCIA,67,42.241954,-4.745515
34232,VILLARRAMIEL,PALENCIA,788,42.042367,-4.910772
34233,VILLASARRACINO,PALENCIA,132,42.412132,-4.496589
34234,VILLASILA DE VALDAVIA,PALENCIA,60,42.53193,-4.55906
34238,VILLAVIUDAS,PALENCIA,366,41.961687,-4.342024
34240,VILLERÍAS DE CAMPOS,PALENCIA,76,41.944798,-4.857862
34241,VILLODRE,PALENCIA,24,42.21172,-4.245446
37002,AGALLAS,SALAMANCA,132,40.448251,-6.440867
37007,ALARAZ,SALAMANCA,448,40.747528,-5.288001
37009,ALBA DE YELTES,SALAMANCA,200,40.671591,-6.316001
37012,ALCONADA,SALAMANCA,134,40.910879,-5.36395
37015,ALDEA DEL OBISPO,SALAMANCA,252,40.70728,-6.791362
37013,ALDEACIPRESTE,SALAMANCA,91,40.380956,-5.896092
37016,ALDEALENGUA,SALAMANCA,713,40.982274,-5.549634
37020,ALDEARRUBIA,SALAMANCA,519,41.007678,-5.499319
37028,ALMENDRA,SALAMANCA,132,41.229708,-6.340768
37029,ANAYA DE ALBA,SALAMANCA,183,40.728217,-5.493136
37030,AÑOVER DE TORMES,SALAMANCA,89,41.136195,-5.915306
37032,ARAPILES,SALAMANCA,739,40.894131,-5.644704
37035,ARMENTEROS,SALAMANCA,186,40.592929,-5.449177
37038,BABILAFUENTE,SALAMANCA,925,40.976673,-5.426091
37040,BARBADILLO,SALAMANCA,390,40.931492,-5.881686
37041,BARBALOS,SALAMANCA,73,40.677534,-5.94264
37046,BÉJAR,SALAMANCA,11957,40.387034,-5.767484
37049,BERMELLAR,SALAMANCA,131,40.999271,-6.67043
37051,BERROCAL DE SALVATIERRA,SALAMANCA,70,40.632252,-5.690825
37059,BUENAMADRE,SALAMANCA,109,40.856242,-6.25018
37062,CABEZABELLOSA DE LA CALZADA,SALAMANCA,74,41.043715,-5.488905
37067,CABRERIZOS,SALAMANCA,4226,40.977859,-5.608448
37082,CANTALPINO,SALAMANCA,804,41.052737,-5.327984
37085,CARBAJOSA DE LA SAGRADA,SALAMANCA,7636,40.932947,-5.651181
37086,CARPIO DE AZABA,SALAMANCA,112,40.595867,-6.646795
37091,CASILLAS DE FLORES,SALAMANCA,168,40.382444,-6.753858
37100,CEREZAL DE PEÑAHORCADA,SALAMANCA,67,41.130802,-6.651394
37101,CERRALBO,SALAMANCA,111,40.974011,-6.587573
37114,CHAGARCÍA MEDIANERO,SALAMANCA,73,40.649707,-5.382281
37112,CRISTÓBAL,SALAMANCA,162,40.469697,-5.889879
37118,ÉJEME,SALAMANCA,144,40.766507,-5.539823
37061,EL CABACO,SALAMANCA,225,40.564861,-6.127783
37177,EL MAÍLLO,SALAMANCA,282,40.56492,-6.179325
37191,EL MILANO,SALAMANCA,88,41.09174,-6.599243
37234,EL PAYO,SALAMANCA,313,40.286541,-6.726841
37303,EL SAHUGO,SALAMANCA,181,40.414311,-6.543121
37319,EL TEJADO,SALAMANCA,83,40.441311,-5.541351
37325,EL TORNADIZO,SALAMANCA,86,40.542015,-5.890615
37120,ENCINA DE SAN SILVESTRE,SALAMANCA,100,41.01476,-6.091669
37121,ENCINAS DE ABAJO,SALAMANCA,619,40.934232,-5.470133
37123,ENCINASOLA DE LOS COMENDADORES,SALAMANCA,148,41.031523,-6.531365
37126,ESPADAÑA,SALAMANCA,34,41.062158,-6.285203
37134,FRESNO ALHÁNDIGA,SALAMANCA,181,40.71244,-5.616224
37142,GALINDO Y PERAHUY,SALAMANCA,704,40.942768,-5.872686
37143,GALINDUSTE,SALAMANCA,400,40.662729,-5.541202
37144,GALISANCHO,SALAMANCA,325,40.743889,-5.554121
37146,GALLEGOS DE SOLMIRÓN,SALAMANCA,109,40.537281,-5.449556
37149,GARCIRREY,SALAMANCA,55,40.90056,-6.13059
37150,GEJUELO DEL BARRO,SALAMANCA,31,41.077157,-6.123694
37159,HERGUIJUELA DEL CAMPO,SALAMANCA,62,40.630408,-5.863984
37160,HINOJOSA DE DUERO,SALAMANCA,577,40.985442,-6.796383
37162,HORCAJO MEDIANERO,SALAMANCA,205,40.639118,-5.405967
37164,HUERTA,SALAMANCA,285,40.968265,-5.468289
37006,LA ALAMEDILLA,SALAMANCA,101,40.472387,-6.827574
37045,LA BASTIDA,SALAMANCA,26,40.585154,-6.058531
37071,LA CALZADA DE BÉJAR,SALAMANCA,85,40.409978,-5.815877
37163,LA HOYA,SALAMANCA,30,40.406872,-5.699542
37188,LA MAYA,SALAMANCA,158,40.686983,-5.613511
37243,LA PEÑA,SALAMANCA,70,41.174234,-6.518864
37266,LA REDONDA,SALAMANCA,65,40.908303,-6.749546
37268,LA RINCONADA DE LA SIERRA,SALAMANCA,100,40.610986,-6.019858
37273,LA SAGRADA,SALAMANCA,82,40.743607,-6.072182
37347,LA VELLÉS,SALAMANCA,540,41.073471,-5.568248
37090,LAS CASAS DEL CONDE,SALAMANCA,63,40.507875,-6.041172
37170,LEDESMA,SALAMANCA,1517,41.087852,-5.999971
37171,LEDRADA,SALAMANCA,465,40.46862,-5.719471
37300,LOS SANTOS,SALAMANCA,580,40.543942,-5.796666
37174,MACOTERA,SALAMANCA,1001,40.830799,-5.285467
37179,MANCERA DE ABAJO,SALAMANCA,197,40.839602,-5.199651
37181,MARTIAGO,SALAMANCA,250,40.453461,-6.490816
37184,MASUECO,SALAMANCA,251,41.203474,-6.589425
37192,MIRANDA DE AZÁN,SALAMANCA,447,40.886518,-5.681821
37198,MONLERAS,SALAMANCA,245,41.186679,-6.225906
37204,MORASVERDES,SALAMANCA,229,40.601582,-6.2751
37205,MORILLE,SALAMANCA,224,40.806982,-5.697829
37206,MORÍÑIGO,SALAMANCA,88,40.970195,-5.413756
37214,NAVA DE FRANCIA,SALAMANCA,120,40.535564,-6.116042
37215,NAVA DE SOTROBAL,SALAMANCA,160,40.889929,-5.286611
37217,NAVALMORAL DE BÉJAR,SALAMANCA,56,40.422504,-5.782528
37219,NAVARREDONDA DE LA RINCONADA,SALAMANCA,151,40.606249,-6.012625
37221,NAVASFRÍAS,SALAMANCA,362,40.295127,-6.818594
37225,PAJARES DE LA LAGUNA,SALAMANCA,114,41.087925,-5.509109
37238,PEDROSILLO EL RALO,SALAMANCA,135,41.062438,-5.548766
37240,PELABRAVO,SALAMANCA,1366,40.935942,-5.578731
37244,PEÑACABALLERA,SALAMANCA,153,40.344433,-5.860565
37245,PEÑAPARDA,SALAMANCA,308,40.320593,-6.668604
37249,PERALEJOS DE ARRIBA,SALAMANCA,35,41.004571,-6.333493
37251,PEROMINGO,SALAMANCA,122,40.463105,-5.772246
37252,PINEDAS,SALAMANCA,94,40.445157,-5.960495
37257,POZOS DE HINOJO,SALAMANCA,52,40.913622,-6.410249
37261,PUENTE DEL CONGOSTO,SALAMANCA,225,40.491453,-5.526749
37264,PUERTO SEGURO,SALAMANCA,55,40.827761,-6.761014
37267,RETORTILLO,SALAMANCA,174,40.802287,-6.359711
37270,ROBLIZA DE COJOS,SALAMANCA,187,40.867826,-5.976851
37271,ROLLÁN,SALAMANCA,337,40.961931,-5.916909
37275,SALDEANA,SALAMANCA,99,41.020337,-6.639199
37036,SAN MIGUEL DEL ROBLEDO,SALAMANCA,43,40.536416,-6.044636
37289,SAN MUÑOZ,SALAMANCA,201,40.78319,-6.126842
37282,SANCHOTELLO,SALAMANCA,212,40.436162,-5.752736
37293,SANTA MARÍA DE SANDO,SALAMANCA,95,40.979763,-6.130606
37301,SARDÓN DE LOS FRAILES,SALAMANCA,101,41.213967,-6.270565
37305,SEQUEROS,SALAMANCA,207,40.512343,-6.024664
37313,SOTOSERRANO,SALAMANCA,513,40.437792,-6.032939
37320,TEJEDA Y SEGOYUELA,SALAMANCA,97,40.631938,-6.023581
37322,TERRADILLOS,SALAMANCA,3220,40.837977,-5.540784
37329,TREMEDAL DE TORMES,SALAMANCA,35,41.074058,-6.180923
37330,VALDECARROS,SALAMANCA,310,40.77018,-5.423073
37335,VALDELOSA,SALAMANCA,404,41.171713,-5.783025
37337,VALDERRODRIGO,SALAMANCA,128,41.064661,-6.509413
37342,VALVERDÓN,SALAMANCA,264,41.046612,-5.769559
37352,VILLAGONZALO DE TORMES,SALAMANCA,216,40.891643,-5.49663
37358,VILLAR DE GALLIMAZO,SALAMANCA,198,40.953739,-5.288824
37359,VILLAR DE LA YEGUA,SALAMANCA,155,40.724886,-6.704103
37360,VILLAR DE PERALONSO,SALAMANCA,204,41.032151,-6.221732
37361,VILLAR DE SAMANIEGO,SALAMANCA,78,41.12312,-6.446813
37363,VILLARES DE YELTES,SALAMANCA,96,40.867252,-6.413192
37365,VILLARMAYOR,SALAMANCA,154,41.014903,-5.972387
37366,VILLARMUERTO,SALAMANCA,40,41.054478,-6.364307
37367,VILLASBUENAS,SALAMANCA,164,41.062029,-6.594966
37368,VILLASDARDO,SALAMANCA,22,41.004852,-6.162681
37369,VILLASECO DE LOS GAMITOS,SALAMANCA,137,41.036628,-6.112712
37376,VITIGUDINO,SALAMANCA,2361,41.008182,-6.43579
37377,YECLA DE YELTES,SALAMANCA,222,40.959551,-6.488149
40003,ADRADOS,SEGOVIA,123,41.368595,-4.115625
40004,AGUILAFUENTE,SEGOVIA,564,41.227948,-4.111942
40005,ALCONADA DE MADERUELO,SEGOVIA,26,41.450295,-3.486514
40007,ALDEALENGUA DE PEDRAZA,SEGOVIA,79,41.064036,-3.806052
40009,ALDEANUEVA DE LA SERREZUELA,SEGOVIA,42,41.460917,-3.782959
40014,ALDEHORNO,SEGOVIA,59,41.512751,-3.779377
40015,ALDEHUELA DEL CODONAL,SEGOVIA,24,41.055601,-4.536839
40017,ANAYA,SEGOVIA,119,40.990574,-4.308288
40028,BERCIAL,SEGOVIA,105,40.905871,-4.436307
40032,BOCEGUILLAS,SEGOVIA,721,41.337001,-3.638235
40033,BRIEVA,SEGOVIA,86,41.034736,-4.053629
40034,CABALLAR,SEGOVIA,75,41.120192,-3.964405
40036,CABEZUELA,SEGOVIA,656,41.235456,-3.932888
40040,CANTALEJO,SEGOVIA,3558,41.258455,-3.927067
40046,CASTILLEJO DE MESLEÓN,SEGOVIA,110,41.280939,-3.600959
40049,CASTROSERNA DE ABAJO,SEGOVIA,32,41.207923,-3.734505
40055,CILLERUELO DE SAN MAMÉS,SEGOVIA,35,41.431241,-3.566516
40061,CORRAL DE AYLLÓN,SEGOVIA,77,41.391318,-3.459316
40063,CUÉLLAR,SEGOVIA,9530,41.403698,-4.317391
40905,CUEVAS DE PROVANCO,SEGOVIA,132,41.541808,-3.960905
40069,DONHIERRO,SEGOVIA,75,41.116645,-4.694293
40070,DURUELO,SEGOVIA,171,41.236853,-3.647931
40072,ENCINILLAS,SEGOVIA,352,41.017819,-4.157913
40081,FRUMALES,SEGOVIA,120,41.384211,-4.187029
40083,FUENTE EL OLMO DE FUENTIDUEÑA,SEGOVIA,395,41.381202,-4.000456
40086,FUENTEPELAYO,SEGOVIA,772,41.220791,-4.176804
40087,FUENTEPIÑEL,SEGOVIA,68,41.400317,-4.042907
40092,FUENTIDUEÑA,SEGOVIA,133,41.44151,-3.98029
40099,HONRUBIA DE LA CUESTA,SEGOVIA,49,41.510916,-3.704685
40100,HONTALBILLA,SEGOVIA,299,41.345883,-4.121548
40104,ITUERO Y LAMA,SEGOVIA,448,40.800284,-4.377497
40125,LA MATILLA,SEGOVIA,71,41.191127,-3.794884
40110,LASTRAS DE CUÉLLAR,SEGOVIA,307,41.296819,-4.10659
40119,MARTÍN MIGUEL,SEGOVIA,263,40.950489,-4.272816
40124,MATA DE CUÉLLAR,SEGOVIA,207,41.398668,-4.47219
40127,MEMBIBRE DE LA HOZ,SEGOVIA,43,41.448015,-4.098739
40128,MIGUELÁÑEZ,SEGOVIA,138,41.12233,-4.363718
40134,MOZONCILLO,SEGOVIA,907,41.148047,-4.186215
40135,MUÑOPEDRO,SEGOVIA,309,40.888026,-4.472041
40136,MUÑOVEROS,SEGOVIA,145,41.172822,-3.9518
40138,NAVA DE LA ASUNCIÓN,SEGOVIA,2787,41.156639,-4.488963
40139,NAVAFRÍA,SEGOVIA,279,41.057086,-3.824568
40145,NAVAS DE ORO,SEGOVIA,1274,41.196063,-4.437385
40904,NAVAS DE RIOFRÍO,SEGOVIA,439,40.868204,-4.135274
40146,NAVAS DE SAN ANTONIO,SEGOVIA,366,40.761572,-4.329414
40148,NIEVA,SEGOVIA,256,41.08017,-4.426523
40157,PELAYOS DEL ARROYO,SEGOVIA,48,41.051143,-3.939669
40158,PEROSILLO,SEGOVIA,20,41.39282,-4.14184
40162,PRÁDENA,SEGOVIA,468,41.138917,-3.688457
40181,REAL SITIO DE SAN ILDEFONSO,SEGOVIA,5205,40.897628,-4.004759
40165,REBOLLO,SEGOVIA,74,41.192359,-3.856802
40166,REMONDO,SEGOVIA,316,41.341706,-4.483361
40177,SAN CRISTÓBAL DE CUÉLLAR,SEGOVIA,154,41.406858,-4.404302
40178,SAN CRISTÓBAL DE LA VEGA,SEGOVIA,83,41.112964,-4.646903
40906,SAN CRISTÓBAL DE SEGOVIA,SEGOVIA,3153,40.952063,-4.075792
40183,SAN MIGUEL DE BERNUY,SEGOVIA,134,41.399064,-3.9527
40179,SANCHONUÑO,SEGOVIA,1027,41.322465,-4.305896
40185,SANTA MARÍA LA REAL DE NIEVA,SEGOVIA,885,41.070372,-4.406482
40186,SANTA MARTA DEL CERRO,SEGOVIA,49,41.217864,-3.685323
40192,SAUQUILLO DE CABEZAS,SEGOVIA,137,41.195146,-4.068635
40198,SOTILLO,SEGOVIA,30,41.25717,-3.638952
40201,TOLOCIRIO,SEGOVIA,36,41.133732,-4.651533
40204,TORRECILLA DEL PINAR,SEGOVIA,179,41.374677,-4.038407
40207,TRESCASAS,SEGOVIA,1105,40.964193,-4.035857
40211,VALDEPRADOS,SEGOVIA,60,40.817923,-4.256655
40219,VALLELADO,SEGOVIA,728,41.406223,-4.4266
40221,VALLERUELA DE SEPÚLVEDA,SEGOVIA,52,41.190357,-3.773005
40222,VEGANZONES,SEGOVIA,197,41.192667,-3.993384
40223,VEGAS DE MATUTE,SEGOVIA,339,40.79699,-4.27864
40225,VILLACASTÍN,SEGOVIA,1525,40.781561,-4.412105
40228,VILLAVERDE DE ÍSCAR,SEGOVIA,593,41.308235,-4.526716
42003,ADRADAS,SORIA,58,41.351067,-2.47378
42006,ALCONABA,SORIA,199,41.724146,-2.385694
42008,ALCUBILLA DE LAS PEÑAS,SORIA,59,41.251954,-2.527417
42009,ALDEALAFUENTE,SORIA,83,41.671909,-2.325381
42010,ALDEALICES,SORIA,20,41.899827,-2.309772
42012,ALDEALSEÑOR,SORIA,28,41.879001,-2.315456
42015,ALENTISQUE,SORIA,24,41.420553,-2.331964
42016,ALIUD,SORIA,21,41.654289,-2.252388
42020,ALMAZÁN,SORIA,5476,41.486994,-2.53291
42021,ALMAZUL,SORIA,60,41.573926,-2.146226
42026,ARENILLAS,SORIA,42,41.346988,-2.846192
42028,AUSEJO DE LA SIERRA,SORIA,115,41.8962,-2.374655
42029,BARAONA,SORIA,122,41.295301,-2.657745
42041,BUBEROS,SORIA,28,41.64614,-2.19417
42045,CABREJAS DEL PINAR,SORIA,299,41.794733,-2.85071
42048,CALTOJAR,SORIA,51,41.402724,-2.764159
42050,CAÑAMAQUE,SORIA,27,41.444313,-2.238908
42051,CARABANTES,SORIA,22,41.552508,-1.998025
42053,CARRASCOSA DE ABAJO,SORIA,18,41.42371,-3.090274
42055,CASAREJOS,SORIA,146,41.797715,-3.032044
42061,CIDONES,SORIA,314,41.815,-2.640337
42062,CIGUDOSA,SORIA,15,41.936422,-2.055893
42065,CIRUJALES DEL RÍO,SORIA,20,41.866921,-2.325851
42076,DEZA,SORIA,165,41.46339,-2.022114
42078,DURUELO DE LA SIERRA,SORIA,1026,41.955862,-2.931237
42081,ESPEJÓN,SORIA,128,41.830906,-3.259149
42082,ESTEPA DE SAN JUAN,SORIA,13,41.927129,-2.33454
42084,FRESNO DE CARACENA,SORIA,19,41.452352,-3.092589
42087,FUENTECANTOS,SORIA,65,41.848701,-2.428785
42094,GARRAY,SORIA,785,41.815345,-2.446431
42097,GORMAZ,SORIA,26,41.493797,-3.007829
42106,LA LOSILLA,SORIA,13,41.872968,-2.277464
42105,LICERAS,SORIA,49,41.380244,-3.243685
42108,MAJÁN,SORIA,9,41.468809,-2.303553
42110,MATALEBRERAS,SORIA,81,41.842371,-2.046727
42116,MIÑO DE SAN ESTEBAN,SORIA,40,41.535919,-3.345996
42117,MOLINOS DE DUERO,SORIA,158,41.885487,-2.787761
42124,MURIEL DE LA FUENTE,SORIA,55,41.724714,-2.859445
42125,MURIEL VIEJO,SORIA,75,41.782828,-2.915383
42132,NOVIERCAS,SORIA,172,41.712041,-2.036936
42139,PINILLA DEL CAMPO,SORIA,18,41.716784,-2.084951
42140,PORTILLO DE SORIA,SORIA,12,41.635429,-2.119072
42145,QUINTANAS DE GORMAZ,SORIA,127,41.508125,-2.975813
42148,QUIÑONERÍA,SORIA,10,41.56851,-2.037681
42153,RELLO,SORIA,20,41.332711,-2.748983
42159,ROLLAMIENTA,SORIA,44,41.926391,-2.531415
42166,SANTA CRUZ DE YANGUAS,SORIA,56,42.062901,-2.447556
42171,SERÓN DE NÁGIMA,SORIA,122,41.496192,-2.20128
42172,SOLIEDRA,SORIA,33,41.469074,-2.381439
42175,SUELLACABRAS,SORIA,33,41.852456,-2.223243
42183,TEJADO,SORIA,96,41.588332,-2.266792
42184,TORLENGUA,SORIA,45,41.455366,-2.163851
42189,UCERO,SORIA,91,41.717229,-3.051046
42190,VADILLO,SORIA,83,41.791865,-3.008573
42191,VALDEAVELLANO DE TERA,SORIA,218,41.939391,-2.573951
42193,VALDELAGUA DEL CERRO,SORIA,13,41.888386,-2.115362
42196,VALDEPRADO,SORIA,8,41.938105,-2.108559
42201,VELILLA DE LA SIERRA,SORIA,27,41.809752,-2.403404
42202,VELILLA DE LOS AJOS,SORIA,15,41.490738,-2.254201
42204,VIANA DE DUERO,SORIA,49,41.534014,-2.461149
42208,VILLAR DEL CAMPO,SORIA,30,41.787516,-2.149486
42209,VILLAR DEL RÍO,SORIA,156,42.07584,-2.35078
47002,AGUASAL,VALLADOLID,19,41.274531,-4.652536
47005,ALCAZARÉN,VALLADOLID,614,41.371087,-4.673091
47007,ALDEAMAYOR DE SAN MARTÍN,VALLADOLID,6163,41.511747,-4.639667
47009,AMUSQUILLO,VALLADOLID,99,41.748584,-4.302519
47017,BERCERO,VALLADOLID,177,41.563536,-5.056071
47021,BOCIGAS,VALLADOLID,75,41.229299,-4.680937
47024,BOLAÑOS DE CAMPOS,VALLADOLID,254,42.006472,-5.285321
47025,BRAHOJOS DE MEDINA,VALLADOLID,101,41.222945,-5.041654
47026,BUSTILLO DE CHAVES,VALLADOLID,65,42.132833,-5.09042
47029,CABREROS DEL MONTE,VALLADOLID,56,41.84768,-5.26801
47041,CASTRODEZA,VALLADOLID,142,41.648,-4.958644
47044,CASTRONUEVO DE ESGUEVA,VALLADOLID,393,41.681536,-4.587702
47045,CASTRONUÑO,VALLADOLID,767,41.390485,-5.262498
47046,CASTROPONCE,VALLADOLID,128,42.126486,-5.182156
47049,CERVILLEGO DE LA CRUZ,VALLADOLID,91,41.186774,-4.94959
47051,CIGUÑUELA,VALLADOLID,358,41.6399,-4.856846
47052,CISTÉRNIGA,VALLADOLID,9281,41.612284,-4.685702
47054,COGECES DEL MONTE,VALLADOLID,644,41.511208,-4.315047
47058,CUENCA DE CAMPOS,VALLADOLID,192,42.057474,-5.055907
47059,CURIEL DE DUERO,VALLADOLID,119,41.639944,-4.099193
47060,ENCINAS DE ESGUEVA,VALLADOLID,218,41.756514,-4.104413
47062,FOMBELLIDA,VALLADOLID,175,41.763961,-4.184191
47064,FONTIHOYUELO,VALLADOLID,31,42.160146,-5.058201
47067,FUENTE EL SOL,VALLADOLID,153,41.175459,-4.935783
47068,FUENTE-OLMEDO,VALLADOLID,42,41.24473,-4.647202
47069,GALLEGOS DE HORNIJA,VALLADOLID,109,41.609545,-5.097806
47071,GERIA,VALLADOLID,488,41.579096,-4.875663
47073,HERRÍN DE CAMPOS,VALLADOLID,112,42.123631,-4.953451
47099,LA MUDARRA,VALLADOLID,169,41.779301,-4.944105
47110,LA PARRILLA,VALLADOLID,480,41.536734,-4.535154
47158,LA SECA,VALLADOLID,1013,41.413979,-4.90753
47176,LA UNIÓN DE CAMPOS,VALLADOLID,202,42.075949,-5.324877
47077,LANGAYO,VALLADOLID,250,41.570288,-4.199649
47083,MATILLA DE LOS CAÑOS,VALLADOLID,113,41.546542,-4.966393
47089,MELGAR DE ARRIBA,VALLADOLID,162,42.270503,-5.091984
47091,MONASTERIO DE VEGA,VALLADOLID,79,42.230913,-5.180445
47096,MORALES DE CAMPOS,VALLADOLID,130,41.859982,-5.174475
47097,MOTA DEL MARQUÉS,VALLADOLID,330,41.632507,-5.178853
47100,MURIEL,VALLADOLID,111,41.12209,-4.842506
47101,NAVA DEL REY,VALLADOLID,1925,41.330492,-5.081659
47109,PALAZUELO DE VEDIJA,VALLADOLID,164,41.928088,-5.145165
47112,PEDRAJAS DE SAN ESTEBAN,VALLADOLID,3406,41.341869,-4.583985
47114,PEÑAFIEL,VALLADOLID,5188,41.596451,-4.118685
47119,PIÑEL DE ARRIBA,VALLADOLID,88,41.699443,-4.12805
47123,POZAL DE GALLINAS,VALLADOLID,538,41.317655,-4.839642
47125,POZUELO DE LA ORDEN,VALLADOLID,50,41.822915,-5.259261
47126,PURAS,VALLADOLID,45,41.182769,-4.648377
47127,QUINTANILLA DE ARRIBA,VALLADOLID,155,41.620044,-4.21663
47129,QUINTANILLA DE ONÉSIMO,VALLADOLID,992,41.625983,-4.365341
47131,RÁBANO,VALLADOLID,176,41.531707,-4.062706
47133,RENEDO DE ESGUEVA,VALLADOLID,3972,41.654993,-4.627667
47138,RUBÍ DE BRACAMONTE,VALLADOLID,214,41.214452,-4.924443
47142,SAN CEBRIÁN DE MAZOTE,VALLADOLID,103,41.680875,-5.147121
47147,SAN PABLO DE LA MORALEJA,VALLADOLID,107,41.160216,-4.773803
47149,SAN PELAYO,VALLADOLID,48,41.681384,-5.034048
47151,SAN SALVADOR,VALLADOLID,23,41.620959,-5.088766
47156,SAN VICENTE DEL PALACIO,VALLADOLID,160,41.218675,-4.852086
47157,SARDÓN DE DUERO,VALLADOLID,607,41.609271,-4.433768
47162,TAMARIZ DE CAMPOS,VALLADOLID,84,41.974544,-5.024572
47170,TORRE DE PEÑAFIEL,VALLADOLID,57,41.536507,-4.088846
47171,TORRELOBATÓN,VALLADOLID,386,41.649374,-5.02538
47172,TORRESCÁRCELA,VALLADOLID,164,41.484833,-4.319953
47173,TRASPINEDO,VALLADOLID,1240,41.582491,-4.475919
47178,URUEÑA,VALLADOLID,203,41.727749,-5.202567
47186,VALLADOLID,VALLADOLID,300618,41.652328,-4.723349
47189,VELASCÁLVARO,VALLADOLID,163,41.230668,-4.971654
47191,VELLIZA,VALLADOLID,121,41.578555,-4.946624
47195,VILLABÁÑEZ,VALLADOLID,507,41.629747,-4.522458
47196,VILLABARUZ DE CAMPOS,VALLADOLID,32,42.010352,-4.9953
47203,VILLAFRADES DE CAMPOS,VALLADOLID,61,42.07853,-4.971287
47206,VILLAFUERTE,VALLADOLID,86,41.732741,-4.325369
47216,VILLÁN DE TORDESILLAS,VALLADOLID,122,41.593226,-4.922097
47218,VILLANUEVA DE DUERO,VALLADOLID,1258,41.518245,-4.871233
47225,VILLASEXMIR,VALLADOLID,67,41.638325,-5.065278
47227,VILLAVELLID,VALLADOLID,53,41.694126,-5.278865
47194,VILORIA,VALLADOLID,331,41.445504,-4.382328
49004,ALCUBILLA DE NOGALES,ZAMORA,108,42.127753,-5.921889
49008,ALMEIDA DE SAYAGO,ZAMORA,422,41.266208,-6.075509
49009,ANDAVÍAS,ZAMORA,420,41.597175,-5.856179
49010,ARCENILLAS,ZAMORA,448,41.456807,-5.686591
49011,ARCOS DE LA POLVOROSA,ZAMORA,216,41.944105,-5.698763
49018,AYOÓ DE VIDRIALES,ZAMORA,274,42.130067,-6.065707
49019,BARCIAL DEL BARCO,ZAMORA,253,41.933662,-5.663948
49028,BRIME DE URZ,ZAMORA,99,42.037501,-5.872688
49034,CAÑIZAL,ZAMORA,421,41.167645,-5.369248
49039,CASASECA DE LAS CHANAS,ZAMORA,373,41.43867,-5.676507
49046,CERECINOS DE CAMPOS,ZAMORA,234,41.899222,-5.482901
49048,CERNADILLA,ZAMORA,110,42.021438,-6.416733
49055,COTANES DEL MONTE,ZAMORA,82,41.817899,-5.290135
49057,CUBO DE BENAVENTE,ZAMORA,117,42.123503,-6.162791
49058,EL CUBO DE TIERRA DEL VINO,ZAMORA,298,41.25511,-5.709572
49102,EL MADERAL,ZAMORA,169,41.282773,-5.623555
49158,EL PIÑERO,ZAMORA,215,41.353674,-5.58887
49067,FERRERAS DE ARRIBA,ZAMORA,358,41.898841,-6.193014
49071,FONFRÍA,ZAMORA,763,41.635726,-6.139885
49078,FRIERA DE VALVERDE,ZAMORA,127,41.911819,-5.842385
49079,FUENTE ENCALADA,ZAMORA,89,42.111026,-5.994291
49081,FUENTESAÚCO,ZAMORA,1606,41.231354,-5.495629
49085,GALENDE,ZAMORA,1024,42.10596,-6.66274
49091,GRANJA DE MORERUELA,ZAMORA,250,41.809421,-5.738842
49093,GUARRATE,ZAMORA,314,41.289265,-5.441114
49094,HERMISENDE,ZAMORA,216,41.969934,-6.893091
49097,JUSTEL,ZAMORA,78,42.14843,-6.296358
49101,LUELMO,ZAMORA,149,41.439721,-6.13474
49105,MAIRE DE CASTROPONCE,ZAMORA,140,42.111803,-5.78479
49112,MANZANAL DE LOS INFANTES,ZAMORA,135,42.054898,-6.383113
49111,MANZANAL DEL BARCO,ZAMORA,128,41.634975,-5.946324
49118,MILLES DE LA POLVOROSA,ZAMORA,199,41.923921,-5.733486
49120,MOLEZUELAS DE LA CARBALLEDA,ZAMORA,46,42.081759,-6.186415
49121,MOMBUEY,ZAMORA,386,42.023327,-6.330182
49123,MONTAMARTA,ZAMORA,543,41.648318,-5.805487
49126,MORALEJA DE SAYAGO,ZAMORA,299,41.183803,-6.003873
49128,MORALES DE REY,ZAMORA,517,42.066758,-5.785538
49130,MORALES DE VALVERDE,ZAMORA,150,41.940225,-5.887734
49132,MORERUELA DE LOS INFANZONES,ZAMORA,324,41.631706,-5.705851
49135,MUELAS DEL PAN,ZAMORA,616,41.522289,-5.968164
49139,OTERO DE BODAS,ZAMORA,166,41.93748,-6.14946
49142,PALACIOS DEL PAN,ZAMORA,240,41.601804,-5.878221
49145,PEDRALBA DE LA PRADERÍA,ZAMORA,195,42.024174,-6.693214
49152,PERERUELA,ZAMORA,496,41.415615,-5.877754
49155,PIEDRAHÍTA DE CASTRO,ZAMORA,106,41.679982,-5.728537
49162,PORTO,ZAMORA,156,42.167951,-6.898934
49163,POZOANTIGUO,ZAMORA,190,41.595399,-5.434625
49164,POZUELO DE TÁBARA,ZAMORA,145,41.78529,-5.896408
49165,PRADO,ZAMORA,53,41.920833,-5.419828
49166,PUEBLA DE SANABRIA,ZAMORA,1366,42.054951,-6.634393
49171,QUIRUELAS DE VIDRIALES,ZAMORA,635,42.017073,-5.828654
49175,REVELLINOS,ZAMORA,229,41.890573,-5.568987
49176,RIOFRÍO DE ALISTE,ZAMORA,599,41.817687,-6.17802
49179,ROBLEDA-CERVANTES,ZAMORA,400,42.083598,-6.593745
49180,ROELOS DE SAYAGO,ZAMORA,138,41.251955,-6.171849
49190,SAN MARTÍN DE VALDERADUEY,ZAMORA,45,41.813682,-5.471768
49191,SAN MIGUEL DE LA RIBERA,ZAMORA,252,41.332709,-5.57597
49192,SAN MIGUEL DEL VALLE,ZAMORA,119,42.029274,-5.49702
49194,SAN PEDRO DE LA NAVE-ALMENDRA,ZAMORA,322,41.591479,-5.921549
49200,SANTA CRISTINA DE LA POLVOROSA,ZAMORA,1027,42.000921,-5.714445
49206,SANTIBÁÑEZ DE VIDRIALES,ZAMORA,844,42.078106,-6.013412
49216,TAPIOLES,ZAMORA,124,41.857292,-5.495734
49221,TORREGAMONES,ZAMORA,226,41.48813,-6.180528
49223,TRABAZOS,ZAMORA,838,41.747526,-6.492206
49226,VADILLO DE LA GUAREÑA,ZAMORA,243,41.283005,-5.352523
49229,VALDESCORRIEL,ZAMORA,131,42.022455,-5.51034
49230,VALLESA DE LA GUAREÑA,ZAMORA,68,41.135362,-5.326984
49233,VEGALATRAVE,ZAMORA,79,41.700403,-6.108173
49234,VENIALBO,ZAMORA,431,41.389369,-5.5391
49249,VILLALONSO,ZAMORA,79,41.596195,-5.297577
49251,VILLALUBE,ZAMORA,147,41.609893,-5.545094
49259,VILLANUEVA DE LAS PERAS,ZAMORA,89,41.936426,-5.979951
49260,VILLANUEVA DEL CAMPO,ZAMORA,761,41.984874,-5.404388
49269,VILLASECO DEL PAN,ZAMORA,207,41.468348,-5.964502
49272,VILLAVEZA DE VALVERDE,ZAMORA,72,41.944991,-5.848383
49273,VIÑAS,ZAMORA,160,41.774384,-6.468305
