municipio_id;base_asignada_id;tiempo_minutos;id_mun;municipio;poblacion;id_base;nombre;region
5007;5019;23.599648238619164;5007;ALDEANUEVA DE SANTA CRUZ;102;5019;Base ÁVILA;ÁVILA
5008;5019;17.24062254834186;5008;ALDEASECA;203;5019;Base ÁVILA;ÁVILA
5016;5019;17.432068457216843;5016;ARÉVALO;7830;5019;Base ÁVILA;ÁVILA
5034;47076;20.207759127875903;5034;BLASCONUÑO DE MATACABRAS;14;47076;Base LAGUNA DE DUERO;VALLADOLID
5035;5019;11.884890390436098;5035;BLASCOSANCHO;100;5019;Base ÁVILA;ÁVILA
5037;5019;25.025844674852003;5037;BOHOYO;214;5019;Base ÁVILA;ÁVILA
5042;5019;14.309142046117106;5042;CABEZAS DE ALAMBRE;153;5019;Base ÁVILA;ÁVILA
5048;5019;15.761621849298525;5048;CANTIVEROS;99;5019;Base ÁVILA;ÁVILA
5056;5019;18.877670686916332;5056;CASTELLANOS DE ZAPARDIEL;113;5019;Base ÁVILA;ÁVILA
5059;5019;11.611556123691885;5059;CILLÁN;79;5019;Base ÁVILA;ÁVILA
5060;5019;16.85315174786409;5060;CISLA;102;5019;Base ÁVILA;ÁVILA
5063;37274;19.42480583807288;5063;COLLADO DEL MIRÓN;20;37274;Base SALAMANCA;SALAMANCA
5070;5019;18.351576106210224;5070;DONVIDAS;36;5019;Base ÁVILA;ÁVILA
5022;5019;10.605912186537926;5022;EL BARRACO;2027;5019;Base ÁVILA;ÁVILA
5036;5019;12.93105597171992;5036;EL BOHODÓN;110;5019;Base ÁVILA;ÁVILA
5175;5019;10.91656208749012;5175;EL OSO;129;5019;Base ÁVILA;ÁVILA
5241;5019;13.582686547109494;5241;EL TIEMBLO;4526;5019;Base ÁVILA;ÁVILA
5072;5019;15.766136796675688;5072;ESPINOSA DE LOS CABALLEROS;97;5019;Base ÁVILA;ÁVILA
5073;5019;17.145339383763584;5073;FLORES DE ÁVILA;270;5019;Base ÁVILA;ÁVILA
5077;5019;15.895274237992435;5077;FUENTE EL SAÚZ;151;5019;Base ÁVILA;ÁVILA
5080;5019;14.70936156285198;5080;GALLEGOS DE SOBRINOS;45;5019;Base ÁVILA;ÁVILA
5081;5019;16.281046667875614;5081;GARGANTA DEL VILLAR;39;5019;Base ÁVILA;ÁVILA
5082;5019;17.04511463068817;5082;GAVILANES;529;5019;Base ÁVILA;ÁVILA
5083;5019;7.72665612339218;5083;GEMUÑO;142;5019;Base ÁVILA;ÁVILA
5084;37274;21.822958421913647;5084;GILBUENA;48;37274;Base SALAMANCA;SALAMANCA
5092;5019;11.160032223503636;5092;HERNANSANCHO;142;5019;Base ÁVILA;ÁVILA
5093;5019;9.190453398177741;5093;HERRADÓN DE PINARES;495;5019;Base ÁVILA;ÁVILA
5095;5019;17.87033953727503;5095;HIGUERA DE LAS DUEÑAS;270;5019;Base ÁVILA;ÁVILA
5106;5019;16.651852526128867;5106;HOYOS DE MIGUEL MUÑOZ;27;5019;Base ÁVILA;ÁVILA
5104;5019;19.663208082620606;5104;HOYOS DEL COLLADO;30;5019;Base ÁVILA;ÁVILA
5105;5019;19.232634544855586;5105;HOYOS DEL ESPINO;344;5019;Base ÁVILA;ÁVILA
5051;37274;23.973263162286354;5051;LA CARRERA;160;37274;Base SALAMANCA;SALAMANCA
5110;5019;19.78337787295125;5110;LANZAHÍTA;788;5019;Base ÁVILA;ÁVILA
5027;5019;9.710281139822925;5027;LAS BERLANAS;323;5019;Base ÁVILA;ÁVILA
5168;5019;13.703610612232007;5168;LAS NAVAS DEL MARQUÉS;5590;5019;Base ÁVILA;ÁVILA
5113;37274;24.755871588499453;5113;LOS LLANOS DE TORMES;103;37274;Base SALAMANCA;SALAMANCA
5114;5019;19.85446340067966;5114;MADRIGAL DE LAS ALTAS TORRES;1299;5019;Base ÁVILA;ÁVILA
5115;5019;11.386232924325046;5115;MAELLO;700;5019;Base ÁVILA;ÁVILA
5117;5019;18.140941692281913;5117;MAMBLAS;196;5019;Base ÁVILA;ÁVILA
5120;5019;8.484888166802735;5120;MARLÍN;31;5019;Base ÁVILA;ÁVILA
5123;5019;8.390821759620994;5123;MEDIANA DE VOLTOYA;117;5019;Base ÁVILA;ÁVILA
5125;5019;13.384573708891137;5125;MENGAMUÑOZ;54;5019;Base ÁVILA;ÁVILA
5132;5019;19.091890913521162;5132;MOMBELTRÁN;916;5019;Base ÁVILA;ÁVILA
5134;5019;19.926030029488018;5134;MORALEJA DE MATACABRAS;53;5019;Base ÁVILA;ÁVILA
5145;5019;11.175102428789348;5145;NARRILLOS DEL REBOLLAR;34;5019;Base ÁVILA;ÁVILA
5149;5019;12.725187109499448;5149;NARROS DE SALDUEÑA;106;5019;Base ÁVILA;ÁVILA
5153;37274;25.639441433706796;5153;NAVA DEL BARCO;83;37274;Base SALAMANCA;SALAMANCA
5151;5019;17.339000515969055;5151;NAVACEPEDILLA DE CORNEJA;100;5019;Base ÁVILA;ÁVILA
5156;5019;16.075102547918036;5156;NAVAHONDILLA;353;5019;Base ÁVILA;ÁVILA
5159;37274;26.26872876472826;5159;NAVALONGUILLA;185;37274;Base SALAMANCA;SALAMANCA
5165;5019;18.473558298364914;5165;NAVARREDONDA DE GREDOS;446;5019;Base ÁVILA;ÁVILA
5166;5019;11.763252753811429;5166;NAVARREDONDILLA;158;5019;Base ÁVILA;ÁVILA
5170;37274;24.401886375040995;5170;NAVATEJARES;50;37274;Base SALAMANCA;SALAMANCA
5173;5019;9.442450770381477;5173;OJOS-ALBOS;96;5019;Base ÁVILA;ÁVILA
5178;5019;19.152179110702946;5178;PALACIOS DE GODA;397;5019;Base ÁVILA;ÁVILA
5179;5019;12.188075619808707;5179;PAPATRIGO;219;5019;Base ÁVILA;ÁVILA
5183;5019;13.74546939774171;5183;PEDRO-RODRÍGUEZ;134;5019;Base ÁVILA;ÁVILA
5185;5019;8.701692671378668;5185;PEÑALBA DE ÁVILA;105;5019;Base ÁVILA;ÁVILA
5187;5019;15.255800062449135;5187;PIEDRALAVES;2150;5019;Base ÁVILA;ÁVILA
5189;5019;23.208969529896287;5189;POYALES DEL HOYO;487;5019;Base ÁVILA;ÁVILA
5193;37274;18.62025747394341;5193;RASUEROS;160;37274;Base SALAMANCA;SALAMANCA
5197;5019;7.932996573116054;5197;SALOBRAL;102;5019;Base ÁVILA;ÁVILA
5198;5019;16.342661218840128;5198;SALVADIÓS;71;5019;Base ÁVILA;ÁVILA
5199;37274;21.954771390514264;5199;SAN BARTOLOMÉ DE BÉJAR;49;37274;Base SALAMANCA;SALAMANCA
5210;5019;11.176559411868574;5210;SAN JUAN DE LA ENCINILLA;70;5019;Base ÁVILA;ÁVILA
5211;5019;10.395869989217685;5211;SAN JUAN DE LA NAVA;426;5019;Base ÁVILA;ÁVILA
5219;5019;12.001539546497744;5219;SAN PASCUAL;45;5019;Base ÁVILA;ÁVILA
5231;5019;14.755453578901085;5231;SAN VICENTE DE ARÉVALO;165;5019;Base ÁVILA;ÁVILA
5221;5019;19.16394056343432;5221;SANTA CRUZ DEL VALLE;304;5019;Base ÁVILA;ÁVILA
5233;5019;15.84163021613399;5233;SERRANILLOS;252;5019;Base ÁVILA;ÁVILA
5234;5019;11.933306900747791;5234;SIGERES;41;5019;Base ÁVILA;ÁVILA
5235;5019;18.142157918322468;5235;SINLABAJOS;135;5019;Base ÁVILA;ÁVILA
5238;5019;10.704367977814291;5238;SOLOSANCHO;758;5019;Base ÁVILA;ÁVILA
5245;5019;7.118286595103575;5245;TORNADIZOS DE ÁVILA;465;5019;Base ÁVILA;ÁVILA
5251;5019;14.982968902417863;5251;VADILLO DE LA SIERRA;51;5019;Base ÁVILA;ÁVILA
5253;5019;10.662167533155564;5253;VEGA DE SANTA MARÍA;86;5019;Base ÁVILA;ÁVILA
5259;5019;17.2281691662279;5259;VILLANUEVA DEL ACERAL;92;5019;Base ÁVILA;ÁVILA
5260;5019;16.34612124074058;5260;VILLANUEVA DEL CAMPILLO;101;5019;Base ÁVILA;ÁVILA
5263;5019;14.990528183162663;5263;VILLATORO;161;5019;Base ÁVILA;ÁVILA
5264;5019;12.83134199478371;5264;VIÑEGRA DE MORAÑA;48;5019;Base ÁVILA;ÁVILA
9001;9059;13.98302407226902;9001;ABAJAS;28;9059;Base BURGOS;BURGOS
9003;47076;25.394515864454405;9003;ADRADA DE HAZA;205;47076;Base LAGUNA DE DUERO;VALLADOLID
9006;9059;17.24904975210801;9006;AGUAS CÁNDIDAS;59;9059;Base BURGOS;BURGOS
9011;9059;22.424813777224497;9011;ALFOZ DE BRICIA;68;9059;Base BURGOS;BURGOS
9019;9059;24.313906407083035;9019;ARANDILLA;155;9059;Base BURGOS;BURGOS
9020;9059;21.238629487955247;9020;ARAUZO DE MIEL;274;9059;Base BURGOS;BURGOS
9026;9059;10.541059831313847;9026;ARLANZÓN;424;9059;Base BURGOS;BURGOS
9038;9059;17.00054476736807;9038;BARBADILLO DEL MERCADO;134;9059;Base BURGOS;BURGOS
9041;9059;13.488290702579421;9041;BARRIO DE MUÑÓ;32;9059;Base BURGOS;BURGOS
9047;9059;13.68100631055015;9047;BELBIMBRE;54;9059;Base BURGOS;BURGOS
9051;34120;22.800346766859604;9051;BERLANGAS DE ROA;203;34120;Base PALENCIA;PALENCIA
9052;9059;18.078403134332095;9052;BERZOSA DE BUREBA;26;9059;Base BURGOS;BURGOS
9057;9059;22.979883636938016;9057;BUGEDO;189;9059;Base BURGOS;BURGOS
9059;9059;5.0;9059;BURGOS;175895;9059;Base BURGOS;BURGOS
9065;34120;26.78313002676067;9065;CAMPILLO DE ARANDA;171;34120;Base PALENCIA;PALENCIA
9067;42173;19.011401053580087;9067;CANICOSA DE LA SIERRA;424;42173;Base SORIA;SORIA
9068;9059;18.023976826467553;9068;CANTABRANA;23;9059;Base BURGOS;BURGOS
9071;9059;13.499514737161993;9071;CARCEDO DE BUREBA;37;9059;Base BURGOS;BURGOS
9073;9059;6.460370686409495;9073;CARDEÑADIJO;1430;9059;Base BURGOS;BURGOS
9074;9059;6.920508629082228;9074;CARDEÑAJIMENO;1169;9059;Base BURGOS;BURGOS
9077;9059;19.59879383130549;9077;CASCAJARES DE BUREBA;27;9059;Base BURGOS;BURGOS
9085;34120;25.213764697524187;9085;CASTRILLO DE LA VEGA;621;34120;Base PALENCIA;PALENCIA
9086;9059;7.80198201949783;9086;CASTRILLO DEL VAL;823;9059;Base BURGOS;BURGOS
9091;9059;14.969363482873787;9091;CASTROJERIZ;778;9059;Base BURGOS;BURGOS
9063;9059;8.608164575708992;9063;CAVIA;248;9059;Base BURGOS;BURGOS
9094;9059;16.07294891797795;9094;CEBRECOS;58;9059;Base BURGOS;BURGOS
9100;9059;12.799127387308353;9100;CERRATÓN DE JUARROS;45;9059;Base BURGOS;BURGOS
9102;9059;20.425766448479997;9102;CILLAPERLATA;30;9059;Base BURGOS;BURGOS
9105;9059;18.744305320279402;9105;CIRUELOS DE CERVERA;99;9059;Base BURGOS;BURGOS
9112;9059;23.820607096438753;9112;CORUÑA DEL CONDE;100;9059;Base BURGOS;BURGOS
9114;9059;10.593633996883868;9114;CUBILLO DEL CAMPO;101;9059;Base BURGOS;BURGOS
9123;9059;14.734097459471515;9123;ESPINOSA DEL CAMINO;42;9059;Base BURGOS;BURGOS
9127;9059;17.085297651515745;9127;FONTIOSO;54;9059;Base BURGOS;BURGOS
9133;9059;10.47576223039621;9133;FRESNO DE RODILLA;49;9059;Base BURGOS;BURGOS
9136;34120;23.920077746263882;9136;FUENTECÉN;237;34120;Base PALENCIA;PALENCIA
9140;40194;24.482275668474447;9140;FUENTENEBRO;136;40194;Base SEGOVIA;SEGOVIA
9155;34120;24.768269181406065;9155;HAZA;34;34120;Base PALENCIA;PALENCIA
9172;9059;10.708894493676972;9172;HUÉRMECES;153;9059;Base BURGOS;BURGOS
9175;9059;18.064240456737238;9175;HUMADA;116;9059;Base BURGOS;BURGOS
9176;9059;7.834016884610181;9176;HURONES;53;9059;Base BURGOS;BURGOS
9178;9059;19.318335254211576;9178;IBRILLOS;29;9059;Base BURGOS;BURGOS
9181;9059;10.078153664747454;9181;ISAR;284;9059;Base BURGOS;BURGOS
9184;9059;15.969124908026547;9184;JARAMILLO QUEMADO;10;9059;Base BURGOS;BURGOS
9191;9059;13.816976777192084;9191;JURISDICCIÓN DE LARA;41;9059;Base BURGOS;BURGOS
9192;9059;24.486295836962544;9192;JURISDICCIÓN DE SAN ZADORNIL;66;9059;Base BURGOS;BURGOS
9117;34120;21.927143449254874;9117;LA CUEVA DE ROA;89;34120;Base PALENCIA;PALENCIA
9166;9059;12.522990580144917;9166;LAS HORMAZAS;99;9059;Base BURGOS;BURGOS
9034;9059;13.936161669742717;9034;LOS BALBASES;302;9059;Base BURGOS;BURGOS
9197;9059;11.563642255746739;9197;MADRIGALEJO DEL MONTE;176;9059;Base BURGOS;BURGOS
9201;9059;19.739996870906324;9201;MAMOLAR;28;9059;Base BURGOS;BURGOS
9209;9059;23.457589518907557;9209;MEDINA DE POMAR;5997;9059;Base BURGOS;BURGOS
9215;9059;25.908908702022135;9215;MERINDAD DE SOTOSCUEVA;412;9059;Base BURGOS;BURGOS
9216;9059;25.31105343195057;9216;MERINDAD DE VALDEPORRES;421;9059;Base BURGOS;BURGOS
9221;9059;7.713532325753284;9221;MODÚBAR DE LA EMPAREDADA;769;9059;Base BURGOS;BURGOS
9224;9059;11.339379517464529;9224;MONASTERIO DE RODILLA;169;9059;Base BURGOS;BURGOS
9228;40194;24.793282106382364;9228;MORADILLO DE ROA;170;40194;Base SEGOVIA;SEGOVIA
9231;9059;16.39501770761474;9231;NEBREDA;55;9059;Base BURGOS;BURGOS
9232;42173;19.97650349465641;9232;NEILA;119;42173;Base SORIA;SORIA
9235;34120;20.175129809030448;9235;OLMEDILLO DE ROA;179;34120;Base PALENCIA;PALENCIA
9238;9059;18.596476968888055;9238;OÑA;951;9059;Base BURGOS;BURGOS
9243;9059;16.34459783892478;9243;PADILLA DE ARRIBA;92;9059;Base BURGOS;BURGOS
9244;9059;16.682914283801342;9244;PADRONES DE BUREBA;60;9059;Base BURGOS;BURGOS
9246;42173;21.116851220806158;9246;PALACIOS DE LA SIERRA;675;42173;Base SORIA;SORIA
9248;9059;11.723011245674261;9248;PALAZUELOS DE LA SIERRA;93;9059;Base BURGOS;BURGOS
9250;9059;12.569228313714138;9250;PAMPLIEGA;291;9059;Base BURGOS;BURGOS
9251;9059;21.002812227807087;9251;PANCORBO;437;9059;Base BURGOS;BURGOS
9255;9059;20.568069256790427;9255;PARTIDO DE LA SIERRA EN TOBALINA;81;9059;Base BURGOS;BURGOS
9258;34120;15.49704107491344;9258;PEDROSA DEL PRÍNCIPE;163;34120;Base PALENCIA;PALENCIA
9262;34120;15.519163539904227;9262;PERAL DE ARLANZA;170;34120;Base PALENCIA;PALENCIA
9265;9059;14.9707942593447;9265;PIÉRNIGAS;39;9059;Base BURGOS;BURGOS
9267;9059;18.082875697479835;9267;PINEDA TRASMONTE;98;9059;Base BURGOS;BURGOS
9269;9059;16.816466638741105;9269;PINILLA DE LOS MOROS;33;9059;Base BURGOS;BURGOS
9287;9059;8.330215104293357;9287;QUINTANAORTUÑO;284;9059;Base BURGOS;BURGOS
9288;9059;9.313466015238529;9288;QUINTANAPALLA;120;9059;Base BURGOS;BURGOS
9294;9059;15.796312809236259;9294;QUINTANILLA DE LA MATA;108;9059;Base BURGOS;BURGOS
9901;9059;14.403719693409707;9901;QUINTANILLA DEL AGUA Y TORDUELES;335;9059;Base BURGOS;BURGOS
9295;9059;16.778513571528762;9295;QUINTANILLA DEL COCO;50;9059;Base BURGOS;BURGOS
9298;9059;18.014800910396858;9298;QUINTANILLA SAN GARCÍA;68;9059;Base BURGOS;BURGOS
9301;9059;7.194220037912723;9301;QUINTANILLA VIVAR;885;9059;Base BURGOS;BURGOS
9306;9059;20.74850367002731;9306;REBOLLEDO DE LA TORRE;92;9059;Base BURGOS;BURGOS
9307;9059;19.613732554997746;9307;REDECILLA DEL CAMINO;93;9059;Base BURGOS;BURGOS
9310;9059;13.785437324547056;9310;REINOSO;18;9059;Base BURGOS;BURGOS
9314;9059;10.443002500482308;9314;REVILLA DEL CAMPO;94;9059;Base BURGOS;BURGOS
9316;34120;14.950772817230447;9316;REVILLA VALLEJERA;115;34120;Base PALENCIA;PALENCIA
9315;9059;8.513705011059425;9315;REVILLARRUZ;634;9059;Base BURGOS;BURGOS
9317;9059;18.070421354789516;9317;REZMONDO;17;9059;Base BURGOS;BURGOS
9326;9059;8.243672274826976;9326;RUBENA;217;9059;Base BURGOS;BURGOS
9328;9059;17.94335169068858;9328;RUCANDIO;72;9059;Base BURGOS;BURGOS
9329;9059;16.826865499317133;9329;SALAS DE BUREBA;129;9059;Base BURGOS;BURGOS
9332;9059;7.57925951217656;9332;SALDAÑA DE BURGOS;201;9059;Base BURGOS;BURGOS
9334;9059;14.547484078504736;9334;SALINILLAS DE BUREBA;48;9059;Base BURGOS;BURGOS
9335;9059;10.50806348400554;9335;SAN ADRIÁN DE JUARROS;86;9059;Base BURGOS;BURGOS
9339;34120;21.504333539449977;9339;SAN MARTÍN DE RUBIALES;139;34120;Base PALENCIA;PALENCIA
9347;9059;23.359397241949754;9347;SANTA GADEA DEL CID;161;9059;Base BURGOS;BURGOS
9352;9059;19.946465278459705;9352;SANTA MARÍA DEL MERCADILLO;108;9059;Base BURGOS;BURGOS
9354;9059;12.138287941750477;9354;SANTA OLALLA DE BUREBA;38;9059;Base BURGOS;BURGOS
9355;9059;20.41580363813806;9355;SANTIBÁÑEZ DE ESGUEVA;77;9059;Base BURGOS;BURGOS
9356;9059;17.23104889105072;9356;SANTIBÁÑEZ DEL VAL;70;9059;Base BURGOS;BURGOS
9358;9059;18.155510521472685;9358;SANTO DOMINGO DE SILOS;247;9059;Base BURGOS;BURGOS
9388;9059;11.778911715583037;9388;TORRELARA;32;9059;Base BURGOS;BURGOS
9394;9059;20.62243640934998;9394;TRESPADERNE;713;9059;Base BURGOS;BURGOS
9395;9059;16.367088568409947;9395;TUBILLA DEL AGUA;128;9059;Base BURGOS;BURGOS
9908;9059;27.26007246648703;9908;VALLE DE LOSA;496;9059;Base BURGOS;BURGOS
9410;9059;29.846264960985067;9410;VALLE DE MENA;4140;9059;Base BURGOS;BURGOS
9413;9059;24.18390068817774;9413;VALLE DE VALDEBEZANA;482;9059;Base BURGOS;BURGOS
9419;9059;19.795856640085724;9419;VALLUÉRCANES;63;9059;Base BURGOS;BURGOS
9432;9059;18.644671352261142;9432;VILLAFRUELA;143;9059;Base BURGOS;BURGOS
9433;9059;16.470769039629808;9433;VILLAGALIJO;52;9059;Base BURGOS;BURGOS
9434;9059;6.449632789080981;9434;VILLAGONZALO PEDERNALES;1882;9059;Base BURGOS;BURGOS
9441;9059;11.942404250953924;9441;VILLALDEMIRO;91;9059;Base BURGOS;BURGOS
9442;9059;13.942220795808492;9442;VILLALMANZO;410;9059;Base BURGOS;BURGOS
9445;9059;15.1081153108253;9445;VILLAMBISTIA;43;9059;Base BURGOS;BURGOS
9446;34120;14.912647184780269;9446;VILLAMEDIANILLA;9;34120;Base PALENCIA;PALENCIA
9447;9059;12.816412912051424;9447;VILLAMIEL DE LA SIERRA;43;9059;Base BURGOS;BURGOS
9448;9059;10.100312510207491;9448;VILLANGÓMEZ;232;9059;Base BURGOS;BURGOS
9451;9059;23.383447302763386;9451;VILLANUEVA DE GUMIEL;279;9059;Base BURGOS;BURGOS
9455;9059;14.04648438336631;9455;VILLAQUIRÁN DE LA PUEBLA;46;9059;Base BURGOS;BURGOS
9460;9059;14.091532003221163;9460;VILLASANDINO;178;9059;Base BURGOS;BURGOS
9464;34120;20.849041311947577;9464;VILLATUELDA;53;34120;Base PALENCIA;PALENCIA
9476;9059;12.962719119999097;9476;VILLORUEBO;63;9059;Base BURGOS;BURGOS
9425;42173;20.08932407507885;9425;VILVIESTRE DEL PINAR;504;42173;Base SORIA;SORIA
9480;9059;12.507551955721535;9480;ZAEL;115;9059;Base BURGOS;BURGOS
9485;9059;18.36806728064505;9485;ZUÑEDA;57;9059;Base BURGOS;BURGOS
24007;24115;8.422816537195693;24007;ARGANZA;805;24115;Base PONFERRADA;El Bierzo
24016;24115;10.067937641147603;24016;BENUZA;442;24115;Base PONFERRADA;El Bierzo
24017;24089;12.301235289644545;24017;BERCIANOS DEL PÁRAMO;522;24089;Base LEÓN;LEÓN
24019;24115;10.544946853117601;24019;BERLANGA DEL BIERZO;322;24115;Base PONFERRADA;El Bierzo
24021;24089;14.764041469592582;24021;BOÑAR;1766;24089;Base LEÓN;LEÓN
24023;24115;14.957080980318684;24023;BRAZUELO;312;24115;Base PONFERRADA;El Bierzo
24025;24089;22.2783827099153;24025;BURÓN;288;24089;Base LEÓN;LEÓN
24033;24089;9.942412391357074;24033;CAMPO DE VILLAVIDEL;205;24089;Base LEÓN;LEÓN
24037;24089;15.933718325584394;24037;CÁRMENES;333;24089;Base LEÓN;LEÓN
24039;24089;10.909513290448203;24039;CARRIZO;2222;24089;Base LEÓN;LEÓN
24043;24115;11.408388115364481;24043;CASTRILLO DE CABRERA;102;24115;Base PONFERRADA;El Bierzo
24044;24115;17.395917347196907;24044;CASTRILLO DE LA VALDUERNA;143;24115;Base PONFERRADA;El Bierzo
24047;24115;19.338666868862454;24047;CASTROCONTRIGO;669;24115;Base PONFERRADA;El Bierzo
24049;24115;8.0383115748113;24049;CASTROPODAME;1574;24115;Base PONFERRADA;El Bierzo
24052;24089;17.700797100458928;24052;CEBANICO;143;24089;Base LEÓN;LEÓN
24054;24089;19.64888462885849;24054;CIMANES DE LA VEGA;435;24089;Base LEÓN;LEÓN
24059;24115;10.044576896070698;24059;CORULLÓN;819;24115;Base PONFERRADA;El Bierzo
24064;24115;7.442456345701045;24064;CUBILLOS DEL SIL;1719;24115;Base PONFERRADA;El Bierzo
24024;24089;14.409412183700475;24024;EL BURGO RANERO;690;24089;Base LEÓN;LEÓN
24073;24089;12.765782152015177;24073;FRESNO DE LA VEGA;477;24089;Base LEÓN;LEÓN
24077;24089;16.998484999085967;24077;GORDALIZA DEL PINO;239;24089;Base LEÓN;LEÓN
24084;24089;18.321334430668188;24084;IZAGRE;137;24089;Base LEÓN;LEÓN
24005;24089;18.024020425846835;24005;LA ANTIGUA;328;24089;Base LEÓN;LEÓN
24134;24089;11.30569200658216;24134;LA ROBLA;3605;24089;Base LEÓN;LEÓN
24193;24089;13.373955690669682;24193;LA VECILLA;378;24089;Base LEÓN;LEÓN
24089;24089;5.0;24089;LEÓN;122243;24089;Base LEÓN;LEÓN
24092;24089;10.87074639484483;24092;LLAMAS DE LA RIBERA;791;24089;Base LEÓN;LEÓN
24093;24089;16.42129057322253;24093;MAGAZ DE CEPEDA;349;24089;Base LEÓN;LEÓN
24097;24089;14.07738702113068;24097;MATADEÓN DE LOS OTEROS;221;24089;Base LEÓN;LEÓN
24098;24089;13.168598697201515;24098;MATALLANA DE TORÍO;1228;24089;Base LEÓN;LEÓN
24099;24089;16.71969380698789;24099;MATANZA;172;24089;Base LEÓN;LEÓN
24105;24089;7.254807118106132;24105;ONZONILLA;1942;24089;Base LEÓN;LEÓN
24106;24089;25.069146847758716;24106;OSEJA DE SAJAMBRE;226;24089;Base LEÓN;LEÓN
24112;24115;15.006431187710835;24112;PERANZANES;271;24115;Base PONFERRADA;El Bierzo
24113;24089;14.277267471375934;24113;POBLADURA DE PELAYO GARCÍA;354;24089;Base LEÓN;LEÓN
24127;24089;16.408712079365134;24127;REGUERAS DE ARRIBA;264;24089;Base LEÓN;LEÓN
24129;24089;18.387180572190147;24129;REYERO;128;24089;Base LEÓN;LEÓN
24132;24089;14.934459912292073;24132;RIELLO;582;24089;Base LEÓN;LEÓN
24133;24089;11.348650268017824;24133;RIOSECO DE TAPIA;399;24089;Base LEÓN;LEÓN
24141;24089;19.67497318554686;24141;SAN ADRIÁN DEL VALLE;84;24089;Base LEÓN;LEÓN
24145;24089;19.88994677282559;24145;SAN EMILIANO;596;24089;Base LEÓN;LEÓN
24148;24089;15.973304078460139;24148;SAN JUSTO DE LA VEGA;1775;24089;Base LEÓN;LEÓN
24151;24089;10.762888286468012;24151;SANTA COLOMBA DE CURUEÑO;507;24089;Base LEÓN;LEÓN
24152;24115;13.54880761732016;24152;SANTA COLOMBA DE SOMOZA;494;24115;Base PONFERRADA;El Bierzo
24155;24089;15.933505871624757;24155;SANTA MARÍA DE LA ISLA;443;24089;Base LEÓN;LEÓN
24156;24089;15.573571006769413;24156;SANTA MARÍA DEL MONTE DE CEA;325;24089;Base LEÓN;LEÓN
24157;24089;13.488862018502996;24157;SANTA MARÍA DEL PÁRAMO;209;24089;Base LEÓN;LEÓN
24163;24089;7.045846951363038;24163;SARIEGOS;5444;24089;Base LEÓN;LEÓN
24164;24089;18.206576267336125;24164;SENA DE LUNA;390;24089;Base LEÓN;LEÓN
24171;24115;12.095715476893188;24171;TRABADELO;319;24115;Base PONFERRADA;El Bierzo
24172;24115;14.428020329874812;24172;TRUCHAS;392;24115;Base PONFERRADA;El Bierzo
24036;24115;13.631677182626222;24036;VALLE DE ANCARES;275;24115;Base PONFERRADA;El Bierzo
24197;24089;8.65642441303257;24197;VEGA DE INFANZONES;839;24089;Base LEÓN;LEÓN
24194;24089;13.680788047099265;24194;VEGACERVERA;258;24089;Base LEÓN;LEÓN
24203;24089;16.04741553566725;24203;VILLABRAZ;95;24089;Base LEÓN;LEÓN
24205;24089;10.108322394742373;24205;VILLADANGOS DEL PÁRAMO;1235;24089;Base LEÓN;LEÓN
24211;24089;17.743715251589173;24211;VILLAMANDOS;277;24089;Base LEÓN;LEÓN
24219;24089;16.384336704611048;24219;VILLAOBISPO DE OTERO;518;24089;Base LEÓN;LEÓN
24221;24089;18.74443562568309;24221;VILLAQUEJIDA;803;24089;Base LEÓN;LEÓN
24227;24089;8.050244916022624;24227;VILLATURIEL;1838;24089;Base LEÓN;LEÓN
24228;24089;14.68861200616493;24228;VILLAZALA;596;24089;Base LEÓN;LEÓN
24229;24089;18.59007466622976;24229;VILLAZANZO DE VALDERADUEY;368;24089;Base LEÓN;LEÓN
34009;34120;11.263012452375715;34009;AMAYUELAS DE ARRIBA;38;34120;Base PALENCIA;PALENCIA
34019;34120;12.113113015461268;34019;AUTILLO DE CAMPOS;130;34120;Base PALENCIA;PALENCIA
34031;34120;15.465525092045254;34031;BELMONTE DE CAMPOS;30;34120;Base PALENCIA;PALENCIA
34032;9059;20.28699383359352;34032;BERZOSILLA;47;9059;Base BURGOS;BURGOS
34033;34120;12.738867895868513;34033;BOADA DE CAMPOS;16;34120;Base PALENCIA;PALENCIA
34035;34120;16.04835094334987;34035;BOADILLA DE RIOSECO;114;34120;Base PALENCIA;PALENCIA
34038;34120;19.360137216543514;34038;BUSTILLO DE LA VEGA;269;34120;Base PALENCIA;PALENCIA
34042;34120;15.032224400398968;34042;CALZADA DE LOS MOLINOS;305;34120;Base PALENCIA;PALENCIA
34047;34120;15.216590598260689;34047;CARRIÓN DE LOS CONDES;1999;34120;Base PALENCIA;PALENCIA
34048;34120;14.628313551565746;34048;CASTIL DE VELA;55;34120;Base PALENCIA;PALENCIA
34051;34120;11.943444452607661;34051;CASTRILLO DE ONIELO;91;34120;Base PALENCIA;PALENCIA
34052;34120;18.594699795832113;34052;CASTRILLO DE VILLAVEGA;168;34120;Base PALENCIA;PALENCIA
34057;34120;10.48446150448622;34057;CEVICO DE LA TORRE;475;34120;Base PALENCIA;PALENCIA
34059;34120;14.7050107293788;34059;CISNEROS;430;34120;Base PALENCIA;PALENCIA
34063;34120;11.593899809746055;34063;CORDOVILLA LA REAL;129;34120;Base PALENCIA;PALENCIA
34066;34120;11.504280899284929;34066;CUBILLAS DE CERRATO;64;34120;Base PALENCIA;PALENCIA
34069;34120;8.94698814088269;34069;DUEÑAS;2587;34120;Base PALENCIA;PALENCIA
34070;9059;17.601620597984677;34070;ESPINOSA DE CERRATO;124;9059;Base BURGOS;BURGOS
34074;34120;13.422566228344927;34074;FRÓMISTA;748;34120;Base PALENCIA;PALENCIA
34077;34120;7.077447228093719;34077;FUENTES DE VALDEPERO;484;34120;Base PALENCIA;PALENCIA
34079;34120;6.756914604995281;34079;GRIJOTA;2789;34120;Base PALENCIA;PALENCIA
34082;34120;14.868937954091393;34082;HÉRMEDES DE CERRATO;74;34120;Base PALENCIA;PALENCIA
34084;34120;12.649740934055274;34084;HERRERA DE VALDECAÑAS;158;34120;Base PALENCIA;PALENCIA
34088;34120;7.510123691125928;34088;HUSILLOS;393;34120;Base PALENCIA;PALENCIA
34089;34120;15.483436425157116;34089;ITERO DE LA VEGA;144;34120;Base PALENCIA;PALENCIA
34091;34120;19.643556530865705;34091;LAGARTOS;117;34120;Base PALENCIA;PALENCIA
34096;34120;13.163138426532331;34096;LOMAS;41;34120;Base PALENCIA;PALENCIA
34099;34120;10.989395566671089;34099;MANQUILLOS;58;34120;Base PALENCIA;PALENCIA
34103;34120;13.45898427229614;34103;MAZUECOS DE VALDEGINATE;79;34120;Base PALENCIA;PALENCIA
34106;34120;13.904617146986592;34106;MENESES DE CAMPOS;101;34120;Base PALENCIA;PALENCIA
34108;34120;8.385175855731973;34108;MONZÓN DE CAMPOS;583;34120;Base PALENCIA;PALENCIA
34112;34120;16.932898681071414;34112;NOGAL DE LAS HUERTAS;46;34120;Base PALENCIA;PALENCIA
34116;34120;17.24640751721713;34116;OSORNILLO;59;34120;Base PALENCIA;PALENCIA
34901;34120;17.79583254786236;34901;OSORNO LA MAYOR;1190;34120;Base PALENCIA;PALENCIA
34124;9059;25.80824888356223;34124;PAYO DE OJEDA;57;9059;Base BURGOS;BURGOS
34133;34120;11.945132244194273;34133;POBLACIÓN DE CERRATO;98;34120;Base PALENCIA;PALENCIA
34137;34120;16.025374620252286;34137;POZO DE URAMA;18;34120;Base PALENCIA;PALENCIA
34143;34120;19.328184492557362;34143;QUINTANILLA DE ONSOÑA;180;34120;Base PALENCIA;PALENCIA
34146;34120;8.557399174087355;34146;REINOSO DE CERRATO;57;34120;Base PALENCIA;PALENCIA
34149;34120;15.072480755575379;34149;REQUENA DE CAMPOS;29;34120;Base PALENCIA;PALENCIA
34155;34120;9.432754604962398;34155;RIBAS DE CAMPOS;153;34120;Base PALENCIA;PALENCIA
34160;9059;27.596963354833484;34160;SAN CEBRIÁN DE MUDÁ;150;9059;Base BURGOS;BURGOS
34165;34120;15.610295051927514;34165;SAN ROMÁN DE LA CUBA;53;34120;Base PALENCIA;PALENCIA
34168;9059;20.979987834209545;34168;SANTA CRUZ DE BOEDO;52;9059;Base BURGOS;BURGOS
34169;34120;21.192402869324386;34169;SANTERVÁS DE LA VEGA;400;34120;Base PALENCIA;PALENCIA
34170;9059;23.649955397729414;34170;SANTIBÁÑEZ DE ECLA;42;9059;Base BURGOS;BURGOS
34176;34120;22.820907887085347;34176;SOTOBAÑADO Y PRIORATO;158;34120;Base PALENCIA;PALENCIA
34179;24089;24.544673233078782;34179;TABANERA DE VALDAVIA;22;24089;Base LEÓN;LEÓN
34180;34120;11.724044498897078;34180;TÁMARA DE CAMPOS;74;34120;Base PALENCIA;PALENCIA
34181;34120;8.361856882390923;34181;TARIEGO DE CERRATO;500;34120;Base PALENCIA;PALENCIA
34182;34120;9.955366753232173;34182;TORQUEMADA;966;34120;Base PALENCIA;PALENCIA
34189;34120;8.196006215502095;34189;VALDEOLMILLOS;60;34120;Base PALENCIA;PALENCIA
34023;34120;7.71104482346356;34023;VENTA DE BAÑOS;6331;34120;Base PALENCIA;PALENCIA
34201;34120;12.087204663609821;34201;VERTAVILLO;167;34120;Base PALENCIA;PALENCIA
34204;34120;16.860297629944107;34204;VILLACIDALER;46;34120;Base PALENCIA;PALENCIA
34215;34120;14.376250517344399;34215;VILLALCÁZAR DE SIRGA;174;34120;Base PALENCIA;PALENCIA
34218;34120;21.480949272007027;34218;VILLALUENGA DE LA VEGA;519;34120;Base PALENCIA;PALENCIA
34220;34120;7.91859315777806;34220;VILLAMARTÍN DE CAMPOS;169;34120;Base PALENCIA;PALENCIA
34223;34120;17.563544616272726;34223;VILLAMORONTA;239;34120;Base PALENCIA;PALENCIA
34225;34120;6.86667847444416;34225;VILLAMURIEL DE CERRATO;6508;34120;Base PALENCIA;PALENCIA
34230;34120;13.802160816366829;34230;VILLARMENTERO DE CAMPOS;28;34120;Base PALENCIA;PALENCIA
34236;34120;16.599374137630136;34236;VILLATURDE;147;34120;Base PALENCIA;PALENCIA
34237;34120;8.031894390571411;34237;VILLAUMBRALES;623;34120;Base PALENCIA;PALENCIA
34242;9059;15.593219749186165;34242;VILLODRIGO;96;9059;Base BURGOS;BURGOS
34243;34120;12.304358031445586;34243;VILLOLDO;339;34120;Base PALENCIA;PALENCIA
34245;24089;21.12282633904474;34245;VILLOTA DEL PÁRAMO;299;24089;Base LEÓN;LEÓN
37001;37274;18.444699686704553;37001;ABUSEJO;143;37274;Base SALAMANCA;SALAMANCA
37003;37274;29.94988698028451;37003;AHIGAL DE LOS ACEITEROS;88;37274;Base SALAMANCA;SALAMANCA
37008;37274;10.509218615828285;37008;ALBA DE TORMES;5122;37274;Base SALAMANCA;SALAMANCA
37018;37274;19.620048376707686;37018;ALDEANUEVA DE LA SIERRA;98;37274;Base SALAMANCA;SALAMANCA
37023;37274;6.495652590334061;37023;ALDEATEJADA;2587;37274;Base SALAMANCA;SALAMANCA
37026;37274;21.162780314289993;37026;ALDEHUELA DE YELTES;181;37274;Base SALAMANCA;SALAMANCA
37027;37274;9.626439510526687;37027;ALMENARA DE TORMES;305;37274;Base SALAMANCA;SALAMANCA
37031;37274;11.838424828331872;37031;ARABAYONA DE MÓGICA;325;37274;Base SALAMANCA;SALAMANCA
37039;37274;27.00373729557981;37039;BAÑOBÁREZ;280;37274;Base SALAMANCA;SALAMANCA
37042;37274;23.238416843305554;37042;BARCEO;48;37274;Base SALAMANCA;SALAMANCA
37047;37274;11.61926717237267;37047;BELEÑA;251;37274;Base SALAMANCA;SALAMANCA
37052;37274;20.378104845216882;37052;BOADA;268;37274;Base SALAMANCA;SALAMANCA
37055;37274;24.914972943685118;37055;BOGAJO;129;37274;Base SALAMANCA;SALAMANCA
37060;37274;11.18437575035323;37060;BUENAVISTA;365;37274;Base SALAMANCA;SALAMANCA
37070;37274;7.502056013963815;37070;CALVARRASA DE ARRIBA;615;37274;Base SALAMANCA;SALAMANCA
37074;37274;32.278291497817605;37074;CAMPILLO DE AZABA;142;37274;Base SALAMANCA;SALAMANCA
37078;37274;23.343124633199203;37078;CANDELARIO;843;37274;Base SALAMANCA;SALAMANCA
37079;37274;11.21207194070935;37079;CANILLAS DE ABAJO;70;37274;Base SALAMANCA;SALAMANCA
37080;37274;23.40650070487344;37080;CANTAGALLO;279;37274;Base SALAMANCA;SALAMANCA
37083;37274;16.665171947048265;37083;CANTARACILLO;190;37274;Base SALAMANCA;SALAMANCA
37087;37274;7.236787531169251;37087;CARRASCAL DE BARREGAS;1439;37274;Base SALAMANCA;SALAMANCA
37088;37274;14.850831451247346;37088;CARRASCAL DEL OBISPO;187;37274;Base SALAMANCA;SALAMANCA
37089;37274;16.598994462063004;37089;CASAFRANCA;68;37274;Base SALAMANCA;SALAMANCA
37185;37274;7.632070855957214;37185;CASTELLANOS DE VILLIQUERA;703;37274;Base SALAMANCA;SALAMANCA
37096;37274;28.88383832780606;37096;CASTILLEJO DE MARTÍN VIEJO;205;37274;Base SALAMANCA;SALAMANCA
37097;37274;22.284424545150074;37097;CASTRAZ;34;37274;Base SALAMANCA;SALAMANCA
37103;37274;18.018717201936106;37103;CESPEDOSA DE TORMES;496;37274;Base SALAMANCA;SALAMANCA
37104;37274;19.938752655043054;37104;CILLEROS DE LA BASTIDA;23;37274;Base SALAMANCA;SALAMANCA
37107;37274;27.889110669545165;37107;CIUDAD RODRIGO;11846;37274;Base SALAMANCA;SALAMANCA
37110;37274;10.96083850196921;37110;CORDOVILLA;108;37274;Base SALAMANCA;SALAMANCA
37034;37274;10.654254885218489;37034;EL ARCO;89;37274;Base SALAMANCA;SALAMANCA
37102;37274;25.227398590852587;37102;EL CERRO;365;37274;Base SALAMANCA;SALAMANCA
37180;37274;20.547536181181556;37180;EL MANZANO;57;37274;Base SALAMANCA;SALAMANCA
37124;37274;16.878738588086186;37124;ENDRINAL;204;37274;Base SALAMANCA;SALAMANCA
37130;37274;9.370614352746703;37130;FORFOLEDA;204;37274;Base SALAMANCA;SALAMANCA
37138;37274;17.372477296738495;37138;FUENTERROBLE DE SALVATIERRA;252;37274;Base SALAMANCA;SALAMANCA
37140;37274;33.711306005282836;37140;FUENTES DE OÑORO;1009;37274;Base SALAMANCA;SALAMANCA
37151;37274;10.645065644057722;37151;GOLPEJAS;144;37274;Base SALAMANCA;SALAMANCA
37152;37274;8.747478809128735;37152;GOMECELLO;412;37274;Base SALAMANCA;SALAMANCA
37155;37274;18.25568822812002;37155;GUIJO DE ÁVILA;78;37274;Base SALAMANCA;SALAMANCA
37165;37274;21.02156264786598;37165;IRUELOS;31;37274;Base SALAMANCA;SALAMANCA
37166;37274;32.7535535804451;37166;ITUERO DE AZABA;199;37274;Base SALAMANCA;SALAMANCA
37005;37274;31.864117985171507;37005;LA ALAMEDA DE GARDÓN;74;37274;Base SALAMANCA;SALAMANCA
37010;37274;22.751845994422585;37010;LA ALBERCA;1045;37274;Base SALAMANCA;SALAMANCA
37056;37274;31.196237184879973;37056;LA BOUZA;49;37274;Base SALAMANCA;SALAMANCA
37119;37274;29.44131172209744;37119;LA ENCINA;108;37274;Base SALAMANCA;SALAMANCA
37132;37274;32.501934787053294;37132;LA FREGENEDA;308;37274;Base SALAMANCA;SALAMANCA
37186;37274;12.062018852290347;37186;LA MATA DE LEDESMA;101;37274;Base SALAMANCA;SALAMANCA
37224;37274;10.842034072050422;37224;LA ORBADA;182;37274;Base SALAMANCA;SALAMANCA
37309;37274;15.691908329130955;37309;LA SIERPE;42;37274;Base SALAMANCA;SALAMANCA
37315;37274;16.84672810125662;37315;LA TALA;76;37274;Base SALAMANCA;SALAMANCA
37349;37274;24.614989640436665;37349;LA VÍDOLA;107;37274;Base SALAMANCA;SALAMANCA
37173;37274;29.157687330921025;37173;LUMBRALES;1510;37274;Base SALAMANCA;SALAMANCA
37182;37274;10.117405129721007;37182;MARTINAMOR;82;37274;Base SALAMANCA;SALAMANCA
37189;37274;13.98434414832527;37189;MEMBRIBE DE LA SIERRA;105;37274;Base SALAMANCA;SALAMANCA
37190;37274;29.11830563339281;37190;MIEZA;176;37274;Base SALAMANCA;SALAMANCA
37200;37274;15.234880717331457;37200;MONTEJO;198;37274;Base SALAMANCA;SALAMANCA
37203;37274;11.430663207166617;37203;MONTERRUBIO DE LA SIERRA;148;37274;Base SALAMANCA;SALAMANCA
37207;37274;7.257804438168903;37207;MORISCOS;566;37274;Base SALAMANCA;SALAMANCA
37209;37274;8.36778643711223;37209;MOZÁRBEZ;510;37274;Base SALAMANCA;SALAMANCA
37211;37274;15.083268658042499;37211;NARROS DE MATALAYEGUA;198;37274;Base SALAMANCA;SALAMANCA
37213;37274;19.959642574575817;37213;NAVA DE BÉJAR;74;37274;Base SALAMANCA;SALAMANCA
37226;37274;12.90918436437849;37226;PALACIOS DEL ARZOBISPO;151;37274;Base SALAMANCA;SALAMANCA
37229;37274;9.124725815349619;37229;PALENCIA DE NEGRILLA;138;37274;Base SALAMANCA;SALAMANCA
37231;37274;12.5650280584942;37231;PARADA DE RUBIALES;241;37274;Base SALAMANCA;SALAMANCA
37232;37274;16.73175755973904;37232;PARADINAS DE SAN JUAN;384;37274;Base SALAMANCA;SALAMANCA
37236;37274;12.563717476540418;37236;PEDROSILLO DE ALBA;124;37274;Base SALAMANCA;SALAMANCA
37237;37274;12.72022479375211;37237;PEDROSILLO DE LOS AIRES;314;37274;Base SALAMANCA;SALAMANCA
37241;37274;17.777092224881727;37241;PELARRODRÍGUEZ;159;37274;Base SALAMANCA;SALAMANCA
37246;37274;15.833727246874854;37246;PEÑARANDA DE BRACAMONTE;6063;37274;Base SALAMANCA;SALAMANCA
37247;37274;11.731172177593068;37247;PEÑARANDILLA;181;37274;Base SALAMANCA;SALAMANCA
37250;49261;25.641570119617935;37250;PEREÑA DE LA RIBERA;314;49261;Base VILLARALBO;ZAMORA
37259;37274;18.931717131464627;37259;PUEBLA DE SAN MEDEL;33;37274;Base SALAMANCA;SALAMANCA
37260;37274;20.740015200604212;37260;PUEBLA DE YELTES;142;37274;Base SALAMANCA;SALAMANCA
37262;37274;19.737735814776833;37262;PUERTAS;65;37274;Base SALAMANCA;SALAMANCA
37269;37274;32.92205356138281;37269;ROBLEDA;457;37274;Base SALAMANCA;SALAMANCA
37272;37274;28.96076133853377;37272;SAELICES EL CHICO;173;37274;Base SALAMANCA;SALAMANCA
37276;37274;16.3977300199956;37276;SALMORAL;112;37274;Base SALAMANCA;SALAMANCA
37278;37274;7.1626863070671085;37278;SAN CRISTÓBAL DE LA CUESTA;1143;37274;Base SALAMANCA;SALAMANCA
37287;37274;19.135574472571705;37287;SAN MIGUEL DE VALERO;303;37274;Base SALAMANCA;SALAMANCA
37288;37274;8.806063450095799;37288;SAN MORALES;366;37274;Base SALAMANCA;SALAMANCA
37291;37274;10.614910111714881;37291;SAN PEDRO DE ROZADOS;145;37274;Base SALAMANCA;SALAMANCA
37292;37274;11.294927058717985;37292;SAN PELAYO DE GUAREÑA;92;37274;Base SALAMANCA;SALAMANCA
37294;37274;5.95128075646369;37294;SANTA MARTA DE TORMES;14726;37274;Base SALAMANCA;SALAMANCA
37297;37274;19.605634709308347;37297;SANTIBÁÑEZ DE BÉJAR;444;37274;Base SALAMANCA;SALAMANCA
37299;37274;13.892749466489352;37299;SANTIZ;229;37274;Base SALAMANCA;SALAMANCA
37304;37274;19.461082888490978;37304;SEPULCRO-HILARIO;157;37274;Base SALAMANCA;SALAMANCA
37310;37274;12.123779191286397;37310;SIETEIGLESIAS DE TORMES;164;37274;Base SALAMANCA;SALAMANCA
37312;37274;20.90638299681163;37312;SORIHUELA;256;37274;Base SALAMANCA;SALAMANCA
37316;37274;18.783718541187046;37316;TAMAMES;785;37274;Base SALAMANCA;SALAMANCA
37317;37274;16.316028237778163;37317;TARAZONA DE GUAREÑA;269;37274;Base SALAMANCA;SALAMANCA
37318;37274;9.91434434556784;37318;TARDÁGUILA;197;37274;Base SALAMANCA;SALAMANCA
37323;37274;10.793305307085124;37323;TOPAS;511;37274;Base SALAMANCA;SALAMANCA
37324;37274;12.953363866663242;37324;TORDILLOS;316;37274;Base SALAMANCA;SALAMANCA
37327;37274;9.910266076760308;37327;TORRESMENUDAS;184;37274;Base SALAMANCA;SALAMANCA
37328;49261;22.781898604670353;37328;TRABANCA;160;49261;Base VILLARALBO;ZAMORA
37331;37274;20.67553426698709;37331;VALDEFUENTES DE SANGUSÍN;189;37274;Base SALAMANCA;SALAMANCA
37338;37274;8.597755316477462;37338;VALDUNCIEL;110;37274;Base SALAMANCA;SALAMANCA
37343;37274;21.999779289930387;37343;VALLEJERA DE RIOFRÍO;72;37274;Base SALAMANCA;SALAMANCA
37340;37274;24.6092065377776;37340;VALSALABROSO;119;37274;Base SALAMANCA;SALAMANCA
37341;37274;20.002225123143564;37341;VALVERDE DE VALDELACASA;57;37274;Base SALAMANCA;SALAMANCA
37344;37274;12.536217254222983;37344;VECINOS;219;37274;Base SALAMANCA;SALAMANCA
37348;37274;12.37664541827315;37348;VENTOSA DEL RÍO ALMAR;99;37274;Base SALAMANCA;SALAMANCA
37353;37274;13.703261577805794;37353;VILLALBA DE LOS LLANOS;110;37274;Base SALAMANCA;SALAMANCA
37356;37274;30.76706008709655;37356;VILLAR DE ARGAÑÁN;98;37274;Base SALAMANCA;SALAMANCA
37362;37274;6.319432414782082;37362;VILLARES DE LA REINA;6723;37274;Base SALAMANCA;SALAMANCA
37364;49261;24.085710226810907;37364;VILLARINO DE LOS AIRES;739;49261;Base VILLARALBO;ZAMORA
37370;37274;18.284273763891456;37370;VILLASECO DE LOS REYES;298;37274;Base SALAMANCA;SALAMANCA
37372;37274;9.333579991170833;37372;VILLAVERDE DE GUAREÑA;138;37274;Base SALAMANCA;SALAMANCA
37373;37274;23.596708809972526;37373;VILLAVIEJA DE YELTES;688;37274;Base SALAMANCA;SALAMANCA
37350;37274;29.61168955907619;37350;VILVESTRE;395;37274;Base SALAMANCA;SALAMANCA
37378;37274;27.613547341355783;37378;ZAMARRA;71;37274;Base SALAMANCA;SALAMANCA
37379;37274;11.634414471451208;37379;ZAMAYÓN;192;37274;Base SALAMANCA;SALAMANCA
37380;37274;9.640172747540849;37380;ZARAPICOS;49;37274;Base SALAMANCA;SALAMANCA
37382;37274;15.82227300137313;37382;ZORITA DE LA FRONTERA;152;37274;Base SALAMANCA;SALAMANCA
40001;40194;8.422332941141638;40001;ABADES;859;40194;Base SEGOVIA;SEGOVIA
40006;40194;16.739094546496133;40006;ALDEALCORVO;18;40194;Base SEGOVIA;SEGOVIA
40008;40194;26.59585325634033;40008;ALDEALENGUA DE SANTA MARÍA;59;40194;Base SEGOVIA;SEGOVIA
40010;40194;15.388539771983;40010;ALDEANUEVA DEL CODONAL;108;40194;Base SEGOVIA;SEGOVIA
40016;40194;20.87562674981953;40016;ALDEONTE;55;40194;Base SEGOVIA;SEGOVIA
40018;40194;9.709040069044807;40018;AÑE;66;40194;Base SEGOVIA;SEGOVIA
40019;40194;13.374764486648289;40019;ARAHUETES;31;40194;Base SEGOVIA;SEGOVIA
40020;40194;15.500981394348;40020;ARCONES;180;40194;Base SEGOVIA;SEGOVIA
40025;40194;20.39195034854422;40025;BARBOLLA;150;40194;Base SEGOVIA;SEGOVIA
40041;40194;8.863529271451302;40041;CANTIMPALOS;1427;40194;Base SEGOVIA;SEGOVIA
40043;40194;11.142668536013225;40043;CARBONERO EL MAYOR;2502;40194;Base SEGOVIA;SEGOVIA
40045;40194;17.598415804006834;40045;CASLA;155;40194;Base SEGOVIA;SEGOVIA
40047;40194;20.53505009933164;40047;CASTRO DE FUENTIDUEÑA;48;40194;Base SEGOVIA;SEGOVIA
40052;40194;23.647367207667365;40052;CEDILLO DE LA TORRE;81;40194;Base SEGOVIA;SEGOVIA
40053;40194;19.633502960298536;40053;CEREZO DE ABAJO;145;40194;Base SEGOVIA;SEGOVIA
40065;47076;14.958536726217607;40065;CHAÑE;741;47076;Base LAGUNA DE DUERO;VALLADOLID
40056;40194;18.853726055762944;40056;COBOS DE FUENTIDUEÑA;28;40194;Base SEGOVIA;SEGOVIA
40059;40194;10.459083825958327;40059;COLLADO HERMOSO;118;40194;Base SEGOVIA;SEGOVIA
40068;40194;12.64792348572656;40068;DOMINGO GARCÍA;32;40194;Base SEGOVIA;SEGOVIA
40076;40194;12.568200346225584;40076;EL ESPINAR;10145;40194;Base SEGOVIA;SEGOVIA
40074;40194;9.93795050855999;40074;ESCARABAJOSA DE CABEZAS;276;40194;Base SEGOVIA;SEGOVIA
40078;47076;15.137039135929054;40078;FRESNEDA DE CUÉLLAR;170;47076;Base LAGUNA DE DUERO;VALLADOLID
40079;40194;24.111008342613143;40079;FRESNO DE CANTESPINO;288;40194;Base SEGOVIA;SEGOVIA
40080;40194;22.354228832420297;40080;FRESNO DE LA FUENTE;77;40194;Base SEGOVIA;SEGOVIA
40084;47076;15.559662892877606;40084;FUENTE EL OLMO DE ÍSCAR;45;47076;Base LAGUNA DE DUERO;VALLADOLID
40094;40194;8.284767422121483;40094;GARCILLÁN;515;40194;Base SEGOVIA;SEGOVIA
40097;40194;22.307551964342682;40097;GRAJERA;256;40194;Base SEGOVIA;SEGOVIA
40101;40194;7.036550441215956;40101;HONTANARES DE ERESMA;1662;40194;Base SEGOVIA;SEGOVIA
40112;40194;5.759314778840718;40112;LA LASTRILLA;4697;40194;Base SEGOVIA;SEGOVIA
40108;47076;20.972878354368703;40108;LAGUNA DE CONTRERAS;115;47076;Base LAGUNA DE DUERO;VALLADOLID
40111;40194;10.46607009647652;40111;LASTRAS DEL POZO;64;40194;Base SEGOVIA;SEGOVIA
40103;40194;7.817786963415196;40103;LOS HUERTOS;170;40194;Base SEGOVIA;SEGOVIA
40115;40194;26.3300726728636;40115;MADERUELO;101;40194;Base SEGOVIA;SEGOVIA
40903;40194;9.875135122260723;40903;MARAZOLEJA;96;40194;Base SEGOVIA;SEGOVIA
40120;5019;17.446722520143368;40120;MARTÍN MUÑOZ DE LA DEHESA;307;5019;Base ÁVILA;ÁVILA
40121;5019;15.579575796927434;40121;MARTÍN MUÑOZ DE LAS POSADAS;249;5019;Base ÁVILA;ÁVILA
40122;40194;11.149725482116619;40122;MARUGÁN;763;40194;Base SEGOVIA;SEGOVIA
40123;40194;14.523505303273538;40123;MATABUENA;263;40194;Base SEGOVIA;SEGOVIA
40126;40194;13.446525624226105;40126;MELQUE DE CERCOS;65;40194;Base SEGOVIA;SEGOVIA
40129;47076;18.494311406045576;40129;MONTEJO DE ARÉVALO;161;47076;Base LAGUNA DE DUERO;VALLADOLID
40130;40194;26.126589483521965;40130;MONTEJO DE LA VEGA DE LA SERREZUELA;124;40194;Base SEGOVIA;SEGOVIA
40141;40194;13.572415056080034;40141;NAVALMANZANO;1044;40194;Base SEGOVIA;SEGOVIA
40142;40194;20.993227164033094;40142;NAVARES DE AYUSO;53;40194;Base SEGOVIA;SEGOVIA
40144;40194;21.461852119737063;40144;NAVARES DE LAS CUEVAS;25;40194;Base SEGOVIA;SEGOVIA
40149;47076;18.72216841225757;40149;OLOMBRADA;503;47076;Base LAGUNA DE DUERO;VALLADOLID
40150;40194;15.227169363431717;40150;OREJANA;62;40194;Base SEGOVIA;SEGOVIA
40901;40194;8.42567788356754;40901;ORTIGOSA DEL MONTE;587;40194;Base SEGOVIA;SEGOVIA
40154;40194;23.09675348281558;40154;PAJAREJOS;24;40194;Base SEGOVIA;SEGOVIA
40160;40194;12.530706071330414;40160;PINARNEGRILLO;96;40194;Base SEGOVIA;SEGOVIA
40164;40194;17.87135072845949;40164;RAPARIEGOS;194;40194;Base SEGOVIA;SEGOVIA
40168;40194;25.47717735121173;40168;RIAGUAS DE SAN BARTOLOMÉ;27;40194;Base SEGOVIA;SEGOVIA
40170;40194;22.86768807509676;40170;RIAZA;2144;40194;Base SEGOVIA;SEGOVIA
40172;40194;22.894332916992163;40172;RIOFRÍO DE RIAZA;27;40194;Base SEGOVIA;SEGOVIA
40173;40194;7.68902470147416;40173;RODA DE ERESMA;253;40194;Base SEGOVIA;SEGOVIA
40176;40194;16.539931408427865;40176;SAMBOAL;461;40194;Base SEGOVIA;SEGOVIA
40184;40194;16.0703200545814;40184;SAN PEDRO DE GAÍLLOS;311;40194;Base SEGOVIA;SEGOVIA
40180;40194;11.622989143046555;40180;SANGARCÍA;279;40194;Base SEGOVIA;SEGOVIA
40188;40194;11.93675925557102;40188;SANTIUSTE DE PEDRAZA;85;40194;Base SEGOVIA;SEGOVIA
40189;40194;16.997096725916855;40189;SANTIUSTE DE SAN JUAN BAUTISTA;535;40194;Base SEGOVIA;SEGOVIA
40190;40194;9.150085913786674;40190;SANTO DOMINGO DE PIRÓN;51;40194;Base SEGOVIA;SEGOVIA
40191;40194;19.554551786224017;40191;SANTO TOMÉ DEL PUERTO;234;40194;Base SEGOVIA;SEGOVIA
40203;40194;7.649156115575609;40203;TORRECABALLEROS;1496;40194;Base SEGOVIA;SEGOVIA
40205;40194;10.096185430626308;40205;TORREIGLESIAS;256;40194;Base SEGOVIA;SEGOVIA
40208;40194;11.81669974788871;40208;TURÉGANO;1017;40194;Base SEGOVIA;SEGOVIA
40210;40194;19.744588784946448;40210;URUEÑAS;98;40194;Base SEGOVIA;SEGOVIA
40212;40194;25.632274007051567;40212;VALDEVACAS DE MONTEJO;29;40194;Base SEGOVIA;SEGOVIA
40213;40194;12.69587068225704;40213;VALDEVACAS Y GUIJAR;80;40194;Base SEGOVIA;SEGOVIA
40220;40194;15.075545496464596;40220;VALLERUELA DE PEDRAZA;65;40194;Base SEGOVIA;SEGOVIA
40215;40194;21.71879391874599;40215;VALTIENDAS;77;40194;Base SEGOVIA;SEGOVIA
40224;40194;17.09829292063266;40224;VENTOSILLA Y TEJADILLA;17;40194;Base SEGOVIA;SEGOVIA
40229;40194;25.4078621747413;40229;VILLAVERDE DE MONTEJO;21;40194;Base SEGOVIA;SEGOVIA
40230;47076;15.554894876723637;40230;VILLEGUILLO;120;47076;Base LAGUNA DE DUERO;VALLADOLID
40231;40194;9.510457623850883;40231;YANGUAS DE ERESMA;117;40194;Base SEGOVIA;SEGOVIA
40233;40194;11.499222994391223;40233;ZARZUELA DEL MONTE;498;40194;Base SEGOVIA;SEGOVIA
42004;42173;17.665489396801203;42004;ÁGREDA;3094;42173;Base SORIA;SORIA
42007;42173;23.991319132643806;42007;ALCUBILLA DE AVELLANEDA;107;42173;Base SORIA;SORIA
42011;42173;10.89791501916076;42011;ALDEALPOZO;18;42173;Base SORIA;SORIA
42017;42173;8.900461355754002;42017;ALMAJANO;182;42173;Base SORIA;SORIA
42018;42173;20.0425570129216;42018;ALMALUEZ;124;42173;Base SORIA;SORIA
42023;42173;20.83745933139593;42023;ALPANSEQUE;51;42173;Base SORIA;SORIA
42025;42173;22.24592935299573;42025;ARCOS DE JALÓN;1545;42173;Base SORIA;SORIA
42027;42173;10.74289791766843;42027;ARÉVALO DE LA SIERRA;70;42173;Base SORIA;SORIA
42030;42173;14.960355785143193;42030;BARCA;107;42173;Base SORIA;SORIA
42034;42173;19.88137734047608;42034;BERATÓN;41;42173;Base SORIA;SORIA
42035;42173;17.725383505693003;42035;BERLANGA DE DUERO;831;42173;Base SORIA;SORIA
42037;42173;13.378334051887142;42037;BLIECOS;26;42173;Base SORIA;SORIA
42049;42173;9.169692247534044;42049;CANDILICHERA;104;42173;Base SORIA;SORIA
42052;42173;23.247245182217874;42052;CARACENA;14;42173;Base SORIA;SORIA
42054;42173;10.760724289402404;42054;CARRASCOSA DE LA SIERRA;19;42173;Base SORIA;SORIA
42057;42173;14.82538454621659;42057;CASTILRUIZ;158;42173;Base SORIA;SORIA
42059;42173;14.647898997411367;42059;CENTENERA DE ANDALUZ;21;42173;Base SORIA;SORIA
42063;42173;20.157085665181512;42063;CIHUELA;39;42173;Base SORIA;SORIA
42068;42173;14.960077876005585;42068;COSCURITA;68;42173;Base SORIA;SORIA
42069;42173;15.73933962792841;42069;COVALEDA;1574;42173;Base SORIA;SORIA
42071;42173;9.972755772969322;42071;CUBO DE LA SOLANA;163;42173;Base SORIA;SORIA
42075;42173;17.49475442843947;42075;DÉVANOS;72;42173;Base SORIA;SORIA
42079;42173;13.657413269641923;42079;ESCOBOSA DE ALMAZÁN;20;42173;Base SORIA;SORIA
42080;42173;22.106027503170964;42080;ESPEJA DE SAN MARCELINO;151;42173;Base SORIA;SORIA
42085;42173;21.270559671988106;42085;FUENTEARMEGIL;150;42173;Base SORIA;SORIA
42090;42173;13.962805860190583;42090;FUENTEPINILLA;78;42173;Base SORIA;SORIA
42092;42173;13.30886479114514;42092;FUENTES DE MAGAÑA;51;42173;Base SORIA;SORIA
42095;42173;6.311271788247545;42095;GOLMAYO;3059;42173;Base SORIA;SORIA
42096;42173;11.9107889342;42096;GÓMARA;288;42173;Base SORIA;SORIA
42098;42173;17.348767780439637;42098;HERRERA DE SORIA;11;42173;Base SORIA;SORIA
42100;42173;13.293176345285643;42100;HINOJOSA DEL CAMPO;25;42173;Base SORIA;SORIA
42103;42173;26.68563384391227;42103;LANGA DE DUERO;716;42173;Base SORIA;SORIA
42111;42173;13.766912874439123;42111;MATAMALA DE ALMAZÁN;254;42173;Base SORIA;SORIA
42121;42173;16.837003665797432;42121;MONTENEGRO DE CAMEROS;45;42173;Base SORIA;SORIA
42127;42173;19.279599053321824;42127;NAFRÍA DE UCERO;36;42173;Base SORIA;SORIA
42129;42173;17.369183077620463;42129;NAVALENO;732;42173;Base SORIA;SORIA
42130;42173;12.353159074546552;42130;NEPAS;50;42173;Base SORIA;SORIA
42131;42173;12.61508749258145;42131;NOLAY;48;42173;Base SORIA;SORIA
42134;42173;15.949629775233603;42134;ÓLVEGA;3838;42173;Base SORIA;SORIA
42142;42173;13.165083127400491;42142;POZALMURO;46;42173;Base SORIA;SORIA
42144;42173;10.028819377934596;42144;QUINTANA REDONDA;512;42173;Base SORIA;SORIA
42151;42173;9.64453384958769;42151;REBOLLAR;36;42173;Base SORIA;SORIA
42152;42173;19.81943114083255;42152;RECUERDA;62;42173;Base SORIA;SORIA
42162;42173;22.750809058834907;42162;SAN ESTEBAN DE GORMAZ;2935;42173;Base SORIA;SORIA
42167;42173;21.58184898212174;42167;SANTA MARÍA DE HUERTA;242;42173;Base SORIA;SORIA
42173;42173;5.0;42173;SORIA;40750;42173;Base SORIA;SORIA
42174;42173;10.978330987508283;42174;SOTILLO DEL RINCÓN;175;42173;Base SORIA;SORIA
42182;42173;17.628591707604016;42182;TARODA;46;42173;Base SORIA;SORIA
42187;42173;14.421274914843647;42187;TORRUBIA DE SORIA;56;42173;Base SORIA;SORIA
42194;42173;18.41515054276241;42194;VALDEMALUQUE;137;42173;Base SORIA;SORIA
42195;42173;17.705251669424104;42195;VALDENEBRO;94;42173;Base SORIA;SORIA
42205;42173;8.649011487557484;42205;VILLACIERVOS;86;42173;Base SORIA;SORIA
42206;42173;21.21567011441062;42206;VILLANUEVA DE GORMAZ;8;42173;Base SORIA;SORIA
42207;42173;10.129185030424953;42207;VILLAR DEL ALA;50;42173;Base SORIA;SORIA
42212;42173;17.861103348685457;42212;VILLASAYAS;60;42173;Base SORIA;SORIA
42216;42173;13.02255602115288;42216;VIZMANOS;30;42173;Base SORIA;SORIA
42217;42173;18.97353253967394;42217;VOZMEDIANO;33;42173;Base SORIA;SORIA
47004;49261;16.978150138465228;47004;ALAEJOS;1407;49261;Base VILLARALBO;ZAMORA
47006;47076;9.388855838248169;47006;ALDEA DE SAN MIGUEL;218;47076;Base LAGUNA DE DUERO;VALLADOLID
47012;47076;15.451126205833013;47012;BAHABÓN;93;47076;Base LAGUNA DE DUERO;VALLADOLID
47014;47076;13.307277909225895;47014;BARRUELO DEL VALLE;52;47076;Base LAGUNA DE DUERO;VALLADOLID
47015;34120;20.641705146292562;47015;BECILLA DE VALDERADUEY;200;34120;Base PALENCIA;PALENCIA
47016;49261;14.656887421125274;47016;BENAFARCES;70;49261;Base VILLARALBO;ZAMORA
47018;47076;12.06575530412236;47018;BERCERUELO;36;47076;Base LAGUNA DE DUERO;VALLADOLID
47022;47076;19.86228154634873;47022;BOCOS DE DUERO;81;47076;Base LAGUNA DE DUERO;VALLADOLID
47023;47076;6.398516303949369;47023;BOECILLO;4357;47076;Base LAGUNA DE DUERO;VALLADOLID
47028;34120;19.867973262090544;47028;CABEZÓN DE VALDERADUEY;33;34120;Base PALENCIA;PALENCIA
47030;47076;17.285181421330485;47030;CAMPASPERO;1004;47076;Base LAGUNA DE DUERO;VALLADOLID
47033;47076;18.850625596107697;47033;CANALEJAS DE PEÑAFIEL;252;47076;Base LAGUNA DE DUERO;VALLADOLID
47034;34120;16.99801903180751;47034;CANILLAS DE ESGUEVA;73;34120;Base PALENCIA;PALENCIA
47036;49261;15.382872162820817;47036;CASASOLA DE ARIÓN;215;49261;Base VILLARALBO;ZAMORA
47037;49261;18.738088068191864;47037;CASTREJÓN DE TRABANCOS;176;49261;Base VILLARALBO;ZAMORA
47038;47076;21.03921054505812;47038;CASTRILLO DE DUERO;121;47076;Base LAGUNA DE DUERO;VALLADOLID
47039;47076;13.758900621389794;47039;CASTRILLO-TEJERIEGO;152;47076;Base LAGUNA DE DUERO;VALLADOLID
47048;34120;18.905921859313665;47048;CEINOS DE CAMPOS;172;34120;Base PALENCIA;PALENCIA
47050;47076;10.325265176903756;47050;CIGALES;5364;47076;Base LAGUNA DE DUERO;VALLADOLID
47053;47076;11.683269723772353;47053;COGECES DE ÍSCAR;144;47076;Base LAGUNA DE DUERO;VALLADOLID
47056;34120;19.99281641025064;47056;CORRALES DE DUERO;105;34120;Base PALENCIA;PALENCIA
47031;47076;16.89923418088607;47031;EL CAMPILLO;198;47076;Base LAGUNA DE DUERO;VALLADOLID
47061;34120;13.517930602358382;47061;ESGUEVILLAS DE ESGUEVA;258;34120;Base PALENCIA;PALENCIA
47066;47076;8.884999857400668;47066;FUENSALDAÑA;2137;47076;Base LAGUNA DE DUERO;VALLADOLID
47075;47076;12.942053154218154;47075;ÍSCAR;6396;47076;Base LAGUNA DE DUERO;VALLADOLID
47079;47076;14.876144750751084;47079;LLANO DE OLMEDO;161;47076;Base LAGUNA DE DUERO;VALLADOLID
47078;47076;18.877923220799744;47078;LOMOVIEJO;51;47076;Base LAGUNA DE DUERO;VALLADOLID
47082;47076;10.437528264831933;47082;MATAPOZUELOS;1015;47076;Base LAGUNA DE DUERO;VALLADOLID
47086;47076;16.63684479635784;47086;MEDINA DE RIOSECO;4537;47076;Base LAGUNA DE DUERO;VALLADOLID
47085;47076;14.443488617613486;47085;MEDINA DEL CAMPO;20097;47076;Base LAGUNA DE DUERO;VALLADOLID
47087;47076;11.418312301312577;47087;MEGECES;422;47076;Base LAGUNA DE DUERO;VALLADOLID
47088;24089;19.356463635072117;47088;MELGAR DE ABAJO;114;24089;Base LEÓN;LEÓN
47093;47076;11.417971980121651;47093;MONTEMAYOR DE PILILLA;860;47076;Base LAGUNA DE DUERO;VALLADOLID
47095;47076;14.59502126705335;47095;MORALEJA DE LAS PANADERAS;38;47076;Base LAGUNA DE DUERO;VALLADOLID
47113;47076;15.97488864675442;47113;PEDROSA DEL REY;148;47076;Base LAGUNA DE DUERO;VALLADOLID
47116;47076;17.957580249268247;47116;PESQUERA DE DUERO;423;47076;Base LAGUNA DE DUERO;VALLADOLID
47117;47076;13.005442181848101;47117;PIÑA DE ESGUEVA;310;47076;Base LAGUNA DE DUERO;VALLADOLID
47118;47076;18.342183044013403;47118;PIÑEL DE ABAJO;163;47076;Base LAGUNA DE DUERO;VALLADOLID
47121;47076;15.088689771050452;47121;POLLOS;562;47076;Base LAGUNA DE DUERO;VALLADOLID
47122;47076;9.388620117162887;47122;PORTILLO;2368;47076;Base LAGUNA DE DUERO;VALLADOLID
47128;49261;21.001548221647887;47128;QUINTANILLA DEL MOLAR;47;49261;Base VILLARALBO;ZAMORA
47132;47076;15.836376157771998;47132;RAMIRO;46;47076;Base LAGUNA DE DUERO;VALLADOLID
47134;49261;22.001563384615114;47134;ROALES DE CAMPOS;165;49261;Base VILLARALBO;ZAMORA
47135;47076;9.32527123748321;47135;ROBLADILLO;87;47076;Base LAGUNA DE DUERO;VALLADOLID
47141;5019;19.539440633585198;47141;SALVADOR DE ZAPARDIEL;103;5019;Base ÁVILA;ÁVILA
47143;34120;19.416929458573144;47143;SAN LLORENTE;94;34120;Base PALENCIA;PALENCIA
47146;47076;9.838869729611599;47146;SAN MIGUEL DEL PINO;367;47076;Base LAGUNA DE DUERO;VALLADOLID
47150;49261;14.0560281626115;47150;SAN ROMÁN DE HORNIJA;301;49261;Base VILLARALBO;ZAMORA
47153;34120;19.23503622613054;47153;SANTERVÁS DE CAMPOS;108;34120;Base PALENCIA;PALENCIA
47155;47076;8.499742436159359;47155;SANTOVENIA DE PISUERGA;4703;47076;Base LAGUNA DE DUERO;VALLADOLID
47160;49261;17.082555598689645;47160;SIETE IGLESIAS DE TRABANCOS;419;49261;Base VILLARALBO;ZAMORA
47161;47076;7.406146333515929;47161;SIMANCAS;5538;47076;Base LAGUNA DE DUERO;VALLADOLID
47164;47076;17.134608841073515;47164;TORDEHUMOS;375;47076;Base LAGUNA DE DUERO;VALLADOLID
47169;34120;15.497236152103872;47169;TORRE DE ESGUEVA;62;34120;Base PALENCIA;PALENCIA
47167;37274;17.678746549681875;47167;TORRECILLA DE LA ORDEN;227;37274;Base SALAMANCA;SALAMANCA
47175;47076;8.22426076536662;47175;TUDELA DE DUERO;8786;47076;Base LAGUNA DE DUERO;VALLADOLID
47177;24089;21.45552542079616;47177;URONES DE CASTROPONCE;100;24089;Base LEÓN;LEÓN
47179;47076;14.901122772030845;47179;VALBUENA DE DUERO;399;47076;Base LAGUNA DE DUERO;VALLADOLID
47182;47076;8.447809384132995;47182;VALDESTILLAS;1612;47076;Base LAGUNA DE DUERO;VALLADOLID
47184;34120;11.287082934908593;47184;VALORIA LA BUENA;745;34120;Base PALENCIA;PALENCIA
47185;47076;15.44983268475876;47185;VALVERDE DE CAMPOS;91;47076;Base LAGUNA DE DUERO;VALLADOLID
47187;34120;19.1289988511287;47187;VEGA DE RUIPONCE;81;34120;Base PALENCIA;PALENCIA
47190;47076;11.473606110138187;47190;VELILLA;113;47076;Base LAGUNA DE DUERO;VALLADOLID
47204;49261;13.881431730528309;47204;VILLAFRANCA DE DUERO;241;49261;Base VILLARALBO;ZAMORA
47205;47076;19.656485684875058;47205;VILLAFRECHÓS;468;47076;Base LAGUNA DE DUERO;VALLADOLID
47207;47076;17.2311804471857;47207;VILLAGARCÍA DE CAMPOS;288;47076;Base LAGUNA DE DUERO;VALLADOLID
47208;34120;19.4224309468307;47208;VILLAGÓMEZ LA NUEVA;51;34120;Base PALENCIA;PALENCIA
47211;24089;20.402194561648532;47211;VILLALBA DE LA LOMA;58;24089;Base LEÓN;LEÓN
47215;34120;20.289832252103142;47215;VILLAMURIEL DE CAMPOS;51;34120;Base PALENCIA;PALENCIA
47219;34120;18.320465125604358;47219;VILLANUEVA DE LA CONDESA;59;34120;Base PALENCIA;PALENCIA
47220;49261;17.764979849005236;47220;VILLANUEVA DE LOS CABALLEROS;157;49261;Base VILLARALBO;ZAMORA
47222;34120;16.047198318315864;47222;VILLANUEVA DE SAN MANCIO;102;34120;Base PALENCIA;PALENCIA
47228;47076;15.862224833404296;47228;VILLAVERDE DE MEDINA;529;47076;Base LAGUNA DE DUERO;VALLADOLID
47229;34120;20.90070594084111;47229;VILLAVICENCIO DE LOS CABALLEROS;221;34120;Base PALENCIA;PALENCIA
47230;47076;10.251863490413779;47230;WAMBA;295;47076;Base LAGUNA DE DUERO;VALLADOLID
47231;47076;7.742236328821817;47231;ZARATÁN;6383;47076;Base LAGUNA DE DUERO;VALLADOLID
49003;49261;21.370283645519677;49003;ALCAÑICES;1061;49261;Base VILLARALBO;ZAMORA
49006;49261;7.861181852607334;49006;ALGODRE;135;49261;Base VILLARALBO;ZAMORA
49014;49261;11.651500685047893;49014;ARQUILLINOS;113;49261;Base VILLARALBO;ZAMORA
49021;49261;20.473843506916104;49021;BENAVENTE;17246;49261;Base VILLARALBO;ZAMORA
49023;49261;15.49709576117376;49023;BERMILLO DE SAYAGO;1026;49261;Base VILLARALBO;ZAMORA
49025;49261;16.840355050489997;49025;BRETÓ;166;49261;Base VILLARALBO;ZAMORA
49032;49261;22.328358864962524;49032;CALZADILLA DE TERA;287;49261;Base VILLARALBO;ZAMORA
49035;49261;14.358292293824428;49035;CAÑIZO;201;49261;Base VILLARALBO;ZAMORA
49036;49261;13.67997131397807;49036;CARBAJALES DE ALBA;466;49261;Base VILLARALBO;ZAMORA
49037;49261;18.161575933113077;49037;CARBELLINO;182;49261;Base VILLARALBO;ZAMORA
49040;37274;16.132577921418196;49040;CASTRILLO DE LA GUAREÑA;118;37274;Base SALAMANCA;SALAMANCA
49041;49261;20.225485321240964;49041;CASTROGONZALO;430;49261;Base VILLARALBO;ZAMORA
49044;49261;7.346883576454394;49044;CAZURRA;74;49261;Base VILLARALBO;ZAMORA
49050;24115;19.50376012372939;49050;COBREROS;545;24115;Base PONFERRADA;El Bierzo
49052;24089;20.664813904987895;49052;COOMONTE;179;24089;Base LEÓN;LEÓN
49053;49261;7.217514382507381;49053;CORESES;1037;49261;Base VILLARALBO;ZAMORA
49056;49261;7.818310693918507;49056;CUBILLOS;295;49261;Base VILLARALBO;ZAMORA
49061;49261;7.520201577722638;49061;ENTRALA;127;49261;Base VILLARALBO;ZAMORA
49063;49261;16.407116659349867;49063;FARAMONTANOS DE TÁBARA;340;49261;Base VILLARALBO;ZAMORA
49066;49261;20.225477507978674;49066;FERRERAS DE ABAJO;451;49261;Base VILLARALBO;ZAMORA
49075;24089;21.297733846016015;49075;FRESNO DE LA POLVOROSA;114;24089;Base LEÓN;LEÓN
49076;49261;7.8930788547974124;49076;FRESNO DE LA RIBERA;342;49261;Base VILLARALBO;ZAMORA
49080;49261;14.937123441625001;49080;FUENTELAPEÑA;599;49261;Base VILLARALBO;ZAMORA
49082;49261;20.827037061563168;49082;FUENTES DE ROPEL;361;49261;Base VILLARALBO;ZAMORA
49084;49261;10.168333455914366;49084;FUENTESPREADAS;290;49261;Base VILLARALBO;ZAMORA
49087;49261;18.372803157583878;49087;GALLEGOS DEL RÍO;467;49261;Base VILLARALBO;ZAMORA
49088;49261;16.297588045600268;49088;GAMONES;92;49261;Base VILLARALBO;ZAMORA
49092;49261;22.839013552770005;49092;GRANUCILLO;104;49261;Base VILLARALBO;ZAMORA
49096;49261;7.992810955733059;49096;JAMBRINA;149;49261;Base VILLARALBO;ZAMORA
49095;49261;8.217444588971432;49095;LA HINIESTA;307;49261;Base VILLARALBO;ZAMORA
49220;24089;20.827977449633323;49220;LA TORRE DEL VALLE;125;24089;Base LEÓN;LEÓN
49098;49261;15.677826337077434;49098;LOSACINO;187;49261;Base VILLARALBO;ZAMORA
49099;49261;15.48210096360512;49099;LOSACIO;89;49261;Base VILLARALBO;ZAMORA
49103;49261;6.812965160091544;49103;MADRIDANOS;453;49261;Base VILLARALBO;ZAMORA
49108;49261;12.925723221366177;49108;MANGANESES DE LA LAMPREANA;439;49261;Base VILLARALBO;ZAMORA
49110;24115;22.21467606512723;49110;MANZANAL DE ARRIBA;350;24115;Base PONFERRADA;El Bierzo
49113;24089;20.043442789026848;49113;MATILLA DE ARZÓN;157;24089;Base LEÓN;LEÓN
49115;49261;12.748620959393229;49115;MAYALDE;152;49261;Base VILLARALBO;ZAMORA
49119;49261;7.813492883404342;49119;MOLACILLOS;233;49261;Base VILLARALBO;ZAMORA
49122;49261;6.969202477912669;49122;MONFARRACINOS;995;49261;Base VILLARALBO;ZAMORA
49125;49261;6.06511092894605;49125;MORALEJA DEL VINO;1806;49261;Base VILLARALBO;ZAMORA
49129;49261;13.60423343337642;49129;MORALES DE TORO;919;49261;Base VILLARALBO;ZAMORA
49131;49261;15.298707824751483;49131;MORALINA;219;49261;Base VILLARALBO;ZAMORA
49133;49261;15.24797632500069;49133;MORERUELA DE TÁBARA;288;49261;Base VILLARALBO;ZAMORA
49134;24115;19.017590714701694;49134;MUELAS DE LOS CABALLEROS;188;24115;Base PONFERRADA;El Bierzo
49137;49261;19.341006375806522;49137;NAVIANOS DE VALVERDE;163;49261;Base VILLARALBO;ZAMORA
49138;49261;14.744648939670085;49138;OLMILLOS DE CASTRO;193;49261;Base VILLARALBO;ZAMORA
49141;49261;11.818407608831393;49141;PAJARES DE LA LAMPREANA;280;49261;Base VILLARALBO;ZAMORA
49150;24115;21.10596898739757;49150;PEQUE;122;24115;Base PONFERRADA;El Bierzo
49154;24115;21.650662896659792;49154;PÍAS;94;24115;Base PONFERRADA;El Bierzo
49156;49261;13.303596289903236;49156;PINILLA DE TORO;184;49261;Base VILLARALBO;ZAMORA
49167;49261;18.837363464780253;49167;PUEBLICA DE VALVERDE;177;49261;Base VILLARALBO;ZAMORA
49170;49261;21.871210339540287;49170;QUINTANILLA DE URZ;97;49261;Base VILLARALBO;ZAMORA
49169;49261;19.01648667258533;49169;QUINTANILLA DEL OLMO;45;49261;Base VILLARALBO;ZAMORA
49172;49261;20.485488569890258;49172;RABANALES;488;49261;Base VILLARALBO;ZAMORA
49174;24115;20.989943875853605;49174;REQUEJO;111;24115;Base PONFERRADA;El Bierzo
49177;24115;23.416081530643314;49177;RIONEGRO DEL PUENTE;234;24115;Base PONFERRADA;El Bierzo
49181;24115;18.9667787716393;49181;ROSINOS DE LA REQUEJADA;305;24115;Base PONFERRADA;El Bierzo
49187;24089;21.81281295862969;49187;SAN CRISTÓBAL DE ENTREVIÑAS;1318;24089;Base LEÓN;LEÓN
49189;24115;17.573534006287346;49189;SAN JUSTO;215;24115;Base PONFERRADA;El Bierzo
49193;49261;23.929579821434885;49193;SAN PEDRO DE CEQUE;421;49261;Base VILLARALBO;ZAMORA
49197;49261;9.638295013806097;49197;SANTA CLARA DE AVEDILLO;159;49261;Base VILLARALBO;ZAMORA
49201;49261;21.320743328462687;49201;SANTA CROYA DE TERA;260;49261;Base VILLARALBO;ZAMORA
49202;49261;12.506223569612299;49202;SANTA EUFEMIA DEL BARCO;169;49261;Base VILLARALBO;ZAMORA
49203;24089;21.511892374807015;49203;SANTA MARÍA DE LA VEGA;290;24089;Base LEÓN;LEÓN
49204;49261;19.62045376924703;49204;SANTA MARÍA DE VALVERDE;51;49261;Base VILLARALBO;ZAMORA
49205;49261;20.956895554840713;49205;SANTIBÁÑEZ DE TERA;358;49261;Base VILLARALBO;ZAMORA
49207;49261;16.78110040068275;49207;SANTOVENIA;227;49261;Base VILLARALBO;ZAMORA
49210;49261;8.170522861181938;49210;SANZOLES;466;49261;Base VILLARALBO;ZAMORA
49214;49261;16.89503690482866;49214;TÁBARA;748;49261;Base VILLARALBO;ZAMORA
49219;49261;11.59978939772349;49219;TORO;8369;49261;Base VILLARALBO;ZAMORA
49222;49261;8.798504114897142;49222;TORRES DEL CARRIZAL;407;49261;Base VILLARALBO;ZAMORA
49227;49261;7.285809725819067;49227;VALCABADO;415;49261;Base VILLARALBO;ZAMORA
49231;49261;23.341573589582005;49231;VEGA DE TERA;287;49261;Base VILLARALBO;ZAMORA
49237;49261;13.896341491162751;49237;VIDEMALA;140;49261;Base VILLARALBO;ZAMORA
49238;24089;21.929308786210843;49238;VILLABRÁZARO;263;24089;Base LEÓN;LEÓN
49242;49261;15.945017731902373;49242;VILLAFÁFILA;440;49261;Base VILLARALBO;ZAMORA
49243;24089;21.52435499662514;49243;VILLAFERRUEÑA;106;24089;Base LEÓN;LEÓN
49244;24089;21.97125368131603;49244;VILLAGERIZ;64;24089;Base LEÓN;LEÓN
49245;49261;7.132321964281635;49245;VILLALAZÁN;248;49261;Base VILLARALBO;ZAMORA
49247;49261;13.31790945936274;49247;VILLALCAMPO;379;49261;Base VILLARALBO;ZAMORA
49257;49261;19.724972566400364;49257;VILLANUEVA DE AZOAGUE;381;49261;Base VILLARALBO;ZAMORA
49258;49261;9.59253764344729;49258;VILLANUEVA DE CAMPEÁN;117;49261;Base VILLARALBO;ZAMORA
49263;49261;20.26046903070806;49263;VILLAR DE FALLAVES;49;49261;Base VILLARALBO;ZAMORA
49264;49261;17.600124701942;49264;VILLAR DEL BUEY;514;49261;Base VILLARALBO;ZAMORA
49261;49261;5.0;49261;VILLARALBO;1805;49261;Base VILLARALBO;ZAMORA
49266;49261;16.077464160446603;49266;VILLÁRDIGA;62;49261;Base VILLARALBO;ZAMORA
49271;49261;17.96219900341547;49271;VILLAVEZA DEL AGUA;163;49261;Base VILLARALBO;ZAMORA
49275;49261;6.656210116750368;49275;ZAMORA;59506;49261;Base VILLARALBO;ZAMORA
5012;5019;13.751070088827403;5012;AMAVIDA;133;5019;Base ÁVILA;ÁVILA
5014;5019;21.32118640720176;5014;ARENAS DE SAN PEDRO;6438;5019;Base ÁVILA;ÁVILA
5017;5019;10.023490953003758;5017;AVEINTE;73;5019;Base ÁVILA;ÁVILA
5018;5019;22.85838982178276;5018;AVELLANEDA;23;5019;Base ÁVILA;ÁVILA
5019;5019;5.0;5019;ÁVILA;58111;5019;Base ÁVILA;ÁVILA
5024;37274;22.064302605656138;5024;BECEDAS;151;37274;Base SALAMANCA;SALAMANCA
5025;5019;20.007565111930706;5025;BECEDILLAS;69;5019;Base ÁVILA;ÁVILA
5026;5019;18.392105171197624;5026;BERCIAL DE ZAPARDIEL;173;5019;Base ÁVILA;ÁVILA
5033;5019;15.014609704297792;5033;BLASCOMILLÁN;170;5019;Base ÁVILA;ÁVILA
5038;5019;18.60239342556904;5038;BONILLA DE LA SIERRA;163;5019;Base ÁVILA;ÁVILA
5039;5019;11.71828503599381;5039;BRABOS;35;5019;Base ÁVILA;ÁVILA
5040;5019;9.367415912622644;5040;BULARROS;55;5019;Base ÁVILA;ÁVILA
5041;5019;12.548880934092082;5041;BURGOHONDO;1249;5019;Base ÁVILA;ÁVILA
5043;5019;17.020683232998863;5043;CABEZAS DEL POZO;82;5019;Base ÁVILA;ÁVILA
5044;5019;16.964949826203583;5044;CABEZAS DEL VILLAR;224;5019;Base ÁVILA;ÁVILA
5047;5019;24.732454279294053;5047;CANDELEDA;5031;5019;Base ÁVILA;ÁVILA
5049;5019;7.82526744135304;5049;CARDEÑOSA;419;5019;Base ÁVILA;ÁVILA
5052;5019;17.158122455995453;5052;CASAS DEL PUERTO;83;5019;Base ÁVILA;ÁVILA
5053;5019;8.021448229264116;5053;CASASOLA;63;5019;Base ÁVILA;ÁVILA
5055;5019;15.494638942528502;5055;CASILLAS;669;5019;Base ÁVILA;ÁVILA
5058;5019;15.058266737367687;5058;CEPEDA LA MORA;66;5019;Base ÁVILA;ÁVILA
5067;5019;11.14734137332136;5067;CHAMARTÍN;62;5019;Base ÁVILA;ÁVILA
5065;5019;14.084945496599254;5065;CRESPOS;482;5019;Base ÁVILA;ÁVILA
5066;5019;18.11447914207072;5066;CUEVAS DEL VALLE;517;5019;Base ÁVILA;ÁVILA
5903;37274;17.034597467643614;5903;DIEGO DEL CARPIO;106;37274;Base SALAMANCA;SALAMANCA
5069;5019;14.82436336362717;5069;DONJIMENO;72;5019;Base ÁVILA;ÁVILA
5021;37274;23.81849703254039;5021;EL BARCO DE ÁVILA;2297;37274;Base SALAMANCA;SALAMANCA
5076;5019;6.864775813317155;5076;EL FRESNO;591;5019;Base ÁVILA;ÁVILA
5100;5019;20.468697471694735;5100;EL HORNILLO;280;5019;Base ÁVILA;ÁVILA
5102;5019;12.865110916000646;5102;EL HOYO DE PINARES;2183;5019;Base ÁVILA;ÁVILA
5180;5019;12.983901798807398;5180;EL PARRAL;62;5019;Base ÁVILA;ÁVILA
5074;5019;15.37278075066273;5074;FONTIVEROS;725;5019;Base ÁVILA;ÁVILA
5075;5019;17.97653910573674;5075;FRESNEDILLA;97;5019;Base ÁVILA;ÁVILA
5086;5019;16.8527017552166;5086;GIMIALCÓN;66;5019;Base ÁVILA;ÁVILA
5099;37274;18.47981903842387;5099;HORCAJO DE LAS TORRES;441;37274;Base SALAMANCA;SALAMANCA
5101;5019;15.073364152872399;5101;HOYOCASERO;311;5019;Base ÁVILA;ÁVILA
5103;37274;21.402959621368527;5103;HOYORREDONDO;59;37274;Base SALAMANCA;SALAMANCA
5107;5019;14.570671391094047;5107;HURTUMPASCUAL;42;5019;Base ÁVILA;ÁVILA
5108;37274;22.05330524642289;5108;JUNCIANA;40;37274;Base SALAMANCA;SALAMANCA
5010;37274;22.920310681305985;5010;LA ALDEHUELA;143;37274;Base SALAMANCA;SALAMANCA
5061;5019;6.606731117059755;5061;LA COLILLA;375;5019;Base ÁVILA;ÁVILA
5232;5019;7.307091396512039;5232;LA SERRADA;135;5019;Base ÁVILA;ÁVILA
5247;5019;11.477265990617063;5247;LA TORRE;38;5019;Base ÁVILA;ÁVILA
5109;5019;16.28980979630539;5109;LANGA;450;5019;Base ÁVILA;ÁVILA
5116;37274;20.35143639712637;5116;MALPARTIDA DE CORNEJA;91;37274;Base SALAMANCA;SALAMANCA
5124;37274;21.03719910450331;5124;MEDINILLA;77;37274;Base SALAMANCA;SALAMANCA
5136;5019;12.748076447271904;5136;MUÑICO;80;5019;Base ÁVILA;ÁVILA
5141;5019;7.906844283311398;5141;MUÑOPEPE;104;5019;Base ÁVILA;ÁVILA
5147;5019;15.346504635235526;5147;NARROS DEL CASTILLO;152;5019;Base ÁVILA;ÁVILA
5148;5019;12.576862033513196;5148;NARROS DEL PUERTO;28;5019;Base ÁVILA;ÁVILA
5152;5019;14.949851326419793;5152;NAVA DE ARÉVALO;663;5019;Base ÁVILA;ÁVILA
5154;5019;16.30667489533851;5154;NAVADIJOS;29;5019;Base ÁVILA;ÁVILA
5155;5019;19.463482672046425;5155;NAVAESCURIAL;53;5019;Base ÁVILA;ÁVILA
5158;5019;11.13269223315102;5158;NAVALMORAL;412;5019;Base ÁVILA;ÁVILA
5167;5019;14.946731412186884;5167;NAVARREVISCA;299;5019;Base ÁVILA;ÁVILA
5182;5019;18.4766177507003;5182;PEDRO BERNARDO;758;5019;Base ÁVILA;ÁVILA
5184;40194;15.114893207308604;5184;PEGUERINOS;294;40194;Base SEGOVIA;SEGOVIA
5188;5019;14.203562392692694;5188;POVEDA;33;5019;Base ÁVILA;ÁVILA
5190;5019;9.418997189164907;5190;POZANCO;60;5019;Base ÁVILA;ÁVILA
5191;5019;14.2082605578686;5191;PRADOSEGAR;117;5019;Base ÁVILA;ÁVILA
5192;37274;25.563829676016145;5192;PUERTO CASTILLA;98;37274;Base SALAMANCA;SALAMANCA
5194;5019;10.930674435264116;5194;RIOCABADO;125;5019;Base ÁVILA;ÁVILA
5200;37274;20.763773421091088;5200;SAN BARTOLOMÉ DE CORNEJA;35;37274;Base SALAMANCA;SALAMANCA
5206;5019;8.209300432777228;5206;SAN ESTEBAN DE LOS PATOS;20;5019;Base ÁVILA;ÁVILA
5208;5019;19.029786642879493;5208;SAN ESTEBAN DE ZAPARDIEL;40;5019;Base ÁVILA;ÁVILA
5207;5019;18.235757980756112;5207;SAN ESTEBAN DEL VALLE;734;5019;Base ÁVILA;ÁVILA
5901;5019;20.59588691189356;5901;SAN JUAN DE GREDOS;228;5019;Base ÁVILA;ÁVILA
5212;5019;11.596402179206859;5212;SAN JUAN DEL MOLINILLO;234;5019;Base ÁVILA;ÁVILA
5214;37274;23.55012281162991;5214;SAN LORENZO DE TORMES;30;37274;Base SALAMANCA;SALAMANCA
5215;5019;17.600087742387597;5215;SAN MARTÍN DE LA VEGA DEL ALBERCHE;153;5019;Base ÁVILA;ÁVILA
5216;5019;17.01105007094796;5216;SAN MARTÍN DEL PIMPOLLAR;219;5019;Base ÁVILA;ÁVILA
5217;5019;19.493004062460685;5217;SAN MIGUEL DE CORNEJA;70;5019;Base ÁVILA;ÁVILA
5204;5019;12.641003329426916;5204;SANCHIDRIÁN;708;5019;Base ÁVILA;ÁVILA
5226;37274;23.239783922110966;5226;SANTA MARÍA DE LOS CABALLEROS;72;37274;Base SALAMANCA;SALAMANCA
5224;5019;10.445825109282765;5224;SANTA MARÍA DEL ARROYO;102;5019;Base ÁVILA;ÁVILA
5227;5019;16.166630401312695;5227;SANTA MARÍA DEL TIÉTAR;553;5019;Base ÁVILA;ÁVILA
5904;5019;23.93794557881651;5904;SANTIAGO DEL TORMES;107;5019;Base ÁVILA;ÁVILA
5239;5019;9.922477584524232;5239;SOTALBO;245;5019;Base ÁVILA;ÁVILA
5242;5019;13.479894056211528;5242;TIÑOSILLOS;756;5019;Base ÁVILA;ÁVILA
5246;5019;18.23902157604872;5246;TÓRTOLES;212;5019;Base ÁVILA;ÁVILA
5249;37274;24.855074744199765;5249;UMBRÍAS;100;37274;Base SALAMANCA;SALAMANCA
5254;5019;10.87464759185789;5254;VELAYOS;217;5019;Base ÁVILA;ÁVILA
5256;5019;10.113776136341933;5256;VILLAFLOR;99;5019;Base ÁVILA;ÁVILA
5905;5019;13.882050749341959;5905;VILLANUEVA DE ÁVILA;227;5019;Base ÁVILA;ÁVILA
5258;5019;11.921846988533975;5258;VILLANUEVA DE GÓMEZ;115;5019;Base ÁVILA;ÁVILA
5261;37274;20.8589880851345;5261;VILLAR DE CORNEJA;36;37274;Base SALAMANCA;SALAMANCA
5262;5019;18.173340215501124;5262;VILLAREJO DEL VALLE;314;5019;Base ÁVILA;ÁVILA
5266;37274;18.26658822754106;5266;ZAPARDIEL DE LA CAÑADA;84;37274;Base SALAMANCA;SALAMANCA
5267;5019;22.162137667417273;5267;ZAPARDIEL DE LA RIBERA;92;5019;Base ÁVILA;ÁVILA
9010;9059;13.726245228372404;9010;ALCOCERO DE MOLA;41;9059;Base BURGOS;BURGOS
9907;9059;6.505111694593268;9907;ALFOZ DE QUINTANADUEÑAS;2133;9059;Base BURGOS;BURGOS
9013;9059;21.100894466165705;9013;ALTABLE;47;9059;Base BURGOS;BURGOS
9022;9059;22.64488868940406;9022;ARAUZO DE TORRE;61;9059;Base BURGOS;BURGOS
9023;9059;7.5999010874332384;9023;ARCOS;1835;9059;Base BURGOS;BURGOS
9024;9059;16.88003434387796;9024;ARENILLAS DE RIOPISUERGA;166;9059;Base BURGOS;BURGOS
9032;9059;16.188565075634628;9032;AVELLANOSA DE MUÑÓ;96;9059;Base BURGOS;BURGOS
9036;9059;15.619100172449322;9036;BAÑUELOS DE BUREBA;31;9059;Base BURGOS;BURGOS
9039;9059;17.64441843409518;9039;BARBADILLO DEL PEZ;66;9059;Base BURGOS;BURGOS
9050;9059;27.65448781453974;9050;BERBERANA;48;9059;Base BURGOS;BURGOS
9058;9059;7.789108968475217;9058;BUNIEL;612;9059;Base BURGOS;BURGOS
9060;9059;18.748710427363;9060;BUSTO DE BUREBA;143;9059;Base BURGOS;BURGOS
9062;9059;21.129732739178937;9062;CABEZÓN DE LA SIERRA;36;9059;Base BURGOS;BURGOS
9064;9059;21.39408696084583;9064;CALERUEGA;400;9059;Base BURGOS;BURGOS
9075;9059;8.275364676710074;9075;CARDEÑUELA RIOPICO;111;9059;Base BURGOS;BURGOS
9078;9059;15.888582329963588;9078;CASCAJARES DE LA SIERRA;27;9059;Base BURGOS;BURGOS
9079;9059;12.434202972431835;9079;CASTELLANOS DE CASTRO;46;9059;Base BURGOS;BURGOS
9093;9059;8.322713145059506;9093;CAYUELA;189;9059;Base BURGOS;BURGOS
9098;9059;18.517951209583046;9098;CEREZO DE RÍO TIRÓN;490;9059;Base BURGOS;BURGOS
9101;9059;12.57738275851218;9101;CIADONCHA;70;9059;Base BURGOS;BURGOS
9108;9059;9.234000774176362;9108;COGOLLOS;677;9059;Base BURGOS;BURGOS
9110;9059;16.822234345434456;9110;CONTRERAS;87;9059;Base BURGOS;BURGOS
9120;9059;22.02649331225902;9120;ENCÍO;41;9059;Base BURGOS;BURGOS
9122;9059;19.485994901409224;9122;ESPINOSA DE CERVERA;85;9059;Base BURGOS;BURGOS
9128;9059;8.146935368747457;9128;FRANDOVÍNEZ;96;9059;Base BURGOS;BURGOS
9134;9059;20.690325447469533;9134;FRÍAS;270;9059;Base BURGOS;BURGOS
9139;34120;24.728909833334708;9139;FUENTEMOLINOS;91;34120;Base PALENCIA;PALENCIA
9148;9059;14.661451195401249;9148;GRIJALBA;112;9059;Base BURGOS;BURGOS
9151;9059;22.222345695272704;9151;GUMIEL DE IZÁN;584;9059;Base BURGOS;BURGOS
9152;9059;22.88805182342251;9152;GUMIEL DE MERCADO;380;9059;Base BURGOS;BURGOS
9159;9059;12.680252950471617;9159;HONTANAS;71;9059;Base BURGOS;BURGOS
9162;9059;9.810045978789004;9162;HONTORIA DE LA CANTERA;174;9059;Base BURGOS;BURGOS
9169;9059;15.34422248543188;9169;HORTIGÜELA;107;9059;Base BURGOS;BURGOS
9180;9059;11.527479277699658;9180;IGLESIAS;141;9059;Base BURGOS;BURGOS
9182;34120;15.769645860965591;9182;ITERO DEL CASTILLO;71;34120;Base PALENCIA;PALENCIA
9183;9059;16.120379250058335;9183;JARAMILLO DE LA FUENTE;47;9059;Base BURGOS;BURGOS
9189;9059;27.3618271869653;9189;JUNTA DE TRASLALOMA;122;9059;Base BURGOS;BURGOS
9144;9059;21.670503668199075;9144;LA GALLEGA;39;9059;Base BURGOS;BURGOS
9365;40194;24.874323407861915;9365;LA SEQUERA DE HAZA;27;40194;Base SEGOVIA;SEGOVIA
9422;9059;17.433891649476102;9422;LA VID DE BUREBA;24;9059;Base BURGOS;BURGOS
9195;9059;15.224072879032894;9195;LLANO DE BUREBA;49;9059;Base BURGOS;BURGOS
9014;9059;19.23490015349755;9014;LOS ALTOS;186;9059;Base BURGOS;BURGOS
9043;9059;16.591418114728484;9043;LOS BARRIOS DE BUREBA;178;9059;Base BURGOS;BURGOS
9196;9059;11.0096542761504;9196;MADRIGAL DEL MONTE;143;9059;Base BURGOS;BURGOS
9199;34120;21.169936106183343;9199;MAMBRILLA DE CASTREJÓN;107;34120;Base PALENCIA;PALENCIA
9202;9059;11.418050693880081;9202;MANCILES;21;9059;Base BURGOS;BURGOS
9206;9059;11.296445483729212;9206;MAZUELA;56;9059;Base BURGOS;BURGOS
9208;9059;13.002243221418563;9208;MECERREYES;188;9059;Base BURGOS;BURGOS
9211;9059;17.24015400253195;9211;MELGAR DE FERNAMENTAL;1513;9059;Base BURGOS;BURGOS
9217;9059;20.287541703628015;9217;MERINDAD DE VALDIVIELSO;401;9059;Base BURGOS;BURGOS
9218;40194;26.323812200382505;9218;MILAGROS;415;40194;Base SEGOVIA;SEGOVIA
9219;9059;24.70735549176266;9219;MIRANDA DE EBRO;36018;9059;Base BURGOS;BURGOS
9223;9059;19.456972941858346;9223;MONASTERIO DE LA SIERRA;40;9059;Base BURGOS;BURGOS
9230;9059;18.3452192662318;9230;NAVAS DE BUREBA;24;9059;Base BURGOS;BURGOS
9236;9059;11.76279879325804;9236;OLMILLOS DE MUÑÓ;40;9059;Base BURGOS;BURGOS
9242;9059;15.781569445505108;9242;PADILLA DE ABAJO;67;9059;Base BURGOS;BURGOS
9247;34120;16.946614190271937;9247;PALACIOS DE RIOPISUERGA;18;34120;Base PALENCIA;PALENCIA
9256;34120;20.24588300415821;9256;PEDROSA DE DUERO;460;34120;Base PALENCIA;PALENCIA
9259;9059;8.359689429233978;9259;PEDROSA DE RÍO ÚRBEL;243;9059;Base BURGOS;BURGOS
9270;9059;19.301754771210753;9270;PINILLA TRASMONTE;161;9059;Base BURGOS;BURGOS
9272;9059;15.839580673012819;9272;POZA DE LA SAL;283;9059;Base BURGOS;BURGOS
9274;9059;16.30796911140532;9274;PRADOLUENGO;1070;9059;Base BURGOS;BURGOS
9275;9059;11.468260793314993;9275;PRESENCIO;207;9059;Base BURGOS;BURGOS
9279;9059;24.635187951782388;9279;QUEMADA;238;9059;Base BURGOS;BURGOS
9283;9059;18.467985541422514;9283;QUINTANAÉLEZ;47;9059;Base BURGOS;BURGOS
9292;9059;12.533378968326115;9292;QUINTANAVIDES;64;9059;Base BURGOS;BURGOS
9304;9059;7.925148053501406;9304;RABÉ DE LAS CALZADAS;250;9059;Base BURGOS;BURGOS
9309;42173;18.120556827120446;9309;REGUMIEL DE LA SIERRA;301;42173;Base SORIA;SORIA
9311;9059;15.436846998233381;9311;RETUERTA;59;9059;Base BURGOS;BURGOS
9318;9059;17.701991766033963;9318;RIOCAVADO DE LA SIERRA;55;9059;Base BURGOS;BURGOS
9337;9059;25.337779663460886;9337;SAN JUAN DEL MONTE;152;9059;Base BURGOS;BURGOS
9338;9059;7.039840578270491;9338;SAN MAMÉS DE BURGOS;310;9059;Base BURGOS;BURGOS
9343;9059;14.044059892274285;9343;SANTA CECILIA;105;9059;Base BURGOS;BURGOS
9345;9059;27.764825158789137;9345;SANTA CRUZ DE LA SALCEDA;134;9059;Base BURGOS;BURGOS
9346;9059;15.851534752334612;9346;SANTA CRUZ DEL VALLE URBIÓN;103;9059;Base BURGOS;BURGOS
9350;9059;13.810047993233109;9350;SANTA MARÍA DEL CAMPO;523;9059;Base BURGOS;BURGOS
9351;9059;11.710646367343841;9351;SANTA MARÍA DEL INVIERNO;67;9059;Base BURGOS;BURGOS
9353;9059;19.86523793671536;9353;SANTA MARÍA RIBARREDONDA;95;9059;Base BURGOS;BURGOS
9362;9059;7.515569903419847;9362;SARRACÍN;261;9059;Base BURGOS;BURGOS
9366;9059;16.26780418523242;9366;SOLARANA;77;9059;Base BURGOS;BURGOS
9373;9059;17.825545101339248;9373;SOTRESGUDO;420;9059;Base BURGOS;BURGOS
9377;9059;7.595451712742293;9377;TARDAJOS;864;9059;Base BURGOS;BURGOS
9378;9059;17.374388350069644;9378;TEJADA;35;9059;Base BURGOS;BURGOS
9380;9059;21.146456643249753;9380;TERRADILLOS DE ESGUEVA;64;9059;Base BURGOS;BURGOS
9381;9059;14.198913770587836;9381;TINIEBLAS DE LA SIERRA;23;9059;Base BURGOS;BURGOS
9384;9059;14.708183921572497;9384;TORDÓMAR;298;9059;Base BURGOS;BURGOS
9389;9059;15.430459685543488;9389;TORREPADRE;65;9059;Base BURGOS;BURGOS
9391;34120;17.948597070779236;9391;TÓRTOLES DE ESGUEVA;387;34120;Base PALENCIA;PALENCIA
9392;9059;15.56334405220089;9392;TOSANTOS;53;9059;Base BURGOS;BURGOS
9400;9059;26.479355821197352;9400;VADOCONDES;364;9059;Base BURGOS;BURGOS
9406;9059;10.109375198479167;9406;VALDORROS;375;9059;Base BURGOS;BURGOS
9411;9059;14.081662919555649;9411;VALLE DE OCA;163;9059;Base BURGOS;BURGOS
9902;9059;9.570135766435913;9902;VALLE DE SANTIBÁÑEZ;479;9059;Base BURGOS;BURGOS
9417;34120;15.092695871526116;9417;VALLEJERA;39;34120;Base PALENCIA;PALENCIA
9418;9059;15.748471740831736;9418;VALLES DE PALENZUELA;75;9059;Base BURGOS;BURGOS
9429;9059;11.757669663527164;9429;VILLAESCUSA LA SOMBRÍA;60;9059;Base BURGOS;BURGOS
9430;9059;14.962176662991071;9430;VILLAESPASA;22;9059;Base BURGOS;BURGOS
9431;9059;13.964054295451188;9431;VILLAFRANCA MONTES DE OCA;122;9059;Base BURGOS;BURGOS
9439;9059;6.709930358147672;9439;VILLALBILLA DE BURGOS;1514;9059;Base BURGOS;BURGOS
9440;9059;21.288874695146045;9440;VILLALBILLA DE GUMIEL;74;9059;Base BURGOS;BURGOS
9443;9059;12.263315788634989;9443;VILLAMAYOR DE LOS MONTES;160;9059;Base BURGOS;BURGOS
9449;9059;10.265850795623374;9449;VILLANUEVA DE ARGAÑO;122;9059;Base BURGOS;BURGOS
9456;9059;12.629794553834131;9456;VILLAQUIRÁN DE LOS INFANTES;138;9059;Base BURGOS;BURGOS
9458;9059;7.240429672068981;9458;VILLARIEZO;719;9059;Base BURGOS;BURGOS
9463;9059;11.994805869213396;9463;VILLASUR DE HERREROS;273;9059;Base BURGOS;BURGOS
9466;9059;10.990567355022197;9466;VILLAVERDE DEL MONTE;108;9059;Base BURGOS;BURGOS
9467;9059;14.464549201100695;9467;VILLAVERDE-MOGINA;75;9059;Base BURGOS;BURGOS
9424;9059;18.7530518493735;9424;VILORIA DE RIOJA;37;9059;Base BURGOS;BURGOS
9478;9059;17.238024281659104;9478;VIZCAÍNOS;40;9059;Base BURGOS;BURGOS
24001;24089;21.694546456564026;24001;ACEBEDO;184;24089;Base LEÓN;LEÓN
24002;24089;16.54977086728465;24002;ALGADEFE;301;24089;Base LEÓN;LEÓN
24003;24089;20.126066466369252;24003;ALIJA DEL INFANTADO;573;24089;Base LEÓN;LEÓN
24004;24089;16.99012438809511;24004;ALMANZA;609;24089;Base LEÓN;LEÓN
24008;24089;16.762755277361418;24008;ASTORGA;10308;24089;Base LEÓN;LEÓN
24011;24115;13.749967377174046;24011;BARJAS;145;24115;Base PONFERRADA;El Bierzo
24020;24089;23.22281965687327;24020;BOCA DE HUÉRGANO;426;24089;Base LEÓN;LEÓN
24022;24115;8.350116825691769;24022;BORRENES;303;24115;Base PONFERRADA;El Bierzo
24026;24089;11.953400919406139;24026;BUSTILLO DEL PÁRAMO;1057;24089;Base LEÓN;LEÓN
24029;24115;20.830734991956202;24029;CABRILLANES;707;24115;Base PONFERRADA;El Bierzo
24030;24115;8.27608659303845;24030;CACABELOS;4735;24115;Base PONFERRADA;El Bierzo
24031;24089;17.594315895287927;24031;CALZADA DEL COTO;223;24089;Base LEÓN;LEÓN
24032;24089;18.96367582294196;24032;CAMPAZAS;107;24089;Base LEÓN;LEÓN
24038;24115;8.079089699168183;24038;CARRACEDELO;3423;24115;Base PONFERRADA;El Bierzo
24040;24089;12.167573894246598;24040;CARROCERA;440;24089;Base LEÓN;LEÓN
24041;24115;9.121200858805528;24041;CARUCEDO;483;24115;Base PONFERRADA;El Bierzo
24042;24089;16.946425537279215;24042;CASTILFALÉ;62;24089;Base LEÓN;LEÓN
24046;24089;20.340213271589036;24046;CASTROCALBÓN;913;24089;Base LEÓN;LEÓN
24050;24089;15.460564359119576;24050;CASTROTIERRA DE VALMADRIGAL;105;24089;Base LEÓN;LEÓN
24056;24089;16.646027034732725;24056;CISTIERNA;2905;24089;Base LEÓN;LEÓN
24057;24115;7.74457366599913;24057;CONGOSTO;1425;24115;Base PONFERRADA;El Bierzo
24058;24089;11.3199965529123;24058;CORBILLOS DE LOS OTEROS;176;24089;Base LEÓN;LEÓN
24060;24089;18.200014644955417;24060;CRÉMENES;512;24089;Base LEÓN;LEÓN
24066;24115;18.114448364016553;24066;DESTRIANA;424;24115;Base PONFERRADA;El Bierzo
24067;24115;13.375064870577498;24067;ENCINEDO;616;24115;Base PONFERRADA;El Bierzo
24069;34120;18.420124638077457;24069;ESCOBAR DE CAMPOS;31;34120;Base PALENCIA;PALENCIA
24074;24089;18.05376857859094;24074;FUENTES DE CARBAJAL;76;24089;Base LEÓN;LEÓN
24076;24089;9.168672721604135;24076;GARRAFE DE TORÍO;1640;24089;Base LEÓN;LEÓN
24081;24089;12.381208821462799;24081;GUSENDOS DE LOS OTEROS;126;24089;Base LEÓN;LEÓN
24083;24115;13.966140221524777;24083;IGÜEÑA;1049;24115;Base PONFERRADA;El Bierzo
24068;24089;15.136666584845019;24068;LA ERCINA;425;24089;Base LEÓN;LEÓN
24087;24089;14.111704268207415;24087;LAGUNA DALGA;626;24089;Base LEÓN;LEÓN
24088;24089;16.13441066570205;24088;LAGUNA DE NEGRILLOS;1046;24089;Base LEÓN;LEÓN
24100;24115;6.767492435341864;24100;MOLINASECA;872;24115;Base PONFERRADA;El Bierzo
24101;24115;17.88673702969448;24101;MURIAS DE PAREDES;340;24115;Base PONFERRADA;El Bierzo
24102;24115;11.720580407540279;24102;NOCEDA DEL BIERZO;605;24115;Base PONFERRADA;El Bierzo
24107;24089;13.458952119926245;24107;PAJARES DE LOS OTEROS;235;24089;Base LEÓN;LEÓN
24108;24089;16.6928130079974;24108;PALACIOS DE LA VALDUERNA;353;24089;Base LEÓN;LEÓN
24115;24115;5.0;24115;PONFERRADA;62994;24115;Base PONFERRADA;El Bierzo
24116;24089;27.103868417847497;24116;POSADA DE VALDEÓN;405;24089;Base LEÓN;LEÓN
24117;24089;18.73327275654932;24117;POZUELO DEL PÁRAMO;392;24089;Base LEÓN;LEÓN
24118;24089;18.309488126885572;24118;PRADO DE LA GUZPEÑA;104;24089;Base LEÓN;LEÓN
24119;24115;7.0358008433726695;24119;PRIARANZA DEL BIERZO;699;24115;Base PONFERRADA;El Bierzo
24121;24089;18.98443574132686;24121;PUEBLA DE LILLO;654;24089;Base LEÓN;LEÓN
24137;24089;16.824404607278147;24137;SABERO;1021;24089;Base LEÓN;LEÓN
24142;24089;6.140610591703551;24142;SAN ANDRÉS DEL RABANEDO;29884;24089;Base LEÓN;LEÓN
24146;24089;20.633683951956954;24146;SAN ESTEBAN DE NOGALES;243;24089;Base LEÓN;LEÓN
24150;24089;12.035047195610977;24150;SAN PEDRO BERCIANOS;226;24089;Base LEÓN;LEÓN
24143;24115;8.68859844183048;24143;SANCEDO;528;24115;Base PONFERRADA;El Bierzo
24153;24089;14.41588750780462;24153;SANTA CRISTINA DE VALMADRIGAL;273;24089;Base LEÓN;LEÓN
24160;24089;11.676998201060767;24160;SANTAS MARTAS;752;24089;Base LEÓN;LEÓN
24161;24115;17.087739320759418;24161;SANTIAGO MILLAS;359;24115;Base PONFERRADA;El Bierzo
24162;24089;7.08892499222748;24162;SANTOVENIA DE LA VALDONCINA;2064;24089;Base LEÓN;LEÓN
24165;24115;10.768028229126966;24165;SOBRADO;282;24115;Base PONFERRADA;El Bierzo
24166;24089;15.716716018876383;24166;SOTO DE LA VEGA;1493;24089;Base LEÓN;LEÓN
24167;24089;13.90758840970652;24167;SOTO Y AMÍO;717;24089;Base LEÓN;LEÓN
24168;24089;15.760051209751785;24168;TORAL DE LOS GUZMANES;499;24089;Base LEÓN;LEÓN
24206;24115;8.745995277260405;24206;TORAL DE LOS VADOS;1753;24115;Base PONFERRADA;El Bierzo
24169;24115;9.940267297183068;24169;TORENO;2855;24115;Base PONFERRADA;El Bierzo
24170;24115;11.338150998941334;24170;TORRE DEL BIERZO;1968;24115;Base PONFERRADA;El Bierzo
24173;24089;12.15979441926473;24173;TURCIA;986;24089;Base LEÓN;LEÓN
24176;24089;15.278385745958785;24176;VALDEFUENTES DEL PÁRAMO;306;24089;Base LEÓN;LEÓN
24177;24089;16.87299398400171;24177;VALDELUGUEROS;486;24089;Base LEÓN;LEÓN
24178;24089;17.6187466792817;24178;VALDEMORA;57;24089;Base LEÓN;LEÓN
24180;24089;12.6507476746097;24180;VALDEPOLO;1215;24089;Base LEÓN;LEÓN
24181;24089;21.046039631339035;24181;VALDERAS;1489;24089;Base LEÓN;LEÓN
24182;24089;16.92726879630885;24182;VALDERREY;416;24089;Base LEÓN;LEÓN
24183;24089;20.291280489459844;24183;VALDERRUEDA;821;24089;Base LEÓN;LEÓN
24184;24089;14.340884218075109;24184;VALDESAMARIO;175;24089;Base LEÓN;LEÓN
24190;24089;15.775436571293477;24190;VALVERDE-ENRIQUE;152;24089;Base LEÓN;LEÓN
24196;24115;10.627451219703712;24196;VEGA DE ESPINAREDA;2007;24115;Base PONFERRADA;El Bierzo
24198;24115;13.585955739560026;24198;VEGA DE VALCARCE;552;24115;Base PONFERRADA;El Bierzo
24199;24089;13.466852676946457;24199;VEGAQUEMADA;437;24089;Base LEÓN;LEÓN
24207;24089;14.969271180916056;24207;VILLADEMOR DE LA VEGA;291;24089;Base LEÓN;LEÓN
24209;24115;10.085521122069865;24209;VILLAFRANCA DEL BIERZO;2659;24115;Base PONFERRADA;El Bierzo
24214;24089;15.269313668289646;24214;VILLAMEJIL;653;24089;Base LEÓN;LEÓN
24216;24089;18.005131041947102;24216;VILLAMONTÁN DE LA VALDUERNA;683;24089;Base LEÓN;LEÓN
24217;24089;13.524481530251071;24217;VILLAMORATIEL DE LAS MATAS;120;24089;Base LEÓN;LEÓN
24218;24089;9.331043899348526;24218;VILLANUEVA DE LAS MANZANAS;502;24089;Base LEÓN;LEÓN
24224;24089;13.576301942145;24224;VILLARES DE ÓRBIGO;563;24089;Base LEÓN;LEÓN
34001;34120;12.093356792387898;34001;ABARCA DE CAMPOS;38;34120;Base PALENCIA;PALENCIA
34003;34120;17.717191136731117;34003;ABIA DE LAS TORRES;170;34120;Base PALENCIA;PALENCIA
34005;9059;21.666370332919474;34005;ALAR DEL REY;912;9059;Base BURGOS;BURGOS
34010;34120;11.211440576640303;34010;AMPUDIA;579;34120;Base PALENCIA;PALENCIA
34012;34120;14.571219168498933;34012;ANTIGÜEDAD;336;34120;Base PALENCIA;PALENCIA
34015;34120;14.840429435416302;34015;ARCONADA;44;34120;Base PALENCIA;PALENCIA
34017;34120;12.824262158830843;34017;ASTUDILLO;1039;34120;Base PALENCIA;PALENCIA
34020;34120;24.047137269002434;34020;AYUELA;53;34120;Base PALENCIA;PALENCIA
34024;34120;10.618662229383794;34024;BAQUERÍN DE CAMPOS;22;34120;Base PALENCIA;PALENCIA
34027;9059;26.579049208948014;34027;BARRUELO DE SANTULLÁN;1160;9059;Base BURGOS;BURGOS
34028;34120;25.085473662823155;34028;BÁSCONES DE OJEDA;134;34120;Base PALENCIA;PALENCIA
34029;34120;8.861319998365964;34029;BECERRIL DE CAMPOS;757;34120;Base PALENCIA;PALENCIA
34034;34120;13.694573641058025;34034;BOADILLA DEL CAMINO;101;34120;Base PALENCIA;PALENCIA
34036;9059;27.492298982067016;34036;BRAÑOSERA;253;9059;Base BURGOS;BURGOS
34037;34120;24.268103076261486;34037;BUENAVISTA DE VALDAVIA;296;34120;Base PALENCIA;PALENCIA
34039;34120;16.50377814334449;34039;BUSTILLO DEL PÁRAMO DE CARRIÓN;55;34120;Base PALENCIA;PALENCIA
34046;34120;12.787590159096982;34046;CARDEÑOSA DE VOLPEJERA;60;34120;Base PALENCIA;PALENCIA
34049;24089;27.478209908470998;34049;CASTREJÓN DE LA PEÑA;320;24089;Base LEÓN;LEÓN
34050;34120;17.370510432415557;34050;CASTRILLO DE DON JUAN;181;34120;Base PALENCIA;PALENCIA
34053;34120;11.509281066191457;34053;CASTROMOCHO;197;34120;Base PALENCIA;PALENCIA
34055;34120;15.092544513255126;34055;CERVATOS DE LA CUEZA;241;34120;Base PALENCIA;PALENCIA
34056;9059;28.834115122178304;34056;CERVERA DE PISUERGA;2284;9059;Base BURGOS;BURGOS
34058;34120;14.07486677862171;34058;CEVICO NAVERO;178;34120;Base PALENCIA;PALENCIA
34060;9059;16.64518119198831;34060;COBOS DE CERRATO;128;9059;Base BURGOS;BURGOS
34061;34120;23.597024386123945;34061;COLLAZOS DE BOEDO;99;34120;Base PALENCIA;PALENCIA
34067;9059;28.09289745680043;34067;DEHESA DE MONTEJO;135;9059;Base BURGOS;BURGOS
34068;9059;23.737095475703445;34068;DEHESA DE ROMANOS;46;9059;Base BURGOS;BURGOS
34072;34120;12.888358493310225;34072;FRECHILLA;136;34120;Base PALENCIA;PALENCIA
34073;24089;21.898328350525066;34073;FRESNO DEL RÍO;171;24089;Base LEÓN;LEÓN
34083;9059;20.978150917906802;34083;HERRERA DE PISUERGA;1898;9059;Base BURGOS;BURGOS
34087;34120;10.94330985030869;34087;HORNILLOS DE CERRATO;170;34120;Base PALENCIA;PALENCIA
34904;9059;30.911406566662173;34904;LA PERNÍA;313;9059;Base BURGOS;BURGOS
34140;34120;25.31857832267483;34140;LA PUEBLA DE VALDAVIA;81;34120;Base PALENCIA;PALENCIA
34094;34120;17.84606429916891;34094;LEDIGOS;62;34120;Base PALENCIA;PALENCIA
34903;34120;18.18166740185608;34903;LOMA DE UCIEZA;193;34120;Base PALENCIA;PALENCIA
34100;24089;21.813253248924045;34100;MANTINOS;145;24089;Base LEÓN;LEÓN
34101;34120;14.880497633749432;34101;MARCILLA DE CAMPOS;58;34120;Base PALENCIA;PALENCIA
34102;34120;9.138631490513703;34102;MAZARIEGOS;202;34120;Base PALENCIA;PALENCIA
34104;34120;14.79336603596407;34104;MELGAR DE YUSO;271;34120;Base PALENCIA;PALENCIA
34107;9059;24.923175794345354;34107;MICIECES DE OJEDA;71;9059;Base BURGOS;BURGOS
34109;34120;18.8627884745733;34109;MORATINOS;59;34120;Base PALENCIA;PALENCIA
34114;9059;24.825059652549694;34114;OLMOS DE OJEDA;170;9059;Base BURGOS;BURGOS
34120;34120;5.0;34120;PALENCIA;76738;34120;Base PALENCIA;PALENCIA
34121;34120;14.508806103096207;34121;PALENZUELA;215;34120;Base PALENCIA;PALENCIA
34127;34120;10.727819048328483;34127;PERALES;118;34120;Base PALENCIA;PALENCIA
34132;34120;13.21239441503598;34132;POBLACIÓN DE CAMPOS;122;34120;Base PALENCIA;PALENCIA
34134;24089;30.31282154335315;34134;POLENTINOS;40;24089;Base LEÓN;LEÓN
34135;9059;21.729700168527895;34135;POMAR DE VALDIVIA;490;9059;Base BURGOS;BURGOS
34141;34120;12.746770248773542;34141;QUINTANA DEL PUENTE;251;34120;Base PALENCIA;PALENCIA
34151;24089;25.253532802215645;34151;RESPENDA DE LA PEÑA;141;24089;Base LEÓN;LEÓN
34152;34120;13.50932406598696;34152;REVENGA DE CAMPOS;136;34120;Base PALENCIA;PALENCIA
34154;34120;23.88718018715685;34154;REVILLA DE COLLAZOS;75;34120;Base PALENCIA;PALENCIA
34156;34120;14.24641487374537;34156;RIBEROS DE LA CUEZA;54;34120;Base PALENCIA;PALENCIA
34158;9059;26.529302858437656;34158;SALINAS DE PISUERGA;329;9059;Base BURGOS;BURGOS
34159;34120;10.86835506525997;34159;SAN CEBRIÁN DE CAMPOS;407;34120;Base PALENCIA;PALENCIA
34163;34120;15.503938925412292;34163;SAN MAMÉS DE CAMPOS;49;34120;Base PALENCIA;PALENCIA
34171;24089;24.718873935259992;34171;SANTIBÁÑEZ DE LA PEÑA;934;24089;Base LEÓN;LEÓN
34174;34120;12.609820252338775;34174;SANTOYO;192;34120;Base PALENCIA;PALENCIA
34177;34120;7.889664904481421;34177;SOTO DE CERRATO;176;34120;Base PALENCIA;PALENCIA
34178;34120;14.299123693659727;34178;TABANERA DE CERRATO;138;34120;Base PALENCIA;PALENCIA
34185;24089;27.051602657140652;34185;TRIOLLO;74;24089;Base LEÓN;LEÓN
34186;34120;12.874573239611559;34186;VALBUENA DE PISUERGA;52;34120;Base PALENCIA;PALENCIA
34902;34120;12.703469645408;34902;VALLE DEL RETORTILLO;168;34120;Base PALENCIA;PALENCIA
34199;24089;22.557170057758416;34199;VELILLA DEL RÍO CARRIÓN;1129;24089;Base LEÓN;LEÓN
34202;34120;21.83954334430355;34202;VILLABASTA DE VALDAVIA;33;34120;Base PALENCIA;PALENCIA
34214;24089;22.005731466726484;34214;VILLALBA DE GUARDO;201;24089;Base LEÓN;LEÓN
34217;34120;5.961780764454551;34217;VILLALOBÓN;1900;34120;Base PALENCIA;PALENCIA
34221;34120;9.067689998688962;34221;VILLAMEDIANA;183;34120;Base PALENCIA;PALENCIA
34222;34120;20.817053000962787;34222;VILLAMERIEL;105;34120;Base PALENCIA;PALENCIA
34224;34120;13.39115006286103;34224;VILLAMUERA DE LA CUEZA;37;34120;Base PALENCIA;PALENCIA
34228;34120;20.199547288935225;34228;VILLANUÑO DE VALDAVIA;93;34120;Base PALENCIA;PALENCIA
34229;34120;20.785971825578976;34229;VILLAPROVEDO;46;34120;Base PALENCIA;PALENCIA
34231;34120;18.682820943089386;34231;VILLARRABÉ;176;34120;Base PALENCIA;PALENCIA
34246;34120;13.867217117484458;34246;VILLOVIECO;62;34120;Base PALENCIA;PALENCIA
37004;37274;22.317151181466187;37004;AHIGAL DE VILLARINO;31;37274;Base SALAMANCA;SALAMANCA
37014;49261;27.875805856486927;37014;ALDEADÁVILA DE LA RIBERA;1120;49261;Base VILLARALBO;ZAMORA
37017;37274;11.338021482211406;37017;ALDEANUEVA DE FIGUEROA;253;37274;Base SALAMANCA;SALAMANCA
37019;37274;10.402240337252852;37019;ALDEARRODRIGO;150;37274;Base SALAMANCA;SALAMANCA
37021;37274;11.755290047597954;37021;ALDEASECA DE ALBA;64;37274;Base SALAMANCA;SALAMANCA
37022;37274;15.519746397217972;37022;ALDEASECA DE LA FRONTERA;248;37274;Base SALAMANCA;SALAMANCA
37024;37274;16.69638307650935;37024;ALDEAVIEJA DE TORMES;99;37274;Base SALAMANCA;SALAMANCA
37025;37274;14.543093748562143;37025;ALDEHUELA DE LA BÓVEDA;265;37274;Base SALAMANCA;SALAMANCA
37033;37274;9.48335331024035;37033;ARCEDIANO;96;37274;Base SALAMANCA;SALAMANCA
37044;37274;28.112795631425037;37044;BARRUECOPARDO;421;37274;Base SALAMANCA;SALAMANCA
37050;37274;15.76669549529679;37050;BERROCAL DE HUEBRA;75;37274;Base SALAMANCA;SALAMANCA
37057;37274;15.935647648245164;37057;BÓVEDA DEL RÍO ALMAR;196;37274;Base SALAMANCA;SALAMANCA
37058;37274;21.224078447678608;37058;BRINCONES;59;37274;Base SALAMANCA;SALAMANCA
37065;37274;26.025267504327;37065;CABEZA DEL CABALLO;237;37274;Base SALAMANCA;SALAMANCA
37068;37274;18.628832528594835;37068;CABRILLAS;322;37274;Base SALAMANCA;SALAMANCA
37069;37274;7.701919058634807;37069;CALVARRASA DE ABAJO;1201;37274;Base SALAMANCA;SALAMANCA
37072;37274;10.733661002687828;37072;CALZADA DE DON DIEGO;131;37274;Base SALAMANCA;SALAMANCA
37073;37274;8.702074247142958;37073;CALZADA DE VALDUNCIEL;700;37274;Base SALAMANCA;SALAMANCA
37081;37274;17.017286444932374;37081;CANTALAPIEDRA;911;37274;Base SALAMANCA;SALAMANCA
37092;37274;7.292785385273952;37092;CASTELLANOS DE MORISCOS;3051;37274;Base SALAMANCA;SALAMANCA
37098;37274;22.49289646219137;37098;CEPEDA;303;37274;Base SALAMANCA;SALAMANCA
37099;37274;20.60422574509994;37099;CERECEDA DE LA SIERRA;62;37274;Base SALAMANCA;SALAMANCA
37106;37274;18.747215568579897;37106;CIPÉREZ;225;37274;Base SALAMANCA;SALAMANCA
37108;37274;12.398223840657774;37108;COCA DE ALBA;95;37274;Base SALAMANCA;SALAMANCA
37109;37274;23.485015862976958;37109;COLMENAR DE MONTEMAYOR;173;37274;Base SALAMANCA;SALAMANCA
37115;37274;22.823466077528042;37115;DIOS LE GUARDE;125;37274;Base SALAMANCA;SALAMANCA
37116;37274;13.534448921116958;37116;DOÑINOS DE LEDESMA;65;37274;Base SALAMANCA;SALAMANCA
37117;37274;6.868436666369273;37117;DOÑINOS DE SALAMANCA;2209;37274;Base SALAMANCA;SALAMANCA
37054;37274;30.450548281839144;37054;EL BODÓN;245;37274;Base SALAMANCA;SALAMANCA
37077;37274;14.356243890702933;37077;EL CAMPO DE PEÑARANDA;250;37274;Base SALAMANCA;SALAMANCA
37113;37274;19.84412057812436;37113;EL CUBO DE DON SANCHO;377;37274;Base SALAMANCA;SALAMANCA
37239;37274;11.983238217725406;37239;EL PEDROSO DE LA ARMUÑA;215;37274;Base SALAMANCA;SALAMANCA
37253;37274;8.65808433709897;37253;EL PINO DE TORMES;149;37274;Base SALAMANCA;SALAMANCA
37122;37274;11.431770176671932;37122;ENCINAS DE ARRIBA;226;37274;Base SALAMANCA;SALAMANCA
37125;37274;17.588910499947943;37125;ESCURIAL DE LA SIERRA;244;37274;Base SALAMANCA;SALAMANCA
37127;37274;32.03687585851938;37127;ESPEJA;211;37274;Base SALAMANCA;SALAMANCA
37128;37274;11.934557000576149;37128;ESPINO DE LA ORBADA;245;37274;Base SALAMANCA;SALAMANCA
37129;37274;7.778168551797689;37129;FLORIDA DE LIÉBANA;244;37274;Base SALAMANCA;SALAMANCA
37131;37274;14.808179133181413;37131;FRADES DE LA SIERRA;167;37274;Base SALAMANCA;SALAMANCA
37133;37274;21.137691163376093;37133;FRESNEDOSO;98;37274;Base SALAMANCA;SALAMANCA
37136;37274;33.40812888754798;37136;FUENTEGUINALDO;652;37274;Base SALAMANCA;SALAMANCA
37137;37274;25.978773550132054;37137;FUENTELIANTE;84;37274;Base SALAMANCA;SALAMANCA
37139;37274;18.960095692173788;37139;FUENTES DE BÉJAR;244;37274;Base SALAMANCA;SALAMANCA
37141;37274;13.86177552231208;37141;GAJATES;140;37274;Base SALAMANCA;SALAMANCA
37145;37274;30.908484162780482;37145;GALLEGOS DE ARGAÑÁN;264;37274;Base SALAMANCA;SALAMANCA
37147;37274;20.6179852045113;37147;GARCIBUEY;204;37274;Base SALAMANCA;SALAMANCA
37148;37274;11.186889007294885;37148;GARCIHERNÁNDEZ;411;37274;Base SALAMANCA;SALAMANCA
37154;37274;24.01731284943405;37154;GUADRAMIRO;124;37274;Base SALAMANCA;SALAMANCA
37156;37274;17.48684030425227;37156;GUIJUELO;5508;37274;Base SALAMANCA;SALAMANCA
37157;37274;30.01268854946821;37157;HERGUIJUELA DE CIUDAD RODRIGO;69;37274;Base SALAMANCA;SALAMANCA
37158;37274;23.397572194598926;37158;HERGUIJUELA DE LA SIERRA;226;37274;Base SALAMANCA;SALAMANCA
37161;37274;22.369441650130085;37161;HORCAJO DE MONTEMAYOR;101;37274;Base SALAMANCA;SALAMANCA
37167;37274;10.632333116715783;37167;JUZBADO;183;37274;Base SALAMANCA;SALAMANCA
37011;37274;36.30732731113021;37011;LA ALBERGUERÍA DE ARGAÑÁN;98;37274;Base SALAMANCA;SALAMANCA
37037;37274;27.240172492328302;37037;LA ATALAYA;100;37274;Base SALAMANCA;SALAMANCA
37063;37274;19.26345967426441;37063;LA CABEZA DE BÉJAR;60;37274;Base SALAMANCA;SALAMANCA
37135;37274;19.473770838646566;37135;LA FUENTE DE SAN ESTEBAN;1279;37274;Base SALAMANCA;SALAMANCA
37381;37274;27.757889165377193;37381;LA ZARZA DE PUMAREDA;133;37274;Base SALAMANCA;SALAMANCA
37168;37274;25.71033698597527;37168;LAGUNILLA;428;37274;Base SALAMANCA;SALAMANCA
37169;37274;13.582751125083243;37169;LARRODRIGO;186;37274;Base SALAMANCA;SALAMANCA
37346;37274;13.52351030751141;37346;LAS VEGUILLAS;275;37274;Base SALAMANCA;SALAMANCA
37172;37274;18.02276887474066;37172;LINARES DE RIOFRÍO;913;37274;Base SALAMANCA;SALAMANCA
37175;37274;8.46523299379681;37175;MACHACÓN;445;37274;Base SALAMANCA;SALAMANCA
37176;37274;22.785300593002503;37176;MADROÑAL;135;37274;Base SALAMANCA;SALAMANCA
37178;37274;16.717409105497378;37178;MALPARTIDA;80;37274;Base SALAMANCA;SALAMANCA
37183;37274;20.469692081904725;37183;MARTÍN DE YELTES;387;37274;Base SALAMANCA;SALAMANCA
37187;37274;12.689449953300837;37187;MATILLA DE LOS CAÑOS DEL RÍO;613;37274;Base SALAMANCA;SALAMANCA
37193;37274;21.544301205334744;37193;MIRANDA DEL CASTAÑAR;381;37274;Base SALAMANCA;SALAMANCA
37194;37274;21.93910094926098;37194;MOGARRAZ;252;37274;Base SALAMANCA;SALAMANCA
37195;37274;21.42459117930191;37195;MOLINILLO;43;37274;Base SALAMANCA;SALAMANCA
37196;37274;22.212489903470132;37196;MONFORTE DE LA SIERRA;53;37274;Base SALAMANCA;SALAMANCA
37197;37274;17.358933569265492;37197;MONLEÓN;85;37274;Base SALAMANCA;SALAMANCA
37199;37274;24.77392287756641;37199;MONSAGRO;127;37274;Base SALAMANCA;SALAMANCA
37201;37274;24.470286497251493;37201;MONTEMAYOR DEL RÍO;262;37274;Base SALAMANCA;SALAMANCA
37202;37274;6.887747438256946;37202;MONTERRUBIO DE ARMUÑA;1331;37274;Base SALAMANCA;SALAMANCA
37208;37274;22.55352601446307;37208;MORONTA;76;37274;Base SALAMANCA;SALAMANCA
37212;37274;22.294782302732862;37212;NAVACARROS;133;37274;Base SALAMANCA;SALAMANCA
37216;37274;11.898242006944972;37216;NAVALES;311;37274;Base SALAMANCA;SALAMANCA
37218;37274;20.478217744027667;37218;NAVAMORALES;44;37274;Base SALAMANCA;SALAMANCA
37222;37274;9.123170787457717;37222;NEGRILLA DE PALENCIA;76;37274;Base SALAMANCA;SALAMANCA
37223;37274;27.125854757508712;37223;OLMEDO DE CAMACES;94;37274;Base SALAMANCA;SALAMANCA
37228;37274;16.062210759670613;37228;PALACIOSRUBIOS;299;37274;Base SALAMANCA;SALAMANCA
37230;37274;7.965853813020196;37230;PARADA DE ARRIBA;272;37274;Base SALAMANCA;SALAMANCA
37233;37274;28.76829121139011;37233;PASTORES;56;37274;Base SALAMANCA;SALAMANCA
37235;37274;14.280983122427697;37235;PEDRAZA DE ALBA;220;37274;Base SALAMANCA;SALAMANCA
37242;37274;14.872211032573965;37242;PELAYOS;72;37274;Base SALAMANCA;SALAMANCA
37248;37274;21.012760617141325;37248;PERALEJOS DE ABAJO;171;37274;Base SALAMANCA;SALAMANCA
37254;37274;10.378028856842775;37254;PITIEGUA;182;37274;Base SALAMANCA;SALAMANCA
37255;37274;15.646853869193452;37255;PIZARRAL;64;37274;Base SALAMANCA;SALAMANCA
37256;37274;14.561513675599427;37256;POVEDA DE LAS CINTAS;194;37274;Base SALAMANCA;SALAMANCA
37258;37274;34.417476202512674;37258;PUEBLA DE AZABA;142;37274;Base SALAMANCA;SALAMANCA
37263;37274;24.120846669632815;37263;PUERTO DE BÉJAR;352;37274;Base SALAMANCA;SALAMANCA
37265;37274;17.33536160708516;37265;RÁGAMA;197;37274;Base SALAMANCA;SALAMANCA
37274;37274;5.0;37274;SALAMANCA;144866;37274;Base SALAMANCA;SALAMANCA
37277;37274;16.528304158250517;37277;SALVATIERRA DE TORMES;72;37274;Base SALAMANCA;SALAMANCA
37284;37274;20.02448690624567;37284;SAN ESTEBAN DE LA SIERRA;372;37274;Base SALAMANCA;SALAMANCA
37285;37274;29.18507934921834;37285;SAN FELICES DE LOS GALLEGOS;350;37274;Base SALAMANCA;SALAMANCA
37286;37274;21.33051866714683;37286;SAN MARTÍN DEL CASTAÑAR;234;37274;Base SALAMANCA;SALAMANCA
37290;37274;9.901342037571156;37290;SAN PEDRO DEL VALLE;269;37274;Base SALAMANCA;SALAMANCA
37280;37274;22.493833272758366;37280;SANCHÓN DE LA RIBERA;67;37274;Base SALAMANCA;SALAMANCA
37281;37274;15.680162508068623;37281;SANCHÓN DE LA SAGRADA;51;37274;Base SALAMANCA;SALAMANCA
37279;37274;23.635501267155952;37279;SANCTI-SPÍRITUS;731;37274;Base SALAMANCA;SALAMANCA
37283;37274;15.220076223736246;37283;SANDO;113;37274;Base SALAMANCA;SALAMANCA
37296;37274;15.178923752907869;37296;SANTIAGO DE LA PUEBLA;282;37274;Base SALAMANCA;SALAMANCA
37298;37274;20.459725437044074;37298;SANTIBÁÑEZ DE LA SIERRA;149;37274;Base SALAMANCA;SALAMANCA
37302;37274;29.971861006607835;37302;SAUCELLE;252;37274;Base SALAMANCA;SALAMANCA
37306;37274;25.88355716238664;37306;SERRADILLA DEL ARROYO;246;37274;Base SALAMANCA;SALAMANCA
37307;37274;26.325010903149114;37307;SERRADILLA DEL LLANO;138;37274;Base SALAMANCA;SALAMANCA
37311;37274;30.960317271035905;37311;SOBRADILLO;173;37274;Base SALAMANCA;SALAMANCA
37314;37274;12.907413793481439;37314;TABERA DE ABAJO;99;37274;Base SALAMANCA;SALAMANCA
37321;37274;23.9518830453548;37321;TENEBRÓN;121;37274;Base SALAMANCA;SALAMANCA
37332;37274;22.16582596962208;37332;VALDEHIJADEROS;84;37274;Base SALAMANCA;SALAMANCA
37333;37274;19.17813166433737;37333;VALDELACASA;189;37274;Base SALAMANCA;SALAMANCA
37334;37274;24.646420727763115;37334;VALDELAGEVE;67;37274;Base SALAMANCA;SALAMANCA
37336;37274;9.786748982686511;37336;VALDEMIERQUE;59;37274;Base SALAMANCA;SALAMANCA
37339;37274;19.57547188756561;37339;VALERO;286;37274;Base SALAMANCA;SALAMANCA
37345;37274;10.361388813213075;37345;VEGA DE TIRADOS;149;37274;Base SALAMANCA;SALAMANCA
37351;37274;15.484575355769811;37351;VILLAFLORES;260;37274;Base SALAMANCA;SALAMANCA
37354;37274;6.216371361243473;37354;VILLAMAYOR;7669;37274;Base SALAMANCA;SALAMANCA
37355;37274;21.01627952963687;37355;VILLANUEVA DEL CONDE;174;37274;Base SALAMANCA;SALAMANCA
37357;37274;30.62088785028393;37357;VILLAR DE CIERVO;253;37274;Base SALAMANCA;SALAMANCA
37371;37274;34.420441622835455;37371;VILLASRUBIAS;236;37274;Base SALAMANCA;SALAMANCA
37374;37274;11.716616825107751;37374;VILLORIA;1258;37274;Base SALAMANCA;SALAMANCA
37375;37274;11.321637669242893;37375;VILLORUELA;731;37274;Base SALAMANCA;SALAMANCA
40002;40194;8.533934003611247;40002;ADRADA DE PIRÓN;40;40194;Base SEGOVIA;SEGOVIA
40012;40194;12.195451365736302;40012;ALDEA REAL;287;40194;Base SEGOVIA;SEGOVIA
40013;47076;20.507392624068274;40013;ALDEASOÑA;67;47076;Base LAGUNA DE DUERO;VALLADOLID
40021;40194;13.388408861739096;40021;AREVALILLO DE CEGA;18;40194;Base SEGOVIA;SEGOVIA
40022;40194;10.886736098502464;40022;ARMUÑA;241;40194;Base SEGOVIA;SEGOVIA
40024;40194;27.263716728661553;40024;AYLLÓN;1105;40194;Base SEGOVIA;SEGOVIA
40026;40194;8.282643521801592;40026;BASARDILLA;136;40194;Base SEGOVIA;SEGOVIA
40029;40194;23.594372180431247;40029;BERCIMUEL;36;40194;Base SEGOVIA;SEGOVIA
40030;40194;12.525217918870215;40030;BERNARDOS;463;40194;Base SEGOVIA;SEGOVIA
40031;40194;6.558786674378051;40031;BERNUY DE PORREROS;1247;40194;Base SEGOVIA;SEGOVIA
40035;40194;8.574620183466486;40035;CABAÑAS DE POLENDOS;199;40194;Base SEGOVIA;SEGOVIA
40037;40194;20.263542644680406;40037;CALABAZAS DE FUENTIDUEÑA;25;40194;Base SEGOVIA;SEGOVIA
40039;40194;24.622696297719095;40039;CAMPO DE SAN PEDRO;259;40194;Base SEGOVIA;SEGOVIA
40161;40194;23.06546440548824;40161;CARABIAS;54;40194;Base SEGOVIA;SEGOVIA
40044;40194;18.68601293060956;40044;CARRASCAL DEL RÍO;136;40194;Base SEGOVIA;SEGOVIA
40048;40194;19.90073234786833;40048;CASTROJIMENO;31;40194;Base SEGOVIA;SEGOVIA
40051;40194;20.301346238832096;40051;CASTROSERRACÍN;24;40194;Base SEGOVIA;SEGOVIA
40054;40194;20.614297362663457;40054;CEREZO DE ARRIBA;134;40194;Base SEGOVIA;SEGOVIA
40057;47076;16.965227162991642;40057;COCA;1703;47076;Base LAGUNA DE DUERO;VALLADOLID
40058;40194;16.406218715489267;40058;CODORNIZ;307;40194;Base SEGOVIA;SEGOVIA
40060;40194;17.417146964470984;40060;CONDADO DE CASTILNOVO;79;40194;Base SEGOVIA;SEGOVIA
40902;40194;18.405301890004424;40902;COZUELOS DE FUENTIDUEÑA;105;40194;Base SEGOVIA;SEGOVIA
40062;40194;12.181293619189308;40062;CUBILLO;73;40194;Base SEGOVIA;SEGOVIA
40071;40194;21.575879687465385;40071;ENCINAS;40;40194;Base SEGOVIA;SEGOVIA
40073;40194;11.573559891324237;40073;ESCALONA DEL PRADO;468;40194;Base SEGOVIA;SEGOVIA
40075;40194;9.277149957135165;40075;ESCOBAR DE POLENDOS;166;40194;Base SEGOVIA;SEGOVIA
40077;40194;6.86445135281782;40077;ESPIRDO;1607;40194;Base SEGOVIA;SEGOVIA
40082;47076;16.515039143396436;40082;FUENTE DE SANTA CRUZ;99;47076;Base LAGUNA DE DUERO;VALLADOLID
40088;40194;16.41729185661608;40088;FUENTERREBOLLO;339;40194;Base SEGOVIA;SEGOVIA
40089;40194;19.464740806322766;40089;FUENTESAÚCO DE FUENTIDUEÑA;223;40194;Base SEGOVIA;SEGOVIA
40091;40194;21.077700559086317;40091;FUENTESOTO;100;40194;Base SEGOVIA;SEGOVIA
40093;40194;13.63525794822185;40093;GALLEGOS;93;40194;Base SEGOVIA;SEGOVIA
40095;40194;16.242874683882505;40095;GOMEZSERRACÍN;625;40194;Base SEGOVIA;SEGOVIA
40105;40194;9.219775076628233;40105;JUARROS DE RIOMOROS;45;40194;Base SEGOVIA;SEGOVIA
40106;40194;14.346403814826225;40106;JUARROS DE VOLTOYA;184;40194;Base SEGOVIA;SEGOVIA
40113;40194;8.031073550768552;40113;LA LOSA;531;40194;Base SEGOVIA;SEGOVIA
40107;5019;11.98748451002545;40107;LABAJOS;106;5019;Base ÁVILA;ÁVILA
40109;40194;27.023680142538847;40109;LANGUILLA;84;40194;Base SEGOVIA;SEGOVIA
40118;40194;10.54804576825892;40118;MARAZUELA;53;40194;Base SEGOVIA;SEGOVIA
40131;40194;11.036953682283832;40131;MONTERRUBIO;56;40194;Base SEGOVIA;SEGOVIA
40132;40194;24.444514855139445;40132;MORAL DE HORNUEZ;40;40194;Base SEGOVIA;SEGOVIA
40140;40194;17.645820510443464;40140;NAVALILLA;97;40194;Base SEGOVIA;SEGOVIA
40143;40194;20.974460778028366;40143;NAVARES DE ENMEDIO;92;40194;Base SEGOVIA;SEGOVIA
40151;40194;12.425188909850753;40151;ORTIGOSA DE PESTAÑO;53;40194;Base SEGOVIA;SEGOVIA
40152;40194;9.41072139990179;40152;OTERO DE HERREROS;966;40194;Base SEGOVIA;SEGOVIA
40155;40194;6.580164263122022;40155;PALAZUELOS DE ERESMA;5968;40194;Base SEGOVIA;SEGOVIA
40156;40194;13.997207551266657;40156;PEDRAZA;349;40194;Base SEGOVIA;SEGOVIA
40159;40194;15.1608583331018;40159;PINAREJOS;194;40194;Base SEGOVIA;SEGOVIA
40163;40194;14.11095763743655;40163;PUEBLA DE PEDRAZA;51;40194;Base SEGOVIA;SEGOVIA
40171;40194;25.284687122935626;40171;RIBOTA;43;40194;Base SEGOVIA;SEGOVIA
40174;40194;21.9289314205415;40174;SACRAMENIA;330;40194;Base SEGOVIA;SEGOVIA
40182;40194;14.540574662904017;40182;SAN MARTÍN Y MUDRIÁN;251;40194;Base SEGOVIA;SEGOVIA
40193;40194;16.181951671719016;40193;SEBÚLCOR;241;40194;Base SEGOVIA;SEGOVIA
40194;40194;5.0;40194;SEGOVIA;51525;40194;Base SEGOVIA;SEGOVIA
40195;40194;18.60104156184361;40195;SEPÚLVEDA;988;40194;Base SEGOVIA;SEGOVIA
40196;40194;23.294714673040772;40196;SEQUERA DE FRESNO;47;40194;Base SEGOVIA;SEGOVIA
40199;40194;9.903629770040979;40199;SOTOSALBOS;135;40194;Base SEGOVIA;SEGOVIA
40200;40194;10.150459172865936;40200;TABANERA LA LUENGA;53;40194;Base SEGOVIA;SEGOVIA
40206;40194;11.93752476348101;40206;TORRE VAL DE SAN PEDRO;180;40194;Base SEGOVIA;SEGOVIA
40202;40194;21.31873877654167;40202;TORREADRADA;50;40194;Base SEGOVIA;SEGOVIA
40218;40194;19.104027818129232;40218;VALLE DE TABLADILLO;74;40194;Base SEGOVIA;SEGOVIA
40214;40194;6.8997704643036615;40214;VALSECA;218;40194;Base SEGOVIA;SEGOVIA
40216;40194;7.496167992699188;40216;VALVERDE DEL MAJANO;1126;40194;Base SEGOVIA;SEGOVIA
40234;40194;14.461871359185196;40234;ZARZUELA DEL PINAR;408;40194;Base SEGOVIA;SEGOVIA
42001;42173;12.287436831746543;42001;ABEJAR;386;42173;Base SORIA;SORIA
42013;42173;8.870233723187589;42013;ALDEHUELA DE PERIÁÑEZ;30;42173;Base SORIA;SORIA
42019;42173;10.59642594416042;42019;ALMARZA;626;42173;Base SORIA;SORIA
42022;42173;11.504684775520719;42022;ALMENAR DE SORIA;216;42173;Base SORIA;SORIA
42024;42173;9.348280574490193;42024;ARANCÓN;76;42173;Base SORIA;SORIA
42031;42173;21.364344693278568;42031;BARCONES;25;42173;Base SORIA;SORIA
42032;42173;17.103935383744677;42032;BAYUBAS DE ABAJO;144;42173;Base SORIA;SORIA
42033;42173;16.403038577314867;42033;BAYUBAS DE ARRIBA;60;42173;Base SORIA;SORIA
42036;42173;14.218576861924559;42036;BLACOS;38;42173;Base SORIA;SORIA
42038;42173;11.757159013690845;42038;BORJABAD;30;42173;Base SORIA;SORIA
42039;42173;18.232514597271432;42039;BOROBIA;228;42173;Base SORIA;SORIA
42042;42173;7.864081914770807;42042;BUITRAGO;74;42173;Base SORIA;SORIA
42043;42173;19.728849271624163;42043;BURGO DE OSMA-CIUDAD DE OSMA;5204;42173;Base SORIA;SORIA
42044;42173;10.090431052425135;42044;CABREJAS DEL CAMPO;53;42173;Base SORIA;SORIA
42046;42173;13.219472864851953;42046;CALATAÑAZOR;43;42173;Base SORIA;SORIA
42056;42173;10.979565329757424;42056;CASTILFRÍO DE LA SIERRA;34;42173;Base SORIA;SORIA
42058;40194;28.35533317852915;42058;CASTILLEJO DE ROBLEDO;95;40194;Base SEGOVIA;SEGOVIA
42060;42173;13.355228291440543;42060;CERBÓN;30;42173;Base SORIA;SORIA
42064;42173;17.1536406594402;42064;CIRIA;70;42173;Base SORIA;SORIA
42070;42173;15.69221539800199;42070;CUBILLA;24;42173;Base SORIA;SORIA
42073;42173;18.049882903493447;42073;CUEVA DE ÁGREDA;69;42173;Base SORIA;SORIA
42160;42173;10.973804915789788;42160;EL ROYO;251;42173;Base SORIA;SORIA
42083;42173;15.281121378740504;42083;FRECHILLA DE ALMAZÁN;21;42173;Base SORIA;SORIA
42086;42173;26.061375661580456;42086;FUENTECAMBRÓN;32;42173;Base SORIA;SORIA
42088;42173;17.129822433054237;42088;FUENTELMONGE;61;42173;Base SORIA;SORIA
42089;42173;8.36797083498813;42089;FUENTELSAZ DE SORIA;64;42173;Base SORIA;SORIA
42093;42173;14.323218050899639;42093;FUENTESTRÚN;52;42173;Base SORIA;SORIA
42141;42173;12.608116527797858;42141;LA PÓVEDA DE SORIA;110;42173;Base SORIA;SORIA
42157;42173;19.551769379258417;42157;LA RIBA DE ESCALOTE;8;42173;Base SORIA;SORIA
42014;42173;12.381637649881622;42014;LAS ALDEHUELAS;60;42173;Base SORIA;SORIA
42149;42173;6.412722581715642;42149;LOS RÁBANOS;476;42173;Base SORIA;SORIA
42211;42173;8.960510411202865;42211;LOS VILLARES DE SORIA;75;42173;Base SORIA;SORIA
42107;42173;13.125331947759843;42107;MAGAÑA;64;42173;Base SORIA;SORIA
42113;42173;22.953352022794036;42113;MEDINACELI;671;42173;Base SORIA;SORIA
42115;42173;22.438663079111937;42115;MIÑO DE MEDINACELI;78;42173;Base SORIA;SORIA
42118;42173;15.044701811441277;42118;MOMBLONA;18;42173;Base SORIA;SORIA
42119;42173;18.825667949883325;42119;MONTEAGUDO DE LAS VICARÍAS;177;42173;Base SORIA;SORIA
42120;42173;25.50037729689497;42120;MONTEJO DE TIERMES;140;42173;Base SORIA;SORIA
42123;42173;15.632457098551027;42123;MORÓN DE ALMAZÁN;202;42173;Base SORIA;SORIA
42128;42173;9.653986372263926;42128;NARROS;71;42173;Base SORIA;SORIA
42135;42173;12.158609721320456;42135;ONCALA;61;42173;Base SORIA;SORIA
42154;42173;7.714254528914058;42154;RENIEBLAS;110;42173;Base SORIA;SORIA
42155;42173;23.006308035291568;42155;RETORTILLO DE SORIA;130;42173;Base SORIA;SORIA
42156;42173;16.209470727481058;42156;REZNOS;22;42173;Base SORIA;SORIA
42158;42173;14.28157695787118;42158;RIOSECO DE SORIA;123;42173;Base SORIA;SORIA
42161;42173;13.452415230211102;42161;SALDUERO;145;42173;Base SORIA;SORIA
42163;42173;16.240015444835052;42163;SAN FELICES;59;42173;Base SORIA;SORIA
42164;42173;18.723117088541873;42164;SAN LEONARDO DE YAGÜE;1949;42173;Base SORIA;SORIA
42165;42173;14.669940686658132;42165;SAN PEDRO MANRIQUE;619;42173;Base SORIA;SORIA
42168;42173;20.334748138544462;42168;SANTA MARÍA DE LAS HOYAS;113;42173;Base SORIA;SORIA
42176;42173;12.169661528615306;42176;TAJAHUERCE;23;42173;Base SORIA;SORIA
42177;42173;16.0804430829309;42177;TAJUECO;57;42173;Base SORIA;SORIA
42178;42173;16.34920996001251;42178;TALVEILA;101;42173;Base SORIA;SORIA
42181;42173;11.498415957341425;42181;TARDELCUENDE;424;42173;Base SORIA;SORIA
42185;42173;14.74544192630617;42185;TORREBLACOS;26;42173;Base SORIA;SORIA
42188;42173;13.883867341763413;42188;TRÉVAGO;47;42173;Base SORIA;SORIA
42192;42173;11.773712431978492;42192;VALDEGEÑA;37;42173;Base SORIA;SORIA
42197;42173;14.827545542947927;42197;VALDERRODILLA;62;42173;Base SORIA;SORIA
42198;42173;12.648401339383494;42198;VALTAJEROS;19;42173;Base SORIA;SORIA
42200;42173;15.858595294984559;42200;VELAMAZÁN;67;42173;Base SORIA;SORIA
42213;42173;13.090011640158568;42213;VILLASECA DE ARCIEL;24;42173;Base SORIA;SORIA
42215;42173;13.07187377005883;42215;VINUESA;833;42173;Base SORIA;SORIA
42218;42173;15.656710409446005;42218;YANGUAS;106;42173;Base SORIA;SORIA
42219;42173;21.826282866797936;42219;YELO;37;42173;Base SORIA;SORIA
47001;47076;14.256908978065171;47001;ADALIA;50;47076;Base LAGUNA DE DUERO;VALLADOLID
47003;34120;19.548692111828444;47003;AGUILAR DE CAMPOS;259;34120;Base PALENCIA;PALENCIA
47008;47076;16.24696618729793;47008;ALMENARA DE ADAJA;22;47076;Base LAGUNA DE DUERO;VALLADOLID
47010;47076;6.885665947351482;47010;ARROYO DE LA ENCOMIENDA;22268;47076;Base LAGUNA DE DUERO;VALLADOLID
47011;47076;17.320835470194027;47011;ATAQUINES;573;47076;Base LAGUNA DE DUERO;VALLADOLID
47013;49261;21.650153948506794;47013;BARCIAL DE LA LOMA;100;49261;Base VILLARALBO;ZAMORA
47019;34120;17.822397325167884;47019;BERRUECES;93;34120;Base PALENCIA;PALENCIA
47020;47076;18.352213676449626;47020;BOBADILLA DEL CAMPO;284;47076;Base LAGUNA DE DUERO;VALLADOLID
47027;47076;9.864268855857137;47027;CABEZÓN DE PISUERGA;3895;47076;Base LAGUNA DE DUERO;VALLADOLID
47032;47076;10.952737264083956;47032;CAMPORREDONDO;147;47076;Base LAGUNA DE DUERO;VALLADOLID
47035;47076;19.259721239990245;47035;CARPIO;938;47076;Base LAGUNA DE DUERO;VALLADOLID
47040;24089;20.13311884320163;47040;CASTROBOL;45;24089;Base LEÓN;LEÓN
47042;49261;15.191690089051367;47042;CASTROMEMBIBRE;49;49261;Base VILLARALBO;ZAMORA
47043;47076;14.235725821686431;47043;CASTROMONTE;326;47076;Base LAGUNA DE DUERO;VALLADOLID
47047;34120;15.40308831883166;47047;CASTROVERDE DE CERRATO;189;34120;Base PALENCIA;PALENCIA
47055;47076;11.94655486085755;47055;CORCOS;210;47076;Base LAGUNA DE DUERO;VALLADOLID
47057;34120;10.549348384724922;47057;CUBILLAS DE SANTA MARTA;404;34120;Base PALENCIA;PALENCIA
47063;47076;18.15536097765034;47063;FOMPEDRAZA;111;47076;Base LAGUNA DE DUERO;VALLADOLID
47065;37274;18.753399481281406;47065;FRESNO EL VIEJO;836;37274;Base SALAMANCA;SALAMANCA
47070;34120;15.091543003418359;47070;GATÓN DE CAMPOS;41;34120;Base PALENCIA;PALENCIA
47074;47076;11.586701588330818;47074;HORNILLOS DE ERESMA;171;47076;Base LAGUNA DE DUERO;VALLADOLID
47111;47076;8.766681951474709;47111;LA PEDRAJA DE PORTILLO;1175;47076;Base LAGUNA DE DUERO;VALLADOLID
47232;47076;14.82059744820784;47232;LA ZARZA;118;47076;Base LAGUNA DE DUERO;VALLADOLID
47076;47076;5.0;47076;LAGUNA DE DUERO;22907;47076;Base LAGUNA DE DUERO;VALLADOLID
47080;47076;17.103039689323992;47080;MANZANILLO;48;47076;Base LAGUNA DE DUERO;VALLADOLID
47081;47076;14.333986468896999;47081;MARZALES;41;47076;Base LAGUNA DE DUERO;VALLADOLID
47084;24089;19.787746136728337;47084;MAYORGA;1409;24089;Base LEÓN;LEÓN
47090;47076;9.766995039495695;47090;MOJADOS;3393;47076;Base LAGUNA DE DUERO;VALLADOLID
47092;34120;13.807037054020695;47092;MONTEALEGRE DE CAMPOS;105;34120;Base PALENCIA;PALENCIA
47094;34120;17.03647175535507;47094;MORAL DE LA REINA;146;34120;Base PALENCIA;PALENCIA
47098;47076;9.946721530363945;47098;MUCIENTES;691;47076;Base LAGUNA DE DUERO;VALLADOLID
47102;47076;17.219816504115705;47102;NUEVA VILLA DE LAS TORRES;278;47076;Base LAGUNA DE DUERO;VALLADOLID
47103;47076;13.225406978021454;47103;OLIVARES DE DUERO;327;47076;Base LAGUNA DE DUERO;VALLADOLID
47104;47076;13.969488117167954;47104;OLMEDO;3564;47076;Base LAGUNA DE DUERO;VALLADOLID
47105;47076;10.551908812137672;47105;OLMOS DE ESGUEVA;197;47076;Base LAGUNA DE DUERO;VALLADOLID
47106;47076;20.43356649694481;47106;OLMOS DE PEÑAFIEL;38;47076;Base LAGUNA DE DUERO;VALLADOLID
47115;47076;12.096317872865015;47115;PEÑAFLOR DE HORNIJA;350;47076;Base LAGUNA DE DUERO;VALLADOLID
47124;47076;11.999822691182434;47124;POZALDEZ;500;47076;Base LAGUNA DE DUERO;VALLADOLID
47130;34120;10.453235572163642;47130;QUINTANILLA DE TRIGUEROS;101;34120;Base PALENCIA;PALENCIA
47137;47076;18.92013946512553;47137;ROTURAS;26;47076;Base LAGUNA DE DUERO;VALLADOLID
47139;47076;12.471759712761141;47139;RUEDA;1103;47076;Base LAGUNA DE DUERO;VALLADOLID
47140;24089;19.251470749092668;47140;SAELICES DE MAYORGA;111;24089;Base LEÓN;LEÓN
47144;47076;11.254673146143407;47144;SAN MARTÍN DE VALVENÍ;84;47076;Base LAGUNA DE DUERO;VALLADOLID
47145;47076;12.314946982609191;47145;SAN MIGUEL DEL ARROYO;646;47076;Base LAGUNA DE DUERO;VALLADOLID
47148;49261;15.944348118789476;47148;SAN PEDRO DE LATARCE;434;49261;Base VILLARALBO;ZAMORA
47152;49261;20.460377677482406;47152;SANTA EUFEMIA DEL ARROYO;73;49261;Base VILLARALBO;ZAMORA
47154;47076;11.154819313286007;47154;SANTIBÁÑEZ DE VALCORBA;187;47076;Base LAGUNA DE DUERO;VALLADOLID
47159;47076;9.971057480743864;47159;SERRADA;1109;47076;Base LAGUNA DE DUERO;VALLADOLID
47163;49261;15.571506865989397;47163;TIEDRA;282;49261;Base VILLARALBO;ZAMORA
47165;47076;11.798323974465827;47165;TORDESILLAS;8638;47076;Base LAGUNA DE DUERO;VALLADOLID
47166;47076;13.838858783936349;47166;TORRECILLA DE LA ABADESA;250;47076;Base LAGUNA DE DUERO;VALLADOLID
47168;47076;12.844638317307558;47168;TORRECILLA DE LA TORRE;28;47076;Base LAGUNA DE DUERO;VALLADOLID
47174;34120;10.99841974075651;47174;TRIGUEROS DEL VALLE;314;34120;Base PALENCIA;PALENCIA
47180;47076;20.375648401111594;47180;VALDEARCOS DE LA VEGA;64;47076;Base LAGUNA DE DUERO;VALLADOLID
47181;47076;14.978548755979881;47181;VALDENEBRO DE LOS VALLES;185;47076;Base LAGUNA DE DUERO;VALLADOLID
47183;34120;22.54374440642307;47183;VALDUNQUILLO;116;34120;Base PALENCIA;PALENCIA
47188;47076;13.890295070307538;47188;VEGA DE VALDETRONCO;91;47076;Base LAGUNA DE DUERO;VALLADOLID
47192;47076;10.735849095812014;47192;VENTOSA DE LA CUESTA;101;47076;Base LAGUNA DE DUERO;VALLADOLID
47193;47076;6.78892537601544;47193;VIANA DE CEGA;2292;47076;Base LAGUNA DE DUERO;VALLADOLID
47197;47076;16.534054510504532;47197;VILLABRÁGIMA;1048;47076;Base LAGUNA DE DUERO;VALLADOLID
47198;34120;17.72694920121837;47198;VILLACARRALÓN;66;34120;Base PALENCIA;PALENCIA
47199;34120;18.48288932720296;47199;VILLACID DE CAMPOS;82;34120;Base PALENCIA;PALENCIA
47200;34120;15.0909580881492;47200;VILLACO;75;34120;Base PALENCIA;PALENCIA
47209;34120;20.78563513838725;47209;VILLALÁN DE CAMPOS;32;34120;Base PALENCIA;PALENCIA
47210;47076;14.480653941478307;47210;VILLALAR DE LOS COMUNEROS;490;47076;Base LAGUNA DE DUERO;VALLADOLID
47212;34120;13.587577623666597;47212;VILLALBA DE LOS ALCORES;392;34120;Base PALENCIA;PALENCIA
47213;47076;16.153966135723202;47213;VILLALBARBA;100;47076;Base LAGUNA DE DUERO;VALLADOLID
47214;34120;16.58323457493504;47214;VILLALÓN DE CAMPOS;1496;34120;Base PALENCIA;PALENCIA
47217;47076;9.440011264360189;47217;VILLANUBLA;2915;47076;Base LAGUNA DE DUERO;VALLADOLID
47221;47076;11.511378789400212;47221;VILLANUEVA DE LOS INFANTES;112;47076;Base LAGUNA DE DUERO;VALLADOLID
47223;49261;17.017746122237902;47223;VILLARDEFRADES;136;49261;Base VILLARALBO;ZAMORA
47224;47076;10.038340580912534;47224;VILLARMENTERO DE ESGUEVA;102;47076;Base LAGUNA DE DUERO;VALLADOLID
47226;47076;11.370284075734432;47226;VILLAVAQUERÍN;145;47076;Base LAGUNA DE DUERO;VALLADOLID
49002;49261;12.112707895393527;49002;ABEZAMES;60;49261;Base VILLARALBO;ZAMORA
49005;49261;15.525104980708;49005;ALFARAZ DE SAYAGO;124;49261;Base VILLARALBO;ZAMORA
49007;49261;10.317708319853491;49007;ALMARAZ DE DUERO;397;49261;Base VILLARALBO;ZAMORA
49012;49261;17.0914521421559;49012;ARGAÑÍN;80;49261;Base VILLARALBO;ZAMORA
49013;49261;10.869021503774288;49013;ARGUJILLO;218;49261;Base VILLARALBO;ZAMORA
49015;24089;21.590116522063575;49015;ARRABALDE;194;24089;Base LEÓN;LEÓN
49016;49261;10.842320149357054;49016;ASPARIEGOS;225;49261;Base VILLARALBO;ZAMORA
49017;24115;20.230378136300352;49017;ASTURIANOS;260;24115;Base PONFERRADA;El Bierzo
49020;49261;13.748163218330877;49020;BELVER DE LOS MONTES;253;49261;Base VILLARALBO;ZAMORA
49022;49261;9.269469425390646;49022;BENEGILES;268;49261;Base VILLARALBO;ZAMORA
49026;49261;17.00808560110789;49026;BRETOCINO;195;49261;Base VILLARALBO;ZAMORA
49027;49261;24.13400326789885;49027;BRIME DE SOG;116;49261;Base VILLARALBO;ZAMORA
49029;49261;18.237442009197807;49029;BURGANES DE VALVERDE;618;49261;Base VILLARALBO;ZAMORA
49030;49261;12.482275543563983;49030;BUSTILLO DEL ORO;79;49261;Base VILLARALBO;ZAMORA
49031;49261;10.398775112196788;49031;CABAÑAS DE SAYAGO;151;49261;Base VILLARALBO;ZAMORA
49033;49261;22.1422711180495;49033;CAMARZANA DE TERA;746;49261;Base VILLARALBO;ZAMORA
49038;49261;8.826108161703672;49038;CASASECA DE CAMPEÁN;86;49261;Base VILLARALBO;ZAMORA
49042;49261;12.661123467038657;49042;CASTRONUEVO;218;49261;Base VILLARALBO;ZAMORA
49043;49261;21.699557557821972;49043;CASTROVERDE DE CAMPOS;256;49261;Base VILLARALBO;ZAMORA
49047;49261;10.840766957329908;49047;CERECINOS DEL CARRIZAL;108;49261;Base VILLARALBO;ZAMORA
49054;49261;9.166649972004423;49054;CORRALES DEL VINO;929;49261;Base VILLARALBO;ZAMORA
49059;49261;10.623610363019235;49059;CUELGAMURES;80;49261;Base VILLARALBO;ZAMORA
49146;49261;11.867695603642902;49146;EL PEGO;284;49261;Base VILLARALBO;ZAMORA
49151;49261;7.875488585945567;49151;EL PERDIGÓN;650;49261;Base VILLARALBO;ZAMORA
49062;24115;18.849897722556243;49062;ESPADAÑEDO;104;24115;Base PONFERRADA;El Bierzo
49064;49261;18.539837445234113;49064;FARIZA;496;49261;Base VILLARALBO;ZAMORA
49065;49261;22.121336912973664;49065;FERMOSELLE;1149;49261;Base VILLARALBO;ZAMORA
49068;49261;17.131173623865767;49068;FERRERUELA;419;49261;Base VILLARALBO;ZAMORA
49069;49261;25.719984132472746;49069;FIGUERUELA DE ARRIBA;318;49261;Base VILLARALBO;ZAMORA
49077;49261;13.401417111045294;49077;FRESNO DE SAYAGO;143;49261;Base VILLARALBO;ZAMORA
49083;49261;11.286003239051084;49083;FUENTESECAS;44;49261;Base VILLARALBO;ZAMORA
49086;49261;9.023857688340584;49086;GALLEGOS DEL PAN;116;49261;Base VILLARALBO;ZAMORA
49090;49261;7.315394308022796;49090;GEMA;197;49261;Base VILLARALBO;ZAMORA
49024;49261;12.695710990560489;49024;LA BÓVEDA DE TORO;676;49261;Base VILLARALBO;ZAMORA
49100;24115;22.00754588902827;49100;LUBIÁN;290;24115;Base PONFERRADA;El Bierzo
49104;49261;24.45539992836046;49104;MAHIDE;310;49261;Base VILLARALBO;ZAMORA
49107;49261;11.600247864916724;49107;MALVA;100;49261;Base VILLARALBO;ZAMORA
49109;49261;21.554345372947726;49109;MANGANESES DE LA POLVOROSA;641;49261;Base VILLARALBO;ZAMORA
49114;49261;9.918087592125413;49114;MATILLA LA SECA;36;49261;Base VILLARALBO;ZAMORA
49116;49261;21.23406150807554;49116;MELGAR DE TERA;351;49261;Base VILLARALBO;ZAMORA
49117;49261;20.686102880655767;49117;MICERECES DE TERA;414;49261;Base VILLARALBO;ZAMORA
49124;49261;14.517110940222542;49124;MORAL DE SAYAGO;262;49261;Base VILLARALBO;ZAMORA
49127;49261;6.755650010052161;49127;MORALES DEL VINO;3085;49261;Base VILLARALBO;ZAMORA
49136;49261;17.12802315688522;49136;MUGA DE SAYAGO;317;49261;Base VILLARALBO;ZAMORA
49143;24115;20.068965812189163;49143;PALACIOS DE SANABRIA;230;24115;Base PONFERRADA;El Bierzo
49147;49261;9.560177061296448;49147;PELEAGONZALO;294;49261;Base VILLARALBO;ZAMORA
49148;49261;7.996159919323965;49148;PELEAS DE ABAJO;255;49261;Base VILLARALBO;ZAMORA
49149;49261;12.497924908892376;49149;PEÑAUSENDE;375;49261;Base VILLARALBO;ZAMORA
49153;49261;13.346943315976693;49153;PERILLA DE CASTRO;148;49261;Base VILLARALBO;ZAMORA
49157;49261;15.291353384804193;49157;PINO DEL ORO;175;49261;Base VILLARALBO;ZAMORA
49160;49261;12.078616213910058;49160;POBLADURA DE VALDERADUEY;35;49261;Base VILLARALBO;ZAMORA
49159;24089;20.521001789368054;49159;POBLADURA DEL VALLE;273;24089;Base LEÓN;LEÓN
49168;49261;18.69180581993752;49168;QUINTANILLA DEL MONTE;95;49261;Base VILLARALBO;ZAMORA
49173;49261;23.627261648555333;49173;RÁBANO DE ALISTE;314;49261;Base VILLARALBO;ZAMORA
49178;49261;7.776740255448862;49178;ROALES;1022;49261;Base VILLARALBO;ZAMORA
49183;49261;18.916837303781776;49183;SALCE;85;49261;Base VILLARALBO;ZAMORA
49184;49261;17.223482642756693;49184;SAMIR DE LOS CAÑOS;156;49261;Base VILLARALBO;ZAMORA
49185;49261;17.144508843203102;49185;SAN AGUSTÍN DEL POZO;166;49261;Base VILLARALBO;ZAMORA
49186;49261;11.71892933589124;49186;SAN CEBRIÁN DE CASTRO;249;49261;Base VILLARALBO;ZAMORA
49188;49261;18.823215814831634;49188;SAN ESTEBAN DEL MOLAR;109;49261;Base VILLARALBO;ZAMORA
49208;49261;21.034002785421897;49208;SAN VICENTE DE LA CABEZA;323;49261;Base VILLARALBO;ZAMORA
49209;49261;22.431593624255814;49209;SAN VITERO;429;49261;Base VILLARALBO;ZAMORA
49199;49261;19.133000727143404;49199;SANTA COLOMBA DE LAS MONJAS;232;49261;Base VILLARALBO;ZAMORA
49224;24115;17.944908403258566;49224;TREFACIO;165;24115;Base PONFERRADA;El Bierzo
49225;24115;22.28933157798649;49225;UÑA DE QUINTANA;121;24115;Base PONFERRADA;El Bierzo
49228;49261;10.348200051274844;49228;VALDEFINJAS;59;49261;Base VILLARALBO;ZAMORA
49232;49261;20.36650781405139;49232;VEGA DE VILLALOBOS;91;49261;Base VILLARALBO;ZAMORA
49235;49261;13.699973260102919;49235;VEZDEMARBÁN;439;49261;Base VILLARALBO;ZAMORA
49236;49261;17.915023630751946;49236;VIDAYANES;76;49261;Base VILLARALBO;ZAMORA
49239;49261;12.117498112916728;49239;VILLABUENA DEL PUENTE;586;49261;Base VILLARALBO;ZAMORA
49240;49261;15.334007039715381;49240;VILLADEPERA;179;49261;Base VILLARALBO;ZAMORA
49241;37274;13.601447874654088;49241;VILLAESCUSA;237;37274;Base SALAMANCA;SALAMANCA
49246;49261;12.694074169866425;49246;VILLALBA DE LA LAMPREANA;212;49261;Base VILLARALBO;ZAMORA
49248;49261;19.62241628685279;49248;VILLALOBOS;193;49261;Base VILLARALBO;ZAMORA
49250;49261;17.848574917958263;49250;VILLALPANDO;1399;49261;Base VILLARALBO;ZAMORA
49252;49261;19.284686174258013;49252;VILLAMAYOR DE CAMPOS;339;49261;Base VILLARALBO;ZAMORA
49255;49261;12.638422411912384;49255;VILLAMOR DE LOS ESCUDEROS;365;49261;Base VILLARALBO;ZAMORA
49256;49261;19.8021914305197;49256;VILLANÁZAR;249;49261;Base VILLARALBO;ZAMORA
49262;49261;24.381768087111173;49262;VILLARDECIERVOS;392;49261;Base VILLARALBO;ZAMORA
49265;49261;16.41881507282204;49265;VILLARDIEGUA DE LA RIBERA;116;49261;Base VILLARALBO;ZAMORA
49267;49261;12.460744071998016;49267;VILLARDONDIEGO;127;49261;Base VILLARALBO;ZAMORA
49268;49261;14.3033469823776;49268;VILLARRÍN DE CAMPOS;415;49261;Base VILLARALBO;ZAMORA
49270;49261;13.156270658937395;49270;VILLAVENDIMIO;156;49261;Base VILLARALBO;ZAMORA
5001;5019;14.006923048383962;5001;ADANERO;208;5019;Base ÁVILA;ÁVILA
5005;5019;11.958937950100964;5005;ALBORNOS;175;5019;Base ÁVILA;ÁVILA
5015;37274;18.356796584603977;5015;AREVALILLO;58;37274;Base SALAMANCA;SALAMANCA
5023;5019;18.53393004511218;5023;BARROMÁN;175;5019;Base ÁVILA;ÁVILA
5029;5019;16.227037571064216;5029;BERNUY-ZAPARDIEL;84;5019;Base ÁVILA;ÁVILA
5030;5019;7.763665518253207;5030;BERROCALEJO DE ARAGONA;56;5019;Base ÁVILA;ÁVILA
5045;5019;12.810551762257647;5045;CABIZUELA;88;5019;Base ÁVILA;ÁVILA
5046;5019;16.542636504116604;5046;CANALES;35;5019;Base ÁVILA;ÁVILA
5054;5019;16.527465878941882;5054;CASAVIEJA;1394;5019;Base ÁVILA;ÁVILA
5057;5019;13.12943393529327;5057;CEBREROS;3239;5019;Base ÁVILA;ÁVILA
5062;5019;13.826371516886226;5062;COLLADO DE CONTRERAS;145;5019;Base ÁVILA;ÁVILA
5064;5019;14.476909742029465;5064;CONSTANZANA;99;5019;Base ÁVILA;ÁVILA
5013;5019;19.865109110598723;5013;EL ARENAL;978;5019;Base ÁVILA;ÁVILA
5112;37274;22.676760048582562;5112;EL LOSAR DEL BARCO;63;37274;Base SALAMANCA;SALAMANCA
5129;37274;19.502115890011886;5129;EL MIRÓN;98;37274;Base SALAMANCA;SALAMANCA
5078;5019;16.8920456486592;5078;FUENTES DE AÑO;88;5019;Base ÁVILA;ÁVILA
5079;5019;9.90002604235299;5079;GALLEGOS DE ALTAMIROS;60;5019;Base ÁVILA;ÁVILA
5085;37274;25.385133499182643;5085;GIL GARCÍA;47;37274;Base SALAMANCA;SALAMANCA
5087;5019;10.28010555777136;5087;GOTARRENDURA;167;5019;Base ÁVILA;ÁVILA
5088;5019;11.712486882903375;5088;GRANDES Y SAN MARTÍN;32;5019;Base ÁVILA;ÁVILA
5089;5019;21.655685247390867;5089;GUISANDO;474;5019;Base ÁVILA;ÁVILA
5090;5019;15.010472827385426;5090;GUTIERRE-MUÑOZ;64;5019;Base ÁVILA;ÁVILA
5094;5019;14.006346967324468;5094;HERREROS DE SUSO;140;5019;Base ÁVILA;ÁVILA
5002;5019;15.840179599686069;5002;LA ADRADA;2796;5019;Base ÁVILA;ÁVILA
5096;5019;12.333109150268537;5096;LA HIJA DE DIOS;75;5019;Base ÁVILA;ÁVILA
5097;37274;21.771047354191804;5097;LA HORCAJADA;457;37274;Base SALAMANCA;SALAMANCA
5118;5019;16.136410176138888;5118;MANCERA DE ARRIBA;70;5019;Base ÁVILA;ÁVILA
5119;5019;13.739861253003935;5119;MANJABÁLAGO Y ORTIGOSA DE RIOALMAR;26;5019;Base ÁVILA;ÁVILA
5121;5019;7.010258486480618;5121;MARTIHERRERO;361;5019;Base ÁVILA;ÁVILA
5122;37274;17.554575316756704;5122;MARTÍNEZ;108;37274;Base SALAMANCA;SALAMANCA
5126;5019;19.673182070527176;5126;MESEGAR DE CORNEJA;66;5019;Base ÁVILA;ÁVILA
5127;5019;16.334770039123576;5127;MIJARES;731;5019;Base ÁVILA;ÁVILA
5128;5019;7.981129043225343;5128;MINGORRÍA;410;5019;Base ÁVILA;ÁVILA
5130;5019;9.242711702880925;5130;MIRONCILLO;112;5019;Base ÁVILA;ÁVILA
5131;5019;14.435526608275698;5131;MIRUEÑA DE LOS INFANZONES;95;5019;Base ÁVILA;ÁVILA
5133;5019;8.937555927289417;5133;MONSALUPE;59;5019;Base ÁVILA;ÁVILA
5135;5019;12.555953624880923;5135;MUÑANA;502;5019;Base ÁVILA;ÁVILA
5138;5019;9.946049700074703;5138;MUÑOGALINDO;300;5019;Base ÁVILA;ÁVILA
5139;5019;12.188657655031797;5139;MUÑOGRANDE;74;5019;Base ÁVILA;ÁVILA
5140;5019;12.468855358920106;5140;MUÑOMER DEL PECO;111;5019;Base ÁVILA;ÁVILA
5142;5019;16.185302157767897;5142;MUÑOSANCHO;88;5019;Base ÁVILA;ÁVILA
5143;5019;13.610830453758975;5143;MUÑOTELLO;49;5019;Base ÁVILA;ÁVILA
5144;37274;17.96921046842858;5144;NARRILLOS DEL ÁLAMO;59;37274;Base SALAMANCA;SALAMANCA
5157;5019;13.489087502379562;5157;NAVALACRUZ;204;5019;Base ÁVILA;ÁVILA
5160;5019;14.397509441727802;5160;NAVALOSA;324;5019;Base ÁVILA;ÁVILA
5161;5019;11.898157942000314;5161;NAVALPERAL DE PINARES;826;5019;Base ÁVILA;ÁVILA
5162;5019;21.653790528079384;5162;NAVALPERAL DE TORMES;77;5019;Base ÁVILA;ÁVILA
5163;5019;12.377267142636263;5163;NAVALUENGA;2172;5019;Base ÁVILA;ÁVILA
5164;5019;13.52438156757219;5164;NAVAQUESERA;43;5019;Base ÁVILA;ÁVILA
5169;5019;13.30140503366923;5169;NAVATALGORDO;237;5019;Base ÁVILA;ÁVILA
5171;37274;21.462784439460975;5171;NEILA DE SAN MIGUEL;62;37274;Base SALAMANCA;SALAMANCA
5172;5019;8.848203352090056;5172;NIHARRA;183;5019;Base ÁVILA;ÁVILA
5174;5019;15.451306770184837;5174;ORBITA;69;5019;Base ÁVILA;ÁVILA
5176;5019;8.537474466803868;5176;PADIERNOS;275;5019;Base ÁVILA;ÁVILA
5177;5019;13.228161908221438;5177;PAJARES DE ADAJA;127;5019;Base ÁVILA;ÁVILA
5181;37274;17.996024809402336;5181;PASCUALCOBO;39;37274;Base SALAMANCA;SALAMANCA
5186;5019;20.644563544285454;5186;PIEDRAHÍTA;1637;5019;Base ÁVILA;ÁVILA
5195;5019;8.776361386456937;5195;RIOFRÍO;191;5019;Base ÁVILA;ÁVILA
5196;5019;14.9878728880054;5196;RIVILLA DE BARAJAS;56;5019;Base ÁVILA;ÁVILA
5201;5019;9.98513836832112;5201;SAN BARTOLOMÉ DE PINARES;489;5019;Base ÁVILA;ÁVILA
5209;5019;15.222167773553624;5209;SAN GARCÍA DE INGELMOS;66;5019;Base ÁVILA;ÁVILA
5213;5019;13.111150716361873;5213;SAN JUAN DEL OLMO;81;5019;Base ÁVILA;ÁVILA
5218;37274;17.493892096570228;5218;SAN MIGUEL DE SERREZUELA;106;37274;Base SALAMANCA;SALAMANCA
5220;5019;10.977368450101118;5220;SAN PEDRO DEL ARROYO;501;5019;Base ÁVILA;ÁVILA
5205;5019;10.002612575011026;5205;SANCHORREJA;79;5019;Base ÁVILA;ÁVILA
5222;5019;9.39362102372025;5222;SANTA CRUZ DE PINARES;170;5019;Base ÁVILA;ÁVILA
5225;37274;20.108980044904555;5225;SANTA MARÍA DEL BERROCAL;382;37274;Base SALAMANCA;SALAMANCA
5902;5019;10.796652978712338;5902;SANTA MARÍA DEL CUBILLO;322;5019;Base ÁVILA;ÁVILA
5228;5019;21.612779787506817;5228;SANTIAGO DEL COLLADO;162;5019;Base ÁVILA;ÁVILA
5229;5019;9.974452203411316;5229;SANTO DOMINGO DE LAS POSADAS;69;5019;Base ÁVILA;ÁVILA
5230;5019;11.314892088783647;5230;SANTO TOMÉ DE ZABARCOS;71;5019;Base ÁVILA;ÁVILA
5236;37274;24.82640105172732;5236;SOLANA DE ÁVILA;100;37274;Base SALAMANCA;SALAMANCA
5237;5019;12.601512521736987;5237;SOLANA DE RIOALMAR;138;5019;Base ÁVILA;ÁVILA
5240;5019;16.34456343873174;5240;SOTILLO DE LA ADRADA;5003;5019;Base ÁVILA;ÁVILA
5243;5019;8.954022830674592;5243;TOLBAÑOS;86;5019;Base ÁVILA;ÁVILA
5244;37274;25.406187291887054;5244;TORMELLAS;35;37274;Base SALAMANCA;SALAMANCA
5252;5019;12.221373633052853;5252;VALDECASA;56;5019;Base ÁVILA;ÁVILA
5257;5019;18.168951504521615;5257;VILLAFRANCA DE LA SIERRA;134;5019;Base ÁVILA;ÁVILA
5265;5019;13.526395228723384;5265;VITA;71;5019;Base ÁVILA;ÁVILA
9007;9059;16.298366189236347;9007;AGUILAR DE BUREBA;50;9059;Base BURGOS;BURGOS
9009;9059;7.771027874297772;9009;ALBILLOS;214;9059;Base BURGOS;BURGOS
9012;9059;24.44235073425651;9012;ALFOZ DE SANTA GADEA;101;9059;Base BURGOS;BURGOS
9016;9059;22.264741474430455;9016;AMEYUGO;108;9059;Base BURGOS;BURGOS
9017;34120;20.66940171839127;9017;ANGUIX;156;34120;Base PALENCIA;PALENCIA
9018;9059;25.308404634205182;9018;ARANDA DE DUERO;33757;9059;Base BURGOS;BURGOS
9021;9059;22.12533252808545;9021;ARAUZO DE SALCE;46;9059;Base BURGOS;BURGOS
9025;9059;25.51048840189903;9025;ARIJA;115;9059;Base BURGOS;BURGOS
9027;9059;12.220354258016018;9027;ARRAYA DE OCA;53;9059;Base BURGOS;BURGOS
9029;9059;9.55478798978709;9029;ATAPUERCA;180;9059;Base BURGOS;BURGOS
9033;9059;19.558940320957333;9033;BAHABÓN DE ESGUEVA;84;9059;Base BURGOS;BURGOS
9035;9059;22.60026502068704;9035;BAÑOS DE VALDEARADOS;318;9059;Base BURGOS;BURGOS
9037;9059;18.182793721917704;9037;BARBADILLO DE HERREROS;104;9059;Base BURGOS;BURGOS
9044;9059;10.679732865526054;9044;BARRIOS DE COLINA;55;9059;Base BURGOS;BURGOS
9045;9059;17.664580595355954;9045;BASCONCILLOS DEL TOZO;294;9059;Base BURGOS;BURGOS
9046;9059;19.14745370097164;9046;BASCUÑANA;18;9059;Base BURGOS;BURGOS
9048;9059;16.774324253838977;9048;BELORADO;1834;9059;Base BURGOS;BURGOS
9054;9059;23.10208950431842;9054;BOZOÓ;102;9059;Base BURGOS;BURGOS
9055;9059;25.387887658123628;9055;BRAZACORTA;45;9059;Base BURGOS;BURGOS
9056;9059;15.59035828438476;9056;BRIVIESCA;6560;9059;Base BURGOS;BURGOS
9061;9059;20.567096519280604;9061;CABAÑES DE ESGUEVA;149;9059;Base BURGOS;BURGOS
9066;9059;14.157571578426097;9066;CAMPOLARA;48;9059;Base BURGOS;BURGOS
9070;9059;18.761526610398466;9070;CARAZO;39;9059;Base BURGOS;BURGOS
9072;9059;7.468850678853157;9072;CARCEDO DE BURGOS;484;9059;Base BURGOS;BURGOS
9076;9059;15.324383753593377;9076;CARRIAS;24;9059;Base BURGOS;BURGOS
9083;9059;13.325405088517398;9083;CASTIL DE PEONES;35;9059;Base BURGOS;BURGOS
9082;9059;19.161466040446985;9082;CASTILDELGADO;28;9059;Base BURGOS;BURGOS
9084;9059;20.03056639803274;9084;CASTRILLO DE LA REINA;158;9059;Base BURGOS;BURGOS
9088;9059;18.384421346658435;9088;CASTRILLO DE RIOPISUERGA;58;9059;Base BURGOS;BURGOS
9090;9059;15.555267007271649;9090;CASTRILLO MOTA DE JUDÍOS;52;9059;Base BURGOS;BURGOS
9095;9059;10.662458792477587;9095;CELADA DEL CAMINO;90;9059;Base BURGOS;BURGOS
9103;9059;18.998329662256623;9103;CILLERUELO DE ABAJO;209;9059;Base BURGOS;BURGOS
9104;9059;18.26595429223971;9104;CILLERUELO DE ARRIBA;49;9059;Base BURGOS;BURGOS
9109;9059;29.493406826559696;9109;CONDADO DE TREVIÑO;1489;9059;Base BURGOS;BURGOS
9113;9059;14.555620696556343;9113;COVARRUBIAS;505;9059;Base BURGOS;BURGOS
9115;9059;19.340505594099298;9115;CUBO DE BUREBA;101;9059;Base BURGOS;BURGOS
9119;9059;12.094106117988119;9119;CUEVAS DE SAN CLEMENTE;45;9059;Base BURGOS;BURGOS
9124;9059;27.550078529016062;9124;ESPINOSA DE LOS MONTEROS;1648;9059;Base BURGOS;BURGOS
9125;9059;9.760546845608534;9125;ESTÉPAR;634;9059;Base BURGOS;BURGOS
9129;9059;17.751297681629975;9129;FRESNEDA DE LA SIERRA TIRÓN;97;9059;Base BURGOS;BURGOS
9130;9059;17.948863385301664;9130;FRESNEÑA;66;9059;Base BURGOS;BURGOS
9131;9059;26.08016875276417;9131;FRESNILLO DE LAS DUEÑAS;693;9059;Base BURGOS;BURGOS
9132;9059;17.36715122212249;9132;FRESNO DE RÍO TIRÓN;160;9059;Base BURGOS;BURGOS
9135;9059;18.751851635684694;9135;FUENTEBUREBA;56;9059;Base BURGOS;BURGOS
9137;40194;27.372871201320002;9137;FUENTELCÉSPED;273;40194;Base SEGOVIA;SEGOVIA
9138;34120;23.46122724847652;9138;FUENTELISENDO;99;34120;Base PALENCIA;PALENCIA
9141;9059;26.52969786788725;9141;FUENTESPINA;816;9059;Base BURGOS;BURGOS
9143;9059;13.241164201235968;9143;GALBARROS;27;9059;Base BURGOS;BURGOS
9149;9059;17.428653148719192;9149;GRISALEÑA;53;9059;Base BURGOS;BURGOS
9154;9059;19.272593225851672;9154;HACINAS;149;9059;Base BURGOS;BURGOS
9160;40194;25.60759437366938;9160;HONTANGAS;99;40194;Base SEGOVIA;SEGOVIA
9164;9059;23.600994546931016;9164;HONTORIA DE VALDEARADOS;164;9059;Base BURGOS;BURGOS
9163;42173;20.99251907182024;9163;HONTORIA DEL PINAR;610;42173;Base SORIA;SORIA
9167;9059;9.979527462525851;9167;HORNILLOS DEL CAMINO;46;9059;Base BURGOS;BURGOS
9170;34120;23.507383266994157;9170;HOYALES DE ROA;212;34120;Base PALENCIA;PALENCIA
9173;9059;20.533337664966524;9173;HUERTA DE ARRIBA;128;9059;Base BURGOS;BURGOS
9174;9059;22.16251659434973;9174;HUERTA DE REY;881;9059;Base BURGOS;BURGOS
9177;9059;8.771851258907219;9177;IBEAS DE JUARROS;1445;9059;Base BURGOS;BURGOS
9179;9059;16.57256600156505;9179;IGLESIARRUBIA;45;9059;Base BURGOS;BURGOS
9190;9059;27.667909008254785;9190;JUNTA DE VILLALBA DE LOSA;78;9059;Base BURGOS;BURGOS
9168;34120;21.98002683633704;9168;LA HORRA;303;34120;Base PALENCIA;PALENCIA
9276;9059;28.384919216876973;9276;LA PUEBLA DE ARGANZÓN;557;9059;Base BURGOS;BURGOS
9312;9059;18.007916311093844;9312;LA REVILLA Y AHEDO;101;9059;Base BURGOS;BURGOS
9421;9059;27.148555643840762;9421;LA VID Y BARRIOS;245;9059;Base BURGOS;BURGOS
9297;9059;8.266825395678321;9297;LAS QUINTANILLAS;388;9059;Base BURGOS;BURGOS
9194;9059;14.595618025362283;9194;LERMA;2556;9059;Base BURGOS;BURGOS
9030;9059;9.321906426093047;9030;LOS AUSINES;165;9059;Base BURGOS;BURGOS
9198;9059;13.562210432086815;9198;MAHAMUD;105;9059;Base BURGOS;BURGOS
9200;9059;14.252900050200736;9200;MAMBRILLAS DE LARA;56;9059;Base BURGOS;BURGOS
9213;9059;21.470410253548454;9213;MERINDAD DE CUESTA-URRIA;270;9059;Base BURGOS;BURGOS
9214;9059;27.630381605754174;9214;MERINDAD DE MONTIJA;736;9059;Base BURGOS;BURGOS
9906;9059;7.956605594500943;9906;MERINDAD DE RÍO UBIERNA;1411;9059;Base BURGOS;BURGOS
9220;9059;20.100594046705027;9220;MIRAVECHE;95;9059;Base BURGOS;BURGOS
9225;9059;21.327300156906517;9225;MONCALVILLO;76;9059;Base BURGOS;BURGOS
9226;9059;19.49451010433687;9226;MONTERRUBIO DE LA DEMANDA;56;9059;Base BURGOS;BURGOS
9227;9059;12.561698284449275;9227;MONTORIO;149;9059;Base BURGOS;BURGOS
9229;47076;22.224741109692047;9229;NAVA DE ROA;199;47076;Base LAGUNA DE DUERO;VALLADOLID
9239;9059;20.475994111538423;9239;OQUILLAS;49;9059;Base BURGOS;BURGOS
9241;9059;7.734782994278179;9241;ORBANEJA RIOPICO;350;9059;Base BURGOS;BURGOS
9249;9059;12.736845020800528;9249;PALAZUELOS DE MUÑÓ;54;9059;Base BURGOS;BURGOS
9253;40194;25.57744647159976;9253;PARDILLA;102;40194;Base SEGOVIA;SEGOVIA
9257;9059;11.780503352543281;9257;PEDROSA DEL PÁRAMO;89;9059;Base BURGOS;BURGOS
9261;9059;25.429766579819134;9261;PEÑARANDA DE DUERO;465;9059;Base BURGOS;BURGOS
9266;9059;14.89305237540541;9266;PINEDA DE LA SIERRA;94;9059;Base BURGOS;BURGOS
9268;9059;20.662545736297343;9268;PINILLA DE LOS BARRUECOS;98;9059;Base BURGOS;BURGOS
9273;9059;14.372721316675745;9273;PRÁDANOS DE BUREBA;56;9059;Base BURGOS;BURGOS
9277;9059;14.479487612128672;9277;PUENTEDURA;122;9059;Base BURGOS;BURGOS
9281;9059;22.681711902836216;9281;QUINTANA DEL PIDIO;149;9059;Base BURGOS;BURGOS
9280;9059;15.61258091513428;9280;QUINTANABUREBA;31;9059;Base BURGOS;BURGOS
9289;42173;19.55743674815644;9289;QUINTANAR DE LA SIERRA;1513;42173;Base SORIA;SORIA
9302;42173;21.96446981114099;9302;RABANERA DEL PINAR;99;42173;Base SORIA;SORIA
9303;9059;14.7684696781926;9303;RÁBANOS;79;9059;Base BURGOS;BURGOS
9308;9059;18.753305441967107;9308;REDECILLA DEL CAMPO;67;9059;Base BURGOS;BURGOS
9321;34120;21.630821646584746;9321;ROA;2244;34120;Base PALENCIA;PALENCIA
9323;9059;14.258864748482623;9323;ROJAS;60;9059;Base BURGOS;BURGOS
9325;9059;16.871638210753993;9325;ROYUELA DE RÍO FRANCO;170;9059;Base BURGOS;BURGOS
9327;9059;12.898672001272985;9327;RUBLACEDO DE ABAJO;33;9059;Base BURGOS;BURGOS
9330;9059;18.543772771476156;9330;SALAS DE LOS INFANTES;1984;9059;Base BURGOS;BURGOS
9340;9059;15.192840424610303;9340;SAN MILLÁN DE LARA;61;9059;Base BURGOS;BURGOS
9360;9059;17.158180247577853;9360;SAN VICENTE DEL VALLE;28;9059;Base BURGOS;BURGOS
9348;9059;14.122159196452749;9348;SANTA INÉS;155;9059;Base BURGOS;BURGOS
9361;9059;18.5213248916007;9361;SARGENTES DE LA LORA;133;9059;Base BURGOS;BURGOS
9363;9059;12.9669185194359;9363;SASAMÓN;912;9059;Base BURGOS;BURGOS
9368;9059;14.75568811744602;9368;SORDILLOS;22;9059;Base BURGOS;BURGOS
9369;9059;22.32334448260364;9369;SOTILLO DE LA RIBERA;470;9059;Base BURGOS;BURGOS
9372;9059;7.0843012709114115;9372;SOTRAGERO;301;9059;Base BURGOS;BURGOS
9374;9059;11.352438911776261;9374;SUSINOS DEL PÁRAMO;118;9059;Base BURGOS;BURGOS
9375;9059;11.754148491262509;9375;TAMARÓN;55;9059;Base BURGOS;BURGOS
9382;9059;11.81936665727869;9382;TOBAR;27;9059;Base BURGOS;BURGOS
9386;9059;12.45777512383517;9386;TORRECILLA DEL MONTE;79;9059;Base BURGOS;BURGOS
9387;40194;25.974083706008983;9387;TORREGALINDO;123;40194;Base SEGOVIA;SEGOVIA
9390;34120;20.104484452024256;9390;TORRESANDINO;574;34120;Base PALENCIA;PALENCIA
9396;9059;21.588667613177027;9396;TUBILLA DEL LAGO;171;9059;Base BURGOS;BURGOS
9398;9059;14.00463321985703;9398;ÚRBEL DEL CASTILLO;58;9059;Base BURGOS;BURGOS
9403;9059;20.914467454751883;9403;VALDEANDE;98;9059;Base BURGOS;BURGOS
9405;47076;22.952184232972822;9405;VALDEZATE;121;47076;Base LAGUNA DE DUERO;VALLADOLID
9408;9059;18.471722190365128;9408;VALLARTA DE BUREBA;42;9059;Base BURGOS;BURGOS
9904;9059;8.700001224287094;9904;VALLE DE LAS NAVAS;543;9059;Base BURGOS;BURGOS
9409;9059;21.867960951180905;9409;VALLE DE MANZANEDO;115;9059;Base BURGOS;BURGOS
9905;9059;16.439288147590865;9905;VALLE DE SEDANO;409;9059;Base BURGOS;BURGOS
9412;9059;21.740852482777203;9412;VALLE DE TOBALINA;863;9059;Base BURGOS;BURGOS
9414;9059;19.26193653127143;9414;VALLE DE VALDELAGUNA;191;9059;Base BURGOS;BURGOS
9415;9059;19.7353837568335;9415;VALLE DE VALDELUCIO;330;9059;Base BURGOS;BURGOS
9416;9059;20.455712873022065;9416;VALLE DE ZAMANZAS;45;9059;Base BURGOS;BURGOS
9407;9059;15.1332878671058;9407;VALMALA;26;9059;Base BURGOS;BURGOS
9423;9059;17.055904441929616;9423;VILEÑA;27;9059;Base BURGOS;BURGOS
9427;9059;13.653451985176055;9427;VILLADIEGO;1455;9059;Base BURGOS;BURGOS
9428;34120;19.450911870521402;9428;VILLAESCUSA DE ROA;90;34120;Base PALENCIA;PALENCIA
9437;9059;14.290783975877378;9437;VILLAHOZ;287;9059;Base BURGOS;BURGOS
9438;9059;24.987589569860486;9438;VILLALBA DE DUERO;706;9059;Base BURGOS;BURGOS
9444;9059;14.976372473862728;9444;VILLAMAYOR DE TREVIÑO;56;9059;Base BURGOS;BURGOS
9450;9059;18.796192652332543;9450;VILLANUEVA DE CARAZO;27;9059;Base BURGOS;BURGOS
9454;9059;20.278836776062235;9454;VILLANUEVA DE TEBA;42;9059;Base BURGOS;BURGOS
9903;9059;23.352185573527777;9903;VILLARCAYO DE MERINDAD DE CASTILLA LA VIEJA;4047;9059;Base BURGOS;BURGOS
9471;9059;7.213702537472539;9471;VILLAYERNO MORQUILLAS;205;9059;Base BURGOS;BURGOS
9472;9059;13.244632688847984;9472;VILLAZOPEQUE;52;9059;Base BURGOS;BURGOS
9473;9059;12.998991361155802;9473;VILLEGAS;79;9059;Base BURGOS;BURGOS
9482;9059;18.937545002910937;9482;ZARZOSA DE RÍO PISUERGA;31;9059;Base BURGOS;BURGOS
9483;9059;24.861128310832903;9483;ZAZUAR;209;9059;Base BURGOS;BURGOS
24006;24089;9.954560359238101;24006;ARDÓN;550;24089;Base LEÓN;LEÓN
24009;24115;13.673631223668645;24009;BALBOA;263;24115;Base PONFERRADA;El Bierzo
24014;24115;9.520802159612327;24014;BEMBIBRE;8158;24115;Base PONFERRADA;El Bierzo
24015;24089;12.927082794805537;24015;BENAVIDES;2342;24089;Base LEÓN;LEÓN
24018;24089;16.387428001073523;24018;BERCIANOS DEL REAL CAMINO;186;24089;Base LEÓN;LEÓN
24027;24115;7.358480126939293;24027;CABAÑAS RARAS;1302;24115;Base PONFERRADA;El Bierzo
24028;24089;10.986357960852946;24028;CABREROS DEL RÍO;408;24089;Base LEÓN;LEÓN
24034;24115;6.92815287496543;24034;CAMPONARAYA;4104;24115;Base PONFERRADA;El Bierzo
24051;24089;18.0458355941423;24051;CEA;378;24089;Base LEÓN;LEÓN
24053;24089;16.851147574167282;24053;CEBRONES DEL RÍO;435;24089;Base LEÓN;LEÓN
24065;24089;8.880646903732451;24065;CHOZAS DE ABAJO;2678;24089;Base LEÓN;LEÓN
24055;24089;10.368124639864487;24055;CIMANES DEL TEJAR;738;24089;Base LEÓN;LEÓN
24061;24089;8.751210511304606;24061;CUADROS;2090;24089;Base LEÓN;LEÓN
24062;24089;12.023991292725327;24062;CUBILLAS DE LOS OTEROS;137;24089;Base LEÓN;LEÓN
24063;24089;13.94372961141039;24063;CUBILLAS DE RUEDA;385;24089;Base LEÓN;LEÓN
24070;24115;11.56841325103208;24070;FABERO;4061;24115;Base PONFERRADA;El Bierzo
24071;24115;11.845006929332925;24071;FOLGOSO DE LA RIBERA;982;24115;Base PONFERRADA;El Bierzo
24078;24089;19.53820993318572;24078;GORDONCILLO;308;24089;Base LEÓN;LEÓN
24079;24089;12.645181809993666;24079;GRADEFES;925;24089;Base LEÓN;LEÓN
24080;34120;19.46755332599556;24080;GRAJAL DE CAMPOS;209;34120;Base PALENCIA;PALENCIA
24082;24089;13.159888750767914;24082;HOSPITAL DE ÓRBIGO;956;24089;Base LEÓN;LEÓN
24086;24089;17.832212655882827;24086;JOARILLA DE LAS MATAS;245;24089;Base LEÓN;LEÓN
24010;24089;16.806841961040284;24010;LA BAÑEZA;10023;24089;Base LEÓN;LEÓN
24114;24089;13.081913137416729;24114;LA POLA DE GORDÓN;2842;24089;Base LEÓN;LEÓN
24104;24089;12.207282580708927;24104;LAS OMAÑAS;259;24089;Base LEÓN;LEÓN
24012;24089;14.946129784806214;24012;LOS BARRIOS DE LUNA;294;24089;Base LEÓN;LEÓN
24090;24115;12.795796720307298;24090;LUCILLO;356;24115;Base PONFERRADA;El Bierzo
24091;24115;14.598450539462009;24091;LUYEGO;554;24115;Base PONFERRADA;El Bierzo
24094;24089;9.539481893550079;24094;MANSILLA DE LAS MULAS;1663;24089;Base LEÓN;LEÓN
24095;24089;8.891448693568115;24095;MANSILLA MAYOR;324;24089;Base LEÓN;LEÓN
24096;24089;21.180265991405175;24096;MARAÑA;111;24089;Base LEÓN;LEÓN
24103;24115;13.340368629059258;24103;OENCIA;277;24115;Base PONFERRADA;El Bierzo
24109;24115;15.583950944285906;24109;PALACIOS DEL SIL;844;24115;Base PONFERRADA;El Bierzo
24110;24115;13.597832947047726;24110;PÁRAMO DEL SIL;1169;24115;Base PONFERRADA;El Bierzo
24120;24089;21.159955509902623;24120;PRIORO;349;24089;Base LEÓN;LEÓN
24122;24115;11.457189772706773;24122;PUENTE DE DOMINGO FLÓREZ;1385;24115;Base PONFERRADA;El Bierzo
24123;24089;15.84984644485238;24123;QUINTANA DEL CASTILLO;717;24089;Base LEÓN;LEÓN
24124;24089;18.509025984358093;24124;QUINTANA DEL MARCO;319;24089;Base LEÓN;LEÓN
24125;24089;19.80397868964841;24125;QUINTANA Y CONGOSTO;416;24089;Base LEÓN;LEÓN
24130;24089;21.70100287256649;24130;RIAÑO;474;24089;Base LEÓN;LEÓN
24131;24089;16.265006831968243;24131;RIEGO DE LA VEGA;714;24089;Base LEÓN;LEÓN
24136;24089;16.982890714236653;24136;ROPERUELOS DEL PÁRAMO;499;24089;Base LEÓN;LEÓN
24139;24089;18.795153148830614;24139;SAHAGÚN;2398;24089;Base LEÓN;LEÓN
24144;24089;14.896453529711854;24144;SAN CRISTÓBAL DE LA POLANTERA;625;24089;Base LEÓN;LEÓN
24149;24089;14.527825532514482;24149;SAN MILLÁN DE LOS CABALLEROS;191;24089;Base LEÓN;LEÓN
24154;24089;17.560750628240783;24154;SANTA ELENA DE JAMUZ;1015;24089;Base LEÓN;LEÓN
24158;24089;11.901565804530971;24158;SANTA MARÍA DE ORDÁS;2999;24089;Base LEÓN;LEÓN
24159;24089;12.08911786133135;24159;SANTA MARINA DEL REY;1745;24089;Base LEÓN;LEÓN
24174;24089;13.251751009397994;24174;URDIALES DEL PÁRAMO;449;24089;Base LEÓN;LEÓN
24185;24115;16.321110930650278;24185;VAL DE SAN LORENZO;492;24115;Base PONFERRADA;El Bierzo
24175;24089;6.672584593673344;24175;VALDEFRESNO;2335;24089;Base LEÓN;LEÓN
24179;24089;14.014421380642911;24179;VALDEPIÉLAGO;308;24089;Base LEÓN;LEÓN
24187;24089;10.570726803422236;24187;VALDEVIMBRE;894;24089;Base LEÓN;LEÓN
24188;24089;14.318328302269;24188;VALENCIA DE DON JUAN;5094;24089;Base LEÓN;LEÓN
24191;24089;15.864226138072455;24191;VALLECILLO;101;24089;Base LEÓN;LEÓN
24189;24089;7.741463129431699;24189;VALVERDE DE LA VIRGEN;7806;24089;Base LEÓN;LEÓN
24201;24089;10.204154716219378;24201;VEGAS DEL CONDADO;1154;24089;Base LEÓN;LEÓN
24202;24115;18.431257757238438;24202;VILLABLINO;7709;24115;Base PONFERRADA;El Bierzo
24210;24115;15.074428670334918;24210;VILLAGATÓN;636;24115;Base PONFERRADA;El Bierzo
24901;24089;15.436598915899793;24901;VILLAMANÍN;876;24089;Base LEÓN;LEÓN
24212;24089;13.420477477261722;24212;VILLAMAÑÁN;1076;24089;Base LEÓN;LEÓN
24213;24089;16.332241660702877;24213;VILLAMARTÍN DE DON SANCHO;144;24089;Base LEÓN;LEÓN
24215;24089;17.682124533771045;24215;VILLAMOL;136;24089;Base LEÓN;LEÓN
24902;24089;17.5702750245646;24902;VILLAORNATE Y CASTRO;337;24089;Base LEÓN;LEÓN
24222;24089;6.443091413473885;24222;VILLAQUILAMBRE;18647;24089;Base LEÓN;LEÓN
24223;24089;13.85565485918195;24223;VILLAREJO DE ÓRBIGO;2873;24089;Base LEÓN;LEÓN
24225;24089;8.943747595578506;24225;VILLASABARIEGO;1148;24089;Base LEÓN;LEÓN
24226;24089;16.65047957323528;24226;VILLASELÁN;180;24089;Base LEÓN;LEÓN
24230;24089;15.608992778781074;24230;ZOTES DEL PÁRAMO;402;24089;Base LEÓN;LEÓN
34004;9059;23.481040330360727;34004;AGUILAR DE CAMPOO;6823;9059;Base BURGOS;BURGOS
34006;34120;12.04141591252262;34006;ALBA DE CERRATO;82;34120;Base PALENCIA;PALENCIA
34011;34120;10.217182329267064;34011;AMUSCO;410;34120;Base PALENCIA;PALENCIA
34018;34120;7.296227241519757;34018;AUTILLA DEL PINO;219;34120;Base PALENCIA;PALENCIA
34022;34120;11.827675402596121;34022;BALTANÁS;1228;34120;Base PALENCIA;PALENCIA
34025;34120;19.442883526733596;34025;BÁRCENA DE CAMPOS;53;34120;Base PALENCIA;PALENCIA
34041;9059;21.8280045686066;34041;CALAHORRA DE BOEDO;83;9059;Base BURGOS;BURGOS
34045;34120;13.026298071528686;34045;CAPILLAS;72;34120;Base PALENCIA;PALENCIA
34062;24089;26.0835167927496;34062;CONGOSTO DE VALDAVIA;140;24089;Base LEÓN;LEÓN
34071;34120;19.823492489586318;34071;ESPINOSA DE VILLAGONZALO;154;34120;Base PALENCIA;PALENCIA
34076;34120;11.019855463226282;34076;FUENTES DE NAVA;567;34120;Base PALENCIA;PALENCIA
34080;24089;22.166083038561606;34080;GUARDO;5548;24089;Base LEÓN;LEÓN
34081;34120;14.261965895220436;34081;GUAZA DE CAMPOS;55;34120;Base PALENCIA;PALENCIA
34086;34120;8.58445692287134;34086;HONTORIA DE CERRATO;106;34120;Base PALENCIA;PALENCIA
34175;34120;17.693934581884783;34175;LA SERNA;93;34120;Base PALENCIA;PALENCIA
34093;9059;23.01852349969475;34093;LA VID DE OJEDA;90;9059;Base BURGOS;BURGOS
34092;34120;16.661470385677223;34092;LANTADILLA;273;34120;Base PALENCIA;PALENCIA
34098;34120;7.547922334502415;34098;MAGAZ DE PISUERGA;1031;34120;Base PALENCIA;PALENCIA
34110;9059;27.36488023395746;34110;MUDÁ;80;9059;Base BURGOS;BURGOS
34113;34120;23.32096316872033;34113;OLEA DE BOEDO;39;34120;Base PALENCIA;PALENCIA
34122;9059;22.098775856529407;34122;PÁRAMO DE BOEDO;104;9059;Base BURGOS;BURGOS
34123;34120;10.677083962898653;34123;PAREDES DE NAVA;1911;34120;Base PALENCIA;PALENCIA
34125;34120;9.61312008783112;34125;PEDRAZA DE CAMPOS;72;34120;Base PALENCIA;PALENCIA
34126;34120;20.08720776756965;34126;PEDROSA DE LA VEGA;280;34120;Base PALENCIA;PALENCIA
34129;24089;22.036888607369825;34129;PINO DEL RÍO;163;24089;Base LEÓN;LEÓN
34130;34120;11.625755138101816;34130;PIÑA DE CAMPOS;193;34120;Base PALENCIA;PALENCIA
34131;34120;17.569022388394167;34131;POBLACIÓN DE ARROYO;42;34120;Base PALENCIA;PALENCIA
34136;24089;22.2097641490201;34136;POZA DE LA VEGA;166;24089;Base LEÓN;LEÓN
34139;9059;22.72133565543782;34139;PRÁDANOS DE OJEDA;181;9059;Base BURGOS;BURGOS
34147;34120;19.04217390196045;34147;RENEDO DE LA VEGA;192;34120;Base PALENCIA;PALENCIA
34157;34120;21.230758881931592;34157;SALDAÑA;2869;34120;Base PALENCIA;PALENCIA
34161;9059;20.72799097765466;34161;SAN CRISTÓBAL DE BOEDO;20;9059;Base BURGOS;BURGOS
34167;34120;8.628828781998319;34167;SANTA CECILIA DEL ALCOR;92;34120;Base PALENCIA;PALENCIA
34184;34120;10.649059501306766;34184;TORREMORMOJÓN;45;34120;Base PALENCIA;PALENCIA
34190;34120;23.30543677669885;34190;VALDERRÁBANO;47;34120;Base PALENCIA;PALENCIA
34192;34120;16.881241693660648;34192;VALDE-UCIEZA;76;34120;Base PALENCIA;PALENCIA
34196;34120;10.484346448646889;34196;VALLE DE CERRATO;83;34120;Base PALENCIA;PALENCIA
34205;34120;13.136329356943007;34205;VILLACONANCIO;50;34120;Base PALENCIA;PALENCIA
34206;34120;17.18218949221341;34206;VILLADA;834;34120;Base PALENCIA;PALENCIA
34208;34120;21.942925871613674;34208;VILLAELES DE VALDAVIA;48;34120;Base PALENCIA;PALENCIA
34210;34120;14.183805161562608;34210;VILLAHÁN;99;34120;Base PALENCIA;PALENCIA
34211;34120;16.68667417737469;34211;VILLAHERREROS;209;34120;Base PALENCIA;PALENCIA
34213;34120;12.651181663009798;34213;VILLALACO;61;34120;Base PALENCIA;PALENCIA
34216;34120;16.27494306219472;34216;VILLALCÓN;48;34120;Base PALENCIA;PALENCIA
34227;34120;13.538851537030212;34227;VILLANUEVA DEL REBOLLAR;67;34120;Base PALENCIA;PALENCIA
34232;34120;13.538688528597364;34232;VILLARRAMIEL;788;34120;Base PALENCIA;PALENCIA
34233;34120;17.290299063293467;34233;VILLASARRACINO;132;34120;Base PALENCIA;PALENCIA
34234;34120;20.903060728653927;34234;VILLASILA DE VALDAVIA;60;34120;Base PALENCIA;PALENCIA
34238;34120;9.561081816051004;34238;VILLAVIUDAS;366;34120;Base PALENCIA;PALENCIA
34240;34120;12.53444923422747;34240;VILLERÍAS DE CAMPOS;76;34120;Base PALENCIA;PALENCIA
34241;34120;13.97481691556803;34241;VILLODRE;24;34120;Base PALENCIA;PALENCIA
37002;37274;28.78300952332789;37002;AGALLAS;132;37274;Base SALAMANCA;SALAMANCA
37007;37274;15.925655677129653;37007;ALARAZ;448;37274;Base SALAMANCA;SALAMANCA
37009;37274;22.418545755335334;37009;ALBA DE YELTES;200;37274;Base SALAMANCA;SALAMANCA
37012;37274;12.114606770297149;37012;ALCONADA;134;37274;Base SALAMANCA;SALAMANCA
37015;37274;32.011085495941344;37015;ALDEA DEL OBISPO;252;37274;Base SALAMANCA;SALAMANCA
37013;37274;23.55823928544173;37013;ALDEACIPRESTE;91;37274;Base SALAMANCA;SALAMANCA
37016;37274;7.688416683235391;37016;ALDEALENGUA;713;37274;Base SALAMANCA;SALAMANCA
37020;37274;8.993136543591078;37020;ALDEARRUBIA;519;37274;Base SALAMANCA;SALAMANCA
37028;49261;21.951132801703412;37028;ALMENDRA;132;49261;Base VILLARALBO;ZAMORA
37029;37274;13.258994130820797;37029;ANAYA DE ALBA;183;37274;Base SALAMANCA;SALAMANCA
37030;37274;12.673369363733254;37030;AÑOVER DE TORMES;89;37274;Base SALAMANCA;SALAMANCA
37032;37274;7.27093933052305;37032;ARAPILES;739;37274;Base SALAMANCA;SALAMANCA
37035;37274;17.393112077331892;37035;ARMENTEROS;186;37274;Base SALAMANCA;SALAMANCA
37038;37274;10.486271638043775;37038;BABILAFUENTE;925;37274;Base SALAMANCA;SALAMANCA
37040;37274;10.072469908270172;37040;BARBADILLO;390;37274;Base SALAMANCA;SALAMANCA
37041;37274;15.850769677662234;37041;BARBALOS;73;37274;Base SALAMANCA;SALAMANCA
37046;37274;22.75511408283436;37046;BÉJAR;11957;37274;Base SALAMANCA;SALAMANCA
37049;37274;28.028821300822734;37049;BERMELLAR;131;37274;Base SALAMANCA;SALAMANCA
37051;37274;15.179462671471294;37051;BERROCAL DE SALVATIERRA;70;37274;Base SALAMANCA;SALAMANCA
37059;37274;18.819493947821783;37059;BUENAMADRE;109;37274;Base SALAMANCA;SALAMANCA
37062;37274;9.655290116817632;37062;CABEZABELLOSA DE LA CALZADA;74;37274;Base SALAMANCA;SALAMANCA
37067;37274;6.341842255770464;37067;CABRERIZOS;4226;37274;Base SALAMANCA;SALAMANCA
37082;37274;13.143381649238194;37082;CANTALPINO;804;37274;Base SALAMANCA;SALAMANCA
37085;37274;6.093344130029783;37085;CARBAJOSA DE LA SAGRADA;7636;37274;Base SALAMANCA;SALAMANCA
37086;37274;30.195047876757982;37086;CARPIO DE AZABA;112;37274;Base SALAMANCA;SALAMANCA
37091;37274;35.681586026153;37091;CASILLAS DE FLORES;168;37274;Base SALAMANCA;SALAMANCA
37100;37274;28.088400849241168;37100;CEREZAL DE PEÑAHORCADA;67;37274;Base SALAMANCA;SALAMANCA
37101;37274;26.116674862201045;37101;CERRALBO;111;37274;Base SALAMANCA;SALAMANCA
37114;37274;16.620120848906932;37114;CHAGARCÍA MEDIANERO;73;37274;Base SALAMANCA;SALAMANCA
37112;37274;20.950022975662094;37112;CRISTÓBAL;162;37274;Base SALAMANCA;SALAMANCA
37118;37274;11.737589387489852;37118;ÉJEME;144;37274;Base SALAMANCA;SALAMANCA
37061;37274;21.179942627140015;37061;EL CABACO;225;37274;Base SALAMANCA;SALAMANCA
37177;37274;21.97921120422603;37177;EL MAÍLLO;282;37274;Base SALAMANCA;SALAMANCA
37191;37274;26.69420404470995;37191;EL MILANO;88;37274;Base SALAMANCA;SALAMANCA
37234;37274;36.986298469829876;37234;EL PAYO;313;37274;Base SALAMANCA;SALAMANCA
37303;37274;31.241899848617642;37303;EL SAHUGO;181;37274;Base SALAMANCA;SALAMANCA
37319;37274;21.205960999984775;37319;EL TEJADO;83;37274;Base SALAMANCA;SALAMANCA
37325;37274;18.898226531131442;37325;EL TORNADIZO;86;37274;Base SALAMANCA;SALAMANCA
37120;37274;14.863140116686994;37120;ENCINA DE SAN SILVESTRE;100;37274;Base SALAMANCA;SALAMANCA
37121;37274;9.58353018379243;37121;ENCINAS DE ABAJO;619;37274;Base SALAMANCA;SALAMANCA
37123;37274;24.915324966191545;37123;ENCINASOLA DE LOS COMENDADORES;148;37274;Base SALAMANCA;SALAMANCA
37126;37274;19.471182610867853;37126;ESPADAÑA;34;37274;Base SALAMANCA;SALAMANCA
37134;37274;12.812746945020397;37134;FRESNO ALHÁNDIGA;181;37274;Base SALAMANCA;SALAMANCA
37142;37274;9.80612303746156;37142;GALINDO Y PERAHUY;704;37274;Base SALAMANCA;SALAMANCA
37143;37274;14.6680812059892;37143;GALINDUSTE;400;37274;Base SALAMANCA;SALAMANCA
37144;37274;12.241762703946971;37144;GALISANCHO;325;37274;Base SALAMANCA;SALAMANCA
37146;37274;18.95337849717899;37146;GALLEGOS DE SOLMIRÓN;109;37274;Base SALAMANCA;SALAMANCA
37149;37274;15.848852108653256;37149;GARCIRREY;55;37274;Base SALAMANCA;SALAMANCA
37150;37274;16.001842949147836;37150;GEJUELO DEL BARRO;31;37274;Base SALAMANCA;SALAMANCA
37159;37274;16.189601408604425;37159;HERGUIJUELA DEL CAMPO;62;37274;Base SALAMANCA;SALAMANCA
37160;37274;30.900396571918407;37160;HINOJOSA DE DUERO;577;37274;Base SALAMANCA;SALAMANCA
37162;37274;16.59968670145288;37162;HORCAJO MEDIANERO;205;37274;Base SALAMANCA;SALAMANCA
37164;37274;9.513174626324673;37164;HUERTA;285;37274;Base SALAMANCA;SALAMANCA
37006;37274;35.64041141622276;37006;LA ALAMEDILLA;101;37274;Base SALAMANCA;SALAMANCA
37045;37274;19.692351655580048;37045;LA BASTIDA;26;37274;Base SALAMANCA;SALAMANCA
37071;37274;22.253955703133894;37071;LA CALZADA DE BÉJAR;85;37274;Base SALAMANCA;SALAMANCA
37163;37274;22.01568171241093;37163;LA HOYA;30;37274;Base SALAMANCA;SALAMANCA
37188;37274;13.585828642112837;37188;LA MAYA;158;37274;Base SALAMANCA;SALAMANCA
37243;37274;25.496420376625704;37243;LA PEÑA;70;37274;Base SALAMANCA;SALAMANCA
37266;37274;29.901275023759315;37266;LA REDONDA;65;37274;Base SALAMANCA;SALAMANCA
37268;37274;18.529415008694478;37268;LA RINCONADA DE LA SIERRA;100;37274;Base SALAMANCA;SALAMANCA
37273;37274;16.53742895826933;37273;LA SAGRADA;82;37274;Base SALAMANCA;SALAMANCA
37347;37274;8.910565145824942;37347;LA VELLÉS;540;37274;Base SALAMANCA;SALAMANCA
37090;37274;21.393061593261212;37090;LAS CASAS DEL CONDE;63;37274;Base SALAMANCA;SALAMANCA
37170;37274;13.481945414367289;37170;LEDESMA;1517;37274;Base SALAMANCA;SALAMANCA
37171;37274;20.175986302785233;37171;LEDRADA;465;37274;Base SALAMANCA;SALAMANCA
37300;37274;18.190173087729647;37300;LOS SANTOS;580;37274;Base SALAMANCA;SALAMANCA
37174;37274;14.643136468624032;37174;MACOTERA;1001;37274;Base SALAMANCA;SALAMANCA
37179;37274;16.35627710006046;37179;MANCERA DE ABAJO;197;37274;Base SALAMANCA;SALAMANCA
37181;37274;29.55424350467044;37181;MARTIAGO;250;37274;Base SALAMANCA;SALAMANCA
37184;37274;27.301882788971714;37184;MASUECO;251;37274;Base SALAMANCA;SALAMANCA
37192;37274;7.480614690369794;37192;MIRANDA DE AZÁN;447;37274;Base SALAMANCA;SALAMANCA
37198;37274;19.437004610204127;37198;MONLERAS;245;37274;Base SALAMANCA;SALAMANCA
37204;37274;22.862133756118787;37204;MORASVERDES;229;37274;Base SALAMANCA;SALAMANCA
37205;37274;9.920409135870301;37205;MORILLE;224;37274;Base SALAMANCA;SALAMANCA
37206;37274;10.762364172155888;37206;MORÍÑIGO;88;37274;Base SALAMANCA;SALAMANCA
37214;37274;21.693152444169336;37214;NAVA DE FRANCIA;120;37274;Base SALAMANCA;SALAMANCA
37215;37274;13.990500054533127;37215;NAVA DE SOTROBAL;160;37274;Base SALAMANCA;SALAMANCA
37217;37274;21.741581774542517;37217;NAVALMORAL DE BÉJAR;56;37274;Base SALAMANCA;SALAMANCA
37219;37274;18.54620469124093;37219;NAVARREDONDA DE LA RINCONADA;151;37274;Base SALAMANCA;SALAMANCA
37221;37274;38.466237228941445;37221;NAVASFRÍAS;362;37274;Base SALAMANCA;SALAMANCA
37225;37274;10.11350046869574;37225;PAJARES DE LA LAGUNA;114;37274;Base SALAMANCA;SALAMANCA
37238;37274;8.928418492907086;37238;PEDROSILLO EL RALO;135;37274;Base SALAMANCA;SALAMANCA
37240;37274;7.201594427725021;37240;PELABRAVO;1366;37274;Base SALAMANCA;SALAMANCA
37244;37274;24.417406671601142;37244;PEÑACABALLERA;153;37274;Base SALAMANCA;SALAMANCA
37245;37274;35.291651338501865;37245;PEÑAPARDA;308;37274;Base SALAMANCA;SALAMANCA
37249;37274;20.336011049998476;37249;PERALEJOS DE ARRIBA;35;37274;Base SALAMANCA;SALAMANCA
37251;37274;20.488246940363105;37251;PEROMINGO;122;37274;Base SALAMANCA;SALAMANCA
37252;37274;22.228510352609085;37252;PINEDAS;94;37274;Base SALAMANCA;SALAMANCA
37257;37274;22.14096757264498;37257;POZOS DE HINOJO;52;37274;Base SALAMANCA;SALAMANCA
37261;37274;19.779989896333976;37261;PUENTE DEL CONGOSTO;225;37274;Base SALAMANCA;SALAMANCA
37264;37274;30.46910927122495;37264;PUERTO SEGURO;55;37274;Base SALAMANCA;SALAMANCA
37267;37274;21.687600989688537;37267;RETORTILLO;174;37274;Base SALAMANCA;SALAMANCA
37270;37274;12.749689710216252;37270;ROBLIZA DE COJOS;187;37274;Base SALAMANCA;SALAMANCA
37271;37274;10.76222539778415;37271;ROLLÁN;337;37274;Base SALAMANCA;SALAMANCA
37275;37274;27.34777135221337;37275;SALDEANA;99;37274;Base SALAMANCA;SALAMANCA
37036;37274;20.70695919740261;37036;SAN MIGUEL DEL ROBLEDO;43;37274;Base SALAMANCA;SALAMANCA
37289;37274;16.96513411675648;37289;SAN MUÑOZ;201;37274;Base SALAMANCA;SALAMANCA
37282;37274;21.233997457405234;37282;SANCHOTELLO;212;37274;Base SALAMANCA;SALAMANCA
37293;37274;15.6586025601872;37293;SANTA MARÍA DE SANDO;95;37274;Base SALAMANCA;SALAMANCA
37301;37274;20.72405019555501;37301;SARDÓN DE LOS FRAILES;101;37274;Base SALAMANCA;SALAMANCA
37305;37274;21.079902454773258;37305;SEQUEROS;207;37274;Base SALAMANCA;SALAMANCA
37313;37274;23.147284225568438;37313;SOTOSERRANO;513;37274;Base SALAMANCA;SALAMANCA
37320;37274;18.08022240823592;37320;TEJEDA Y SEGOYUELA;97;37274;Base SALAMANCA;SALAMANCA
37322;37274;9.853148760691965;37322;TERRADILLOS;3220;37274;Base SALAMANCA;SALAMANCA
37329;37274;17.23129080328679;37329;TREMEDAL DE TORMES;35;37274;Base SALAMANCA;SALAMANCA
37330;37274;13.163148532863747;37330;VALDECARROS;310;37274;Base SALAMANCA;SALAMANCA
37335;37274;11.755486031963692;37335;VALDELOSA;404;37274;Base SALAMANCA;SALAMANCA
37337;37274;24.53686500870447;37337;VALDERRODRIGO;128;37274;Base SALAMANCA;SALAMANCA
37342;37274;8.385115186272634;37342;VALVERDÓN;264;37274;Base SALAMANCA;SALAMANCA
37352;37274;9.496932825194156;37352;VILLAGONZALO DE TORMES;216;37274;Base SALAMANCA;SALAMANCA
37358;37274;13.633398210148115;37358;VILLAR DE GALLIMAZO;198;37274;Base SALAMANCA;SALAMANCA
37359;37274;29.93753100838789;37359;VILLAR DE LA YEGUA;155;37274;Base SALAMANCA;SALAMANCA
37360;37274;17.884026717574255;37360;VILLAR DE PERALONSO;204;37274;Base SALAMANCA;SALAMANCA
37361;37274;23.48606468151632;37361;VILLAR DE SAMANIEGO;78;37274;Base SALAMANCA;SALAMANCA
37363;37274;22.403599158655826;37363;VILLARES DE YELTES;96;37274;Base SALAMANCA;SALAMANCA
37365;37274;12.173788387366223;37365;VILLARMAYOR;154;37274;Base SALAMANCA;SALAMANCA
37366;37274;21.210482789176837;37366;VILLARMUERTO;40;37274;Base SALAMANCA;SALAMANCA
37367;37274;26.463618018553802;37367;VILLASBUENAS;164;37274;Base SALAMANCA;SALAMANCA
37368;37274;16.440818073109895;37368;VILLASDARDO;22;37274;Base SALAMANCA;SALAMANCA
37369;37274;15.451080751310954;37369;VILLASECO DE LOS GAMITOS;137;37274;Base SALAMANCA;SALAMANCA
37376;37274;22.679126397621143;37376;VITIGUDINO;2361;37274;Base SALAMANCA;SALAMANCA
37377;37274;23.842745314472737;37377;YECLA DE YELTES;222;37274;Base SALAMANCA;SALAMANCA
40003;40194;17.700105749632026;40003;ADRADOS;123;40194;Base SEGOVIA;SEGOVIA
40004;40194;13.438439012241878;40004;AGUILAFUENTE;564;40194;Base SEGOVIA;SEGOVIA
40005;40194;26.04064451521317;40005;ALCONADA DE MADERUELO;26;40194;Base SEGOVIA;SEGOVIA
40007;40194;13.083536472046806;40007;ALDEALENGUA DE PEDRAZA;79;40194;Base SEGOVIA;SEGOVIA
40009;40194;22.354317743528963;40009;ALDEANUEVA DE LA SERREZUELA;42;40194;Base SEGOVIA;SEGOVIA
40014;40194;23.804244021772046;40014;ALDEHORNO;59;40194;Base SEGOVIA;SEGOVIA
40015;40194;14.950685499197402;40015;ALDEHUELA DEL CODONAL;24;40194;Base SEGOVIA;SEGOVIA
40017;40194;9.369321068104448;40017;ANAYA;119;40194;Base SEGOVIA;SEGOVIA
40028;40194;12.251047380134981;40028;BERCIAL;105;40194;Base SEGOVIA;SEGOVIA
40032;40194;21.17174216297085;40032;BOCEGUILLAS;721;40194;Base SEGOVIA;SEGOVIA
40033;40194;8.051320484652383;40033;BRIEVA;86;40194;Base SEGOVIA;SEGOVIA
40034;40194;11.341524841181933;40034;CABALLAR;75;40194;Base SEGOVIA;SEGOVIA
40036;40194;14.712547665199523;40036;CABEZUELA;656;40194;Base SEGOVIA;SEGOVIA
40040;40194;15.396214168341903;40040;CANTALEJO;3558;40194;Base SEGOVIA;SEGOVIA
40046;40194;20.629445208984027;40046;CASTILLEJO DE MESLEÓN;110;40194;Base SEGOVIA;SEGOVIA
40049;40194;16.875360603284925;40049;CASTROSERNA DE ABAJO;32;40194;Base SEGOVIA;SEGOVIA
40055;40194;24.382378657394174;40055;CILLERUELO DE SAN MAMÉS;35;40194;Base SEGOVIA;SEGOVIA
40061;40194;25.256005061002686;40061;CORRAL DE AYLLÓN;77;40194;Base SEGOVIA;SEGOVIA
40063;47076;15.686541122520513;40063;CUÉLLAR;9530;47076;Base LAGUNA DE DUERO;VALLADOLID
40905;47076;22.318982076251448;40905;CUEVAS DE PROVANCO;132;47076;Base LAGUNA DE DUERO;VALLADOLID
40069;40194;18.965402588252118;40069;DONHIERRO;75;40194;Base SEGOVIA;SEGOVIA
40070;40194;18.955059809076936;40070;DURUELO;171;40194;Base SEGOVIA;SEGOVIA
40072;40194;7.1921601316299375;40072;ENCINILLAS;352;40194;Base SEGOVIA;SEGOVIA
40081;40194;18.24708935184115;40081;FRUMALES;120;40194;Base SEGOVIA;SEGOVIA
40083;40194;18.387146862709344;40083;FUENTE EL OLMO DE FUENTIDUEÑA;395;40194;Base SEGOVIA;SEGOVIA
40086;40194;13.300026940997956;40086;FUENTEPELAYO;772;40194;Base SEGOVIA;SEGOVIA
40087;40194;18.78888112066646;40087;FUENTEPIÑEL;68;40194;Base SEGOVIA;SEGOVIA
40092;40194;20.271908624101346;40092;FUENTIDUEÑA;133;40194;Base SEGOVIA;SEGOVIA
40099;40194;24.53152931066245;40099;HONRUBIA DE LA CUESTA;49;40194;Base SEGOVIA;SEGOVIA
40100;40194;17.0097424067852;40100;HONTALBILLA;299;40194;Base SEGOVIA;SEGOVIA
40104;40194;12.350996683539083;40104;ITUERO Y LAMA;448;40194;Base SEGOVIA;SEGOVIA
40125;40194;15.51542581315064;40125;LA MATILLA;71;40194;Base SEGOVIA;SEGOVIA
40110;40194;15.530160134396207;40110;LASTRAS DE CUÉLLAR;307;40194;Base SEGOVIA;SEGOVIA
40119;40194;8.380187767172707;40119;MARTÍN MIGUEL;263;40194;Base SEGOVIA;SEGOVIA
40124;47076;12.97473809993534;40124;MATA DE CUÉLLAR;207;47076;Base LAGUNA DE DUERO;VALLADOLID
40127;47076;19.738563256519164;40127;MEMBIBRE DE LA HOZ;43;47076;Base LAGUNA DE DUERO;VALLADOLID
40128;40194;12.557171430864106;40128;MIGUELÁÑEZ;138;40194;Base SEGOVIA;SEGOVIA
40134;40194;11.169555643370513;40134;MOZONCILLO;907;40194;Base SEGOVIA;SEGOVIA
40135;40194;13.165345034322822;40135;MUÑOPEDRO;309;40194;Base SEGOVIA;SEGOVIA
40136;40194;12.838511772110325;40136;MUÑOVEROS;145;40194;Base SEGOVIA;SEGOVIA
40138;40194;15.416577378896685;40138;NAVA DE LA ASUNCIÓN;2787;40194;Base SEGOVIA;SEGOVIA
40139;40194;12.610697581121299;40139;NAVAFRÍA;279;40194;Base SEGOVIA;SEGOVIA
40145;40194;15.327948189112986;40145;NAVAS DE ORO;1274;40194;Base SEGOVIA;SEGOVIA
40904;40194;7.487245961519561;40904;NAVAS DE RIOFRÍO;439;40194;Base SEGOVIA;SEGOVIA
40146;40194;12.385092179937491;40146;NAVAS DE SAN ANTONIO;366;40194;Base SEGOVIA;SEGOVIA
40148;40194;12.946092026174082;40148;NIEVA;256;40194;Base SEGOVIA;SEGOVIA
40157;40194;10.24126898327114;40157;PELAYOS DEL ARROYO;48;40194;Base SEGOVIA;SEGOVIA
40158;40194;18.4381956797311;40158;PEROSILLO;20;40194;Base SEGOVIA;SEGOVIA
40162;40194;16.518158116350165;40162;PRÁDENA;468;40194;Base SEGOVIA;SEGOVIA
40181;40194;8.182978857425233;40181;REAL SITIO DE SAN ILDEFONSO;5205;40194;Base SEGOVIA;SEGOVIA
40165;40194;14.578191844653396;40165;REBOLLO;74;40194;Base SEGOVIA;SEGOVIA
40166;47076;14.117837391272047;40166;REMONDO;316;47076;Base LAGUNA DE DUERO;VALLADOLID
40177;47076;13.986697532049558;40177;SAN CRISTÓBAL DE CUÉLLAR;154;47076;Base LAGUNA DE DUERO;VALLADOLID
40178;40194;17.918023178184995;40178;SAN CRISTÓBAL DE LA VEGA;83;40194;Base SEGOVIA;SEGOVIA
40906;40194;6.1345434614415995;40906;SAN CRISTÓBAL DE SEGOVIA;3153;40194;Base SEGOVIA;SEGOVIA
40183;40194;19.180133119297974;40183;SAN MIGUEL DE BERNUY;134;40194;Base SEGOVIA;SEGOVIA
40179;40194;17.029066456496494;40179;SANCHONUÑO;1027;40194;Base SEGOVIA;SEGOVIA
40185;40194;12.400952621785198;40185;SANTA MARÍA LA REAL DE NIEVA;885;40194;Base SEGOVIA;SEGOVIA
40186;40194;17.92929526888711;40186;SANTA MARTA DEL CERRO;49;40194;Base SEGOVIA;SEGOVIA
40192;40194;12.549951663455909;40192;SAUQUILLO DE CABEZAS;137;40194;Base SEGOVIA;SEGOVIA
40198;40194;19.5027137580159;40198;SOTILLO;30;40194;Base SEGOVIA;SEGOVIA
40201;40194;18.266324509862827;40201;TOLOCIRIO;36;40194;Base SEGOVIA;SEGOVIA
40204;40194;18.034296125260198;40204;TORRECILLA DEL PINAR;179;40194;Base SEGOVIA;SEGOVIA
40207;40194;7.092660386349378;40207;TRESCASAS;1105;40194;Base SEGOVIA;SEGOVIA
40211;40194;10.008933037717398;40211;VALDEPRADOS;60;40194;Base SEGOVIA;SEGOVIA
40219;47076;13.597139508939348;40219;VALLELADO;728;47076;Base LAGUNA DE DUERO;VALLADOLID
40221;40194;15.864624005251025;40221;VALLERUELA DE SEPÚLVEDA;52;40194;Base SEGOVIA;SEGOVIA
40222;40194;12.956249886876119;40222;VEGANZONES;197;40194;Base SEGOVIA;SEGOVIA
40223;40194;10.819632961745548;40223;VEGAS DE MATUTE;339;40194;Base SEGOVIA;SEGOVIA
40225;5019;12.590969654311513;40225;VILLACASTÍN;1525;5019;Base ÁVILA;ÁVILA
40228;47076;14.451308113975024;40228;VILLAVERDE DE ÍSCAR;593;47076;Base LAGUNA DE DUERO;VALLADOLID
42003;42173;17.501863818634114;42003;ADRADAS;58;42173;Base SORIA;SORIA
42006;42173;7.174993552775236;42006;ALCONABA;199;42173;Base SORIA;SORIA
42008;42173;20.568483718369528;42008;ALCUBILLA DE LAS PEÑAS;59;42173;Base SORIA;SORIA
42009;42173;9.224402602968155;42009;ALDEALAFUENTE;83;42173;Base SORIA;SORIA
42010;42173;10.445075931466722;42010;ALDEALICES;20;42173;Base SORIA;SORIA
42012;42173;9.891749441773253;42012;ALDEALSEÑOR;28;42173;Base SORIA;SORIA
42015;42173;15.830511285795064;42015;ALENTISQUE;24;42173;Base SORIA;SORIA
42016;42173;10.86225822201802;42016;ALIUD;21;42173;Base SORIA;SORIA
42020;42173;13.513770876957976;42020;ALMAZÁN;5476;42173;Base SORIA;SORIA
42021;42173;14.248287233354375;42021;ALMAZUL;60;42173;Base SORIA;SORIA
42026;42173;20.28780005832544;42026;ARENILLAS;42;42173;Base SORIA;SORIA
42028;42173;9.531246797834324;42028;AUSEJO DE LA SIERRA;115;42173;Base SORIA;SORIA
42029;42173;19.842795704538993;42029;BARAONA;122;42173;Base SORIA;SORIA
42041;42173;12.110941251694435;42041;BUBEROS;28;42173;Base SORIA;SORIA
42045;42173;13.746625402706192;42045;CABREJAS DEL PINAR;299;42173;Base SORIA;SORIA
42048;42173;17.853855071936128;42048;CALTOJAR;51;42173;Base SORIA;SORIA
42050;42173;15.960916760402808;42050;CAÑAMAQUE;27;42173;Base SORIA;SORIA
42051;42173;17.385408840975458;42051;CARABANTES;22;42173;Base SORIA;SORIA
42053;42173;22.50268592931302;42053;CARRASCOSA DE ABAJO;18;42173;Base SORIA;SORIA
42055;42173;17.837490859608316;42055;CASAREJOS;146;42173;Base SORIA;SORIA
42061;42173;9.237319436392106;42061;CIDONES;314;42173;Base SORIA;SORIA
42062;42173;15.653553280682015;42062;CIGUDOSA;15;42173;Base SORIA;SORIA
42065;42173;9.466329936994967;42065;CIRUJALES DEL RÍO;20;42173;Base SORIA;SORIA
42076;42173;18.568662522059377;42076;DEZA;165;42173;Base SORIA;SORIA
42078;42173;17.016941493485195;42078;DURUELO DE LA SIERRA;1026;42173;Base SORIA;SORIA
42081;42173;23.042969001650402;42081;ESPEJÓN;128;42173;Base SORIA;SORIA
42082;42173;10.79165101363351;42082;ESTEPA DE SAN JUAN;13;42173;Base SORIA;SORIA
42084;42173;22.04725909682859;42084;FRESNO DE CARACENA;19;42173;Base SORIA;SORIA
42087;42173;7.725407064542326;42087;FUENTECANTOS;65;42173;Base SORIA;SORIA
42094;42173;6.641296267427086;42094;GARRAY;785;42173;Base SORIA;SORIA
42097;42173;19.74765918320355;42097;GORMAZ;26;42173;Base SORIA;SORIA
42106;42173;10.410132405778446;42106;LA LOSILLA;13;42173;Base SORIA;SORIA
42105;42173;26.119350211817714;42105;LICERAS;49;42173;Base SORIA;SORIA
42108;42173;14.661877509952694;42108;MAJÁN;9;42173;Base SORIA;SORIA
42110;42173;14.782379560849542;42110;MATALEBRERAS;81;42173;Base SORIA;SORIA
42116;42173;26.093821703066446;42116;MIÑO DE SAN ESTEBAN;40;42173;Base SORIA;SORIA
42117;42173;13.156341996497115;42117;MOLINOS DE DUERO;158;42173;Base SORIA;SORIA
42124;42173;13.973387134010732;42124;MURIEL DE LA FUENTE;55;42173;Base SORIA;SORIA
42125;42173;15.175236731128585;42125;MURIEL VIEJO;75;42173;Base SORIA;SORIA
42132;42173;14.838454398984974;42132;NOVIERCAS;172;42173;Base SORIA;SORIA
42139;42173;13.742572038421008;42139;PINILLA DEL CAMPO;18;42173;Base SORIA;SORIA
42140;42173;13.76513309818821;42140;PORTILLO DE SORIA;12;42173;Base SORIA;SORIA
42145;42173;18.901768857733607;42145;QUINTANAS DE GORMAZ;127;42173;Base SORIA;SORIA
42148;42173;16.364445890997988;42148;QUIÑONERÍA;10;42173;Base SORIA;SORIA
42153;42173;19.548912431791976;42153;RELLO;20;42173;Base SORIA;SORIA
42159;42173;10.160952689318805;42159;ROLLAMIENTA;44;42173;Base SORIA;SORIA
42166;42173;14.096089773876413;42166;SANTA CRUZ DE YANGUAS;56;42173;Base SORIA;SORIA
42171;42173;15.083505807144926;42171;SERÓN DE NÁGIMA;122;42173;Base SORIA;SORIA
42172;42173;14.12686503474609;42172;SOLIEDRA;33;42173;Base SORIA;SORIA
42175;42173;11.122627254647911;42175;SUELLACABRAS;33;42173;Base SORIA;SORIA
42183;42173;11.96840329664333;42183;TEJADO;96;42173;Base SORIA;SORIA
42184;42173;16.584759963320504;42184;TORLENGUA;45;42173;Base SORIA;SORIA
42189;42173;18.30643522820276;42189;UCERO;91;42173;Base SORIA;SORIA
42190;42173;17.295330078116145;42190;VADILLO;83;42173;Base SORIA;SORIA
42191;42173;10.868790087509328;42191;VALDEAVELLANO DE TERA;218;42173;Base SORIA;SORIA
42193;42173;13.790270675613268;42193;VALDELAGUA DEL CERRO;13;42173;Base SORIA;SORIA
42196;42173;14.664057057764147;42196;VALDEPRADO;8;42173;Base SORIA;SORIA
42201;42173;7.001385301966811;42201;VELILLA DE LA SIERRA;27;42173;Base SORIA;SORIA
42202;42173;14.561137533944986;42202;VELILLA DE LOS AJOS;15;42173;Base SORIA;SORIA
42204;42173;11.953625018581455;42204;VIANA DE DUERO;49;42173;Base SORIA;SORIA
42208;42173;12.201460518574867;42208;VILLAR DEL CAMPO;30;42173;Base SORIA;SORIA
42209;42173;14.83027573690279;42209;VILLAR DEL RÍO;156;42173;Base SORIA;SORIA
47002;47076;14.497070491272448;47002;AGUASAL;19;47076;Base LAGUNA DE DUERO;VALLADOLID
47005;47076;11.531899224013621;47005;ALCAZARÉN;614;47076;Base LAGUNA DE DUERO;VALLADOLID
47007;47076;7.866237640097575;47007;ALDEAMAYOR DE SAN MARTÍN;6163;47076;Base LAGUNA DE DUERO;VALLADOLID
47009;34120;14.448441869377982;47009;AMUSQUILLO;99;34120;Base PALENCIA;PALENCIA
47017;47076;12.599391787202986;47017;BERCERO;177;47076;Base LAGUNA DE DUERO;VALLADOLID
47021;47076;15.776786145357335;47021;BOCIGAS;75;47076;Base LAGUNA DE DUERO;VALLADOLID
47024;34120;21.916716068352827;47024;BOLAÑOS DE CAMPOS;254;34120;Base PALENCIA;PALENCIA
47025;47076;18.12453938956262;47025;BRAHOJOS DE MEDINA;101;47076;Base LAGUNA DE DUERO;VALLADOLID
47026;34120;18.073925662964932;47026;BUSTILLO DE CHAVES;65;34120;Base PALENCIA;PALENCIA
47029;49261;19.316223150302992;47029;CABREROS DEL MONTE;56;49261;Base VILLARALBO;ZAMORA
47041;47076;10.709379550807107;47041;CASTRODEZA;142;47076;Base LAGUNA DE DUERO;VALLADOLID
47044;47076;9.261271836376526;47044;CASTRONUEVO DE ESGUEVA;393;47076;Base LAGUNA DE DUERO;VALLADOLID
47045;49261;15.032782656572433;47045;CASTRONUÑO;767;49261;Base VILLARALBO;ZAMORA
47046;34120;20.015660129141708;47046;CASTROPONCE;128;34120;Base PALENCIA;PALENCIA
47049;47076;18.091744475269394;47049;CERVILLEGO DE LA CRUZ;91;47076;Base LAGUNA DE DUERO;VALLADOLID
47051;47076;8.503083462887469;47051;CIGUÑUELA;358;47076;Base LAGUNA DE DUERO;VALLADOLID
47052;47076;6.206160373544322;47052;CISTÉRNIGA;9281;47076;Base LAGUNA DE DUERO;VALLADOLID
47054;47076;14.494898797668531;47054;COGECES DEL MONTE;644;47076;Base LAGUNA DE DUERO;VALLADOLID
47058;34120;16.838466760909988;47058;CUENCA DE CAMPOS;192;34120;Base PALENCIA;PALENCIA
47059;47076;19.22859968867764;47059;CURIEL DE DUERO;119;47076;Base LAGUNA DE DUERO;VALLADOLID
47060;34120;17.34616959117828;47060;ENCINAS DE ESGUEVA;218;34120;Base PALENCIA;PALENCIA
47062;34120;15.82974614890522;47062;FOMBELLIDA;175;34120;Base PALENCIA;PALENCIA
47064;34120;17.657365731253023;47064;FONTIHOYUELO;31;34120;Base PALENCIA;PALENCIA
47067;47076;18.289685310948073;47067;FUENTE EL SOL;153;47076;Base LAGUNA DE DUERO;VALLADOLID
47068;47076;15.408495765449857;47068;FUENTE-OLMEDO;42;47076;Base LAGUNA DE DUERO;VALLADOLID
47069;47076;13.556524745634999;47069;GALLEGOS DE HORNIJA;109;47076;Base LAGUNA DE DUERO;VALLADOLID
47071;47076;8.484701643825597;47071;GERIA;488;47076;Base LAGUNA DE DUERO;VALLADOLID
47073;34120;15.062274568007604;47073;HERRÍN DE CAMPOS;112;34120;Base PALENCIA;PALENCIA
47099;47076;12.784283332439934;47099;LA MUDARRA;169;47076;Base LAGUNA DE DUERO;VALLADOLID
47110;47076;9.472217217268673;47110;LA PARRILLA;480;47076;Base LAGUNA DE DUERO;VALLADOLID
47158;47076;11.640856826952088;47158;LA SECA;1013;47076;Base LAGUNA DE DUERO;VALLADOLID
47176;24089;21.768880549996005;47176;LA UNIÓN DE CAMPOS;202;24089;Base LEÓN;LEÓN
47077;47076;16.859892526025433;47077;LANGAYO;250;47076;Base LAGUNA DE DUERO;VALLADOLID
47083;47076;10.652990621054913;47083;MATILLA DE LOS CAÑOS;113;47076;Base LAGUNA DE DUERO;VALLADOLID
47089;24089;19.573360171605977;47089;MELGAR DE ARRIBA;162;24089;Base LEÓN;LEÓN
47091;24089;19.12850572586997;47091;MONASTERIO DE VEGA;79;24089;Base LEÓN;LEÓN
47096;47076;18.236914071569217;47096;MORALES DE CAMPOS;130;47076;Base LAGUNA DE DUERO;VALLADOLID
47097;47076;15.462572130978362;47097;MOTA DEL MARQUÉS;330;47076;Base LAGUNA DE DUERO;VALLADOLID
47100;47076;19.252963410782975;47100;MURIEL;111;47076;Base LAGUNA DE DUERO;VALLADOLID
47101;47076;16.2048451264314;47101;NAVA DEL REY;1925;47076;Base LAGUNA DE DUERO;VALLADOLID
47109;34120;18.977699015754595;47109;PALAZUELO DE VEDIJA;164;34120;Base PALENCIA;PALENCIA
47112;47076;12.966985555712151;47112;PEDRAJAS DE SAN ESTEBAN;3406;47076;Base LAGUNA DE DUERO;VALLADOLID
47114;47076;18.69305061604566;47114;PEÑAFIEL;5188;47076;Base LAGUNA DE DUERO;VALLADOLID
47119;34120;18.107170676773382;47119;PIÑEL DE ARRIBA;88;34120;Base PALENCIA;PALENCIA
47123;47076;13.487571293775053;47123;POZAL DE GALLINAS;538;47076;Base LAGUNA DE DUERO;VALLADOLID
47125;49261;18.895756867032066;47125;POZUELO DE LA ORDEN;50;49261;Base VILLARALBO;ZAMORA
47126;47076;17.26243600111524;47126;PURAS;45;47076;Base LAGUNA DE DUERO;VALLADOLID
47127;47076;16.517639083702317;47127;QUINTANILLA DE ARRIBA;155;47076;Base LAGUNA DE DUERO;VALLADOLID
47129;47076;13.193773699305199;47129;QUINTANILLA DE ONÉSIMO;992;47076;Base LAGUNA DE DUERO;VALLADOLID
47131;47076;20.046043807800874;47131;RÁBANO;176;47076;Base LAGUNA DE DUERO;VALLADOLID
47133;47076;8.051672177659038;47133;RENEDO DE ESGUEVA;3972;47076;Base LAGUNA DE DUERO;VALLADOLID
47138;47076;17.095756352850515;47138;RUBÍ DE BRACAMONTE;214;47076;Base LAGUNA DE DUERO;VALLADOLID
47142;47076;15.076648433564493;47142;SAN CEBRIÁN DE MAZOTE;103;47076;Base LAGUNA DE DUERO;VALLADOLID
47147;47076;17.884679620674085;47147;SAN PABLO DE LA MORALEJA;107;47076;Base LAGUNA DE DUERO;VALLADOLID
47149;47076;12.66963329345922;47149;SAN PELAYO;48;47076;Base LAGUNA DE DUERO;VALLADOLID
47151;47076;13.391726167754664;47151;SAN SALVADOR;23;47076;Base LAGUNA DE DUERO;VALLADOLID
47156;47076;16.446324716962874;47156;SAN VICENTE DEL PALACIO;160;47076;Base LAGUNA DE DUERO;VALLADOLID
47157;47076;11.587359975070736;47157;SARDÓN DE DUERO;607;47076;Base LAGUNA DE DUERO;VALLADOLID
47162;34120;16.08981341437058;47162;TAMARIZ DE CAMPOS;84;34120;Base PALENCIA;PALENCIA
47170;47076;19.44064841121309;47170;TORRE DE PEÑAFIEL;57;47076;Base LAGUNA DE DUERO;VALLADOLID
47171;47076;12.160722653478544;47171;TORRELOBATÓN;386;47076;Base LAGUNA DE DUERO;VALLADOLID
47172;47076;14.606237687015442;47172;TORRESCÁRCELA;164;47076;Base LAGUNA DE DUERO;VALLADOLID
47173;47076;10.58544916351228;47173;TRASPINEDO;1240;47076;Base LAGUNA DE DUERO;VALLADOLID
47178;47076;16.733502571178636;47178;URUEÑA;203;47076;Base LAGUNA DE DUERO;VALLADOLID
47186;47076;7.092966430976158;47186;VALLADOLID;300618;47076;Base LAGUNA DE DUERO;VALLADOLID
47189;47076;17.10689228212889;47189;VELASCÁLVARO;163;47076;Base LAGUNA DE DUERO;VALLADOLID
47191;47076;10.094113946842123;47191;VELLIZA;121;47076;Base LAGUNA DE DUERO;VALLADOLID
47195;47076;9.741919827327862;47195;VILLABÁÑEZ;507;47076;Base LAGUNA DE DUERO;VALLADOLID
47196;34120;15.381339342753504;47196;VILLABARUZ DE CAMPOS;32;34120;Base PALENCIA;PALENCIA
47203;34120;15.06564263440943;47203;VILLAFRADES DE CAMPOS;61;34120;Base PALENCIA;PALENCIA
47206;34120;14.58764481269751;47206;VILLAFUERTE;86;34120;Base PALENCIA;PALENCIA
47216;47076;9.545114660998982;47216;VILLÁN DE TORDESILLAS;122;47076;Base LAGUNA DE DUERO;VALLADOLID
47218;47076;8.916889926454617;47218;VILLANUEVA DE DUERO;1258;47076;Base LAGUNA DE DUERO;VALLADOLID
47225;47076;12.956870381583773;47225;VILLASEXMIR;67;47076;Base LAGUNA DE DUERO;VALLADOLID
47227;49261;16.03068182286586;47227;VILLAVELLID;53;49261;Base VILLARALBO;ZAMORA
47194;47076;13.775636924109419;47194;VILORIA;331;47076;Base LAGUNA DE DUERO;VALLADOLID
49004;24089;21.356802968499398;49004;ALCUBILLA DE NOGALES;108;24089;Base LEÓN;LEÓN
49008;49261;16.24918348928163;49008;ALMEIDA DE SAYAGO;422;49261;Base VILLARALBO;ZAMORA
49009;49261;10.07620442940495;49009;ANDAVÍAS;420;49261;Base VILLARALBO;ZAMORA
49010;49261;6.055127970168578;49010;ARCENILLAS;448;49261;Base VILLARALBO;ZAMORA
49011;49261;18.73100789831473;49011;ARCOS DE LA POLVOROSA;216;49261;Base VILLARALBO;ZAMORA
49018;24115;22.38920213017839;49018;AYOÓ DE VIDRIALES;274;24115;Base PONFERRADA;El Bierzo
49019;49261;18.41628828119395;49019;BARCIAL DEL BARCO;253;49261;Base VILLARALBO;ZAMORA
49028;49261;22.106801839005985;49028;BRIME DE URZ;99;49261;Base VILLARALBO;ZAMORA
49034;37274;14.09564773569424;49034;CAÑIZAL;421;37274;Base SALAMANCA;SALAMANCA
49039;49261;6.607820127018386;49039;CASASECA DE LAS CHANAS;373;49261;Base VILLARALBO;ZAMORA
49046;49261;18.167219928080605;49046;CERECINOS DE CAMPOS;234;49261;Base VILLARALBO;ZAMORA
49048;24115;21.464930174379674;49048;CERNADILLA;110;24115;Base PONFERRADA;El Bierzo
49055;49261;18.308970427722926;49055;COTANES DEL MONTE;82;49261;Base VILLARALBO;ZAMORA
49057;24115;21.135285610801226;49057;CUBO DE BENAVENTE;117;24115;Base PONFERRADA;El Bierzo
49058;49261;12.194094343858215;49058;EL CUBO DE TIERRA DEL VINO;298;49261;Base VILLARALBO;ZAMORA
49102;49261;11.470984827837832;49102;EL MADERAL;169;49261;Base VILLARALBO;ZAMORA
49158;49261;9.692854067613029;49158;EL PIÑERO;215;49261;Base VILLARALBO;ZAMORA
49067;49261;21.91486036955284;49067;FERRERAS DE ARRIBA;358;49261;Base VILLARALBO;ZAMORA
49071;49261;16.257143258887716;49071;FONFRÍA;763;49261;Base VILLARALBO;ZAMORA
49078;49261;18.249621147974487;49078;FRIERA DE VALVERDE;127;49261;Base VILLARALBO;ZAMORA
49079;24089;22.628292207583385;49079;FUENTE ENCALADA;89;24089;Base LEÓN;LEÓN
49081;37274;13.895988279609892;49081;FUENTESAÚCO;1606;37274;Base SALAMANCA;SALAMANCA
49085;24115;18.47569045751313;49085;GALENDE;1024;24115;Base PONFERRADA;El Bierzo
49091;49261;14.725217627734263;49091;GRANJA DE MORERUELA;250;49261;Base VILLARALBO;ZAMORA
49093;49261;13.23586332122227;49093;GUARRATE;314;49261;Base VILLARALBO;ZAMORA
49094;24115;23.736290211786542;49094;HERMISENDE;216;24115;Base PONFERRADA;El Bierzo
49097;24115;18.85961266008873;49097;JUSTEL;78;24115;Base PONFERRADA;El Bierzo
49101;49261;15.390529293496547;49101;LUELMO;149;49261;Base VILLARALBO;ZAMORA
49105;24089;20.56290301050994;49105;MAIRE DE CASTROPONCE;140;24089;Base LEÓN;LEÓN
49112;24115;20.697278970704527;49112;MANZANAL DE LOS INFANTES;135;24115;Base PONFERRADA;El Bierzo
49111;49261;12.396159259370496;49111;MANZANAL DEL BARCO;128;49261;Base VILLARALBO;ZAMORA
49118;49261;18.164327116135446;49118;MILLES DE LA POLVOROSA;199;49261;Base VILLARALBO;ZAMORA
49120;24115;21.868267190487433;49120;MOLEZUELAS DE LA CARBALLEDA;46;24115;Base PONFERRADA;El Bierzo
49121;24115;21.993258287359243;49121;MOMBUEY;386;24115;Base PONFERRADA;El Bierzo
49123;49261;10.511404761861526;49123;MONTAMARTA;543;49261;Base VILLARALBO;ZAMORA
49126;37274;15.146966768102866;49126;MORALEJA DE SAYAGO;299;37274;Base SALAMANCA;SALAMANCA
49128;24089;21.870869933163398;49128;MORALES DE REY;517;24089;Base LEÓN;LEÓN
49130;49261;19.37787016352344;49130;MORALES DE VALVERDE;150;49261;Base VILLARALBO;ZAMORA
49132;49261;9.28462245441455;49132;MORERUELA DE LOS INFANZONES;324;49261;Base VILLARALBO;ZAMORA
49135;49261;11.548740432521557;49135;MUELAS DEL PAN;616;49261;Base VILLARALBO;ZAMORA
49139;49261;22.162491709021655;49139;OTERO DE BODAS;166;49261;Base VILLARALBO;ZAMORA
49142;49261;10.556517643528604;49142;PALACIOS DEL PAN;240;49261;Base VILLARALBO;ZAMORA
49145;24115;21.02097886926583;49145;PEDRALBA DE LA PRADERÍA;195;24115;Base PONFERRADA;El Bierzo
49152;49261;9.99372345923241;49152;PERERUELA;496;49261;Base VILLARALBO;ZAMORA
49155;49261;10.810022129501432;49155;PIEDRAHÍTA DE CASTRO;106;49261;Base VILLARALBO;ZAMORA
49162;24115;18.352879884272724;49162;PORTO;156;24115;Base PONFERRADA;El Bierzo
49163;49261;11.453658867956932;49163;POZOANTIGUO;190;49261;Base VILLARALBO;ZAMORA
49164;49261;15.140808070309676;49164;POZUELO DE TÁBARA;145;49261;Base VILLARALBO;ZAMORA
49165;49261;19.316677466969264;49165;PRADO;53;49261;Base VILLARALBO;ZAMORA
49166;24115;19.965618619112064;49166;PUEBLA DE SANABRIA;1366;24115;Base PONFERRADA;El Bierzo
49171;49261;21.27721749184677;49171;QUIRUELAS DE VIDRIALES;635;49261;Base VILLARALBO;ZAMORA
49175;49261;17.37398899737446;49175;REVELLINOS;229;49261;Base VILLARALBO;ZAMORA
49176;49261;19.959685605061928;49176;RIOFRÍO DE ALISTE;599;49261;Base VILLARALBO;ZAMORA
49179;24115;19.073955356064474;49179;ROBLEDA-CERVANTES;400;24115;Base PONFERRADA;El Bierzo
49180;49261;18.29113253756624;49180;ROELOS DE SAYAGO;138;49261;Base VILLARALBO;ZAMORA
49190;49261;15.877893011383462;49190;SAN MARTÍN DE VALDERADUEY;45;49261;Base VILLARALBO;ZAMORA
49191;49261;10.392735531724357;49191;SAN MIGUEL DE LA RIBERA;252;49261;Base VILLARALBO;ZAMORA
49192;49261;21.841541110597873;49192;SAN MIGUEL DEL VALLE;119;49261;Base VILLARALBO;ZAMORA
49194;49261;11.21087098007157;49194;SAN PEDRO DE LA NAVE-ALMENDRA;322;49261;Base VILLARALBO;ZAMORA
49200;49261;20.4658518009124;49200;SANTA CRISTINA DE LA POLVOROSA;1027;49261;Base VILLARALBO;ZAMORA
49206;24089;23.70155895962226;49206;SANTIBÁÑEZ DE VIDRIALES;844;24089;Base LEÓN;LEÓN
49216;49261;16.87487146964196;49216;TAPIOLES;124;49261;Base VILLARALBO;ZAMORA
49221;49261;16.30803605105408;49221;TORREGAMONES;226;49261;Base VILLARALBO;ZAMORA
49223;49261;24.925954927041943;49223;TRABAZOS;838;49261;Base VILLARALBO;ZAMORA
49226;49261;14.819513526015887;49226;VADILLO DE LA GUAREÑA;243;49261;Base VILLARALBO;ZAMORA
49229;49261;21.567909320373488;49229;VALDESCORRIEL;131;49261;Base VILLARALBO;ZAMORA
49230;37274;14.265284897103795;49230;VALLESA DE LA GUAREÑA;68;37274;Base SALAMANCA;SALAMANCA
49233;49261;16.542404047712164;49233;VEGALATRAVE;79;49261;Base VILLARALBO;ZAMORA
49234;49261;9.500494239715996;49234;VENIALBO;431;49261;Base VILLARALBO;ZAMORA
49249;49261;14.301357912958503;49249;VILLALONSO;79;49261;Base VILLARALBO;ZAMORA
49251;49261;9.75977481500145;49251;VILLALUBE;147;49261;Base VILLARALBO;ZAMORA
49259;49261;20.07757336824136;49259;VILLANUEVA DE LAS PERAS;89;49261;Base VILLARALBO;ZAMORA
49260;49261;21.234446795842842;49260;VILLANUEVA DEL CAMPO;761;49261;Base VILLARALBO;ZAMORA
49269;49261;11.439579090993728;49269;VILLASECO DEL PAN;207;49261;Base VILLARALBO;ZAMORA
49272;49261;19.254954656267103;49272;VILLAVEZA DE VALVERDE;72;49261;Base VILLARALBO;ZAMORA
49273;49261;24.76436873649825;49273;VIÑAS;160;49261;Base VILLARALBO;ZAMORA
