municipio_id,municipio,poblacion,lat_muni,lon_muni,centro_id,helipuerto_nombre,lat_heli,lon_heli,tiempo_min,distancia_km
5007,ALDEANUEVA DE SANTA CRUZ,102,40.38196,-5.419593,SA_CHUSAL,Salamanca,40.964,-5.6731,18.58898789081333,68.15962226631554
5008,ALDEASECA,203,41.049202,-4.817519,AV_SONSESOLES,Ávila,40.6659,-4.6667,12.127787948261346,44.468555810291605
5016,ARÉVALO,7830,41.065505,-4.718925,AV_SONSESOLES,Ávila,40.6659,-4.6667,12.177420454104125,44.65054166504846
5034,BLASCONUÑO DE MATACABRAS,14,41.123872,-4.989882,AV_SONSESOLES,Ávila,40.6659,-4.6667,15.740811450557636,57.71630865204466
5035,BLASCOSANCHO,100,40.878249,-4.637347,AV_SONSESOLES,Ávila,40.6659,-4.6667,6.4748609096098475,23.74115666856944
5037,BOHOYO,214,40.316655,-5.442655,SA_CHUSAL,Salamanca,40.964,-5.6731,20.334908259917118,74.56133028636276
5042,CABEZAS DE ALAMBRE,153,40.943158,-4.840579,AV_SONSESOLES,Ávila,40.6659,-4.6667,9.307370730798514,34.127026012927885
5048,CANTIVEROS,99,40.951929,-4.956185,AV_SONSESOLES,Ávila,40.6659,-4.6667,10.926628654442975,40.064305066290906
5056,CASTELLANOS DE ZAPARDIEL,113,41.084718,-4.908902,AV_SONSESOLES,Ávila,40.6659,-4.6667,13.862194792515291,50.828047572556066
5059,CILLÁN,79,40.704366,-4.977995,AV_SONSESOLES,Ávila,40.6659,-4.6667,7.253027569610704,26.594434421905916
5060,CISLA,102,40.965295,-5.013227,AV_SONSESOLES,Ávila,40.6659,-4.6667,12.070153627248859,44.257229966579146
5063,COLLADO DEL MIRÓN,20,40.55449,-5.353557,SA_CHUSAL,Salamanca,40.964,-5.6731,14.425735088892601,52.89436199260621
5070,DONVIDAS,36,41.08864,-4.804724,AV_SONSESOLES,Ávila,40.6659,-4.6667,13.204838007934288,48.41773936242572
5022,EL BARRACO,2027,40.476079,-4.641142,AV_SONSESOLES,Ávila,40.6659,-4.6667,5.78651892467511,21.21723605714207
5036,EL BOHODÓN,110,40.916264,-4.729838,AV_SONSESOLES,Ávila,40.6659,-4.6667,7.729658734424816,28.342082026224325
5175,EL OSO,129,40.842842,-4.77127,AV_SONSESOLES,Ávila,40.6659,-4.6667,5.879095101496544,21.55668203882066
5241,EL TIEMBLO,4526,40.415683,-4.500749,AV_SONSESOLES,Ávila,40.6659,-4.6667,8.497368401740594,31.157017473048843
5072,ESPINOSA DE LOS CABALLEROS,97,41.009119,-4.650974,AV_SONSESOLES,Ávila,40.6659,-4.6667,10.41467318339537,38.18713500578302
5073,FLORES DE ÁVILA,270,40.934203,-5.078097,AV_SONSESOLES,Ávila,40.6659,-4.6667,12.46580103442752,45.70793712623424
5077,FUENTE EL SAÚZ,151,40.977514,-4.909221,AV_SONSESOLES,Ávila,40.6659,-4.6667,10.967126600949973,40.212797536816566
5080,GALLEGOS DE SOBRINOS,45,40.717329,-5.112086,AV_SONSESOLES,Ávila,40.6659,-4.6667,10.359267245329022,37.98397989953975
5081,GARGANTA DEL VILLAR,39,40.449708,-5.105238,AV_SONSESOLES,Ávila,40.6659,-4.6667,12.044641771946482,44.1636864971371
5082,GAVILANES,529,40.276857,-4.85384,AV_SONSESOLES,Ávila,40.6659,-4.6667,12.563172335353435,46.064965229629266
5083,GEMUÑO,142,40.592925,-4.782303,AV_SONSESOLES,Ávila,40.6659,-4.6667,3.4607205586267344,12.689308714964694
5084,GILBUENA,48,40.414288,-5.608838,SA_CHUSAL,Salamanca,40.964,-5.6731,16.735867746466756,61.36484840371145
5092,HERNANSANCHO,142,40.857489,-4.730337,AV_SONSESOLES,Ávila,40.6659,-4.6667,5.991158862685607,21.96758249651389
5093,HERRADÓN DE PINARES,495,40.565312,-4.56023,AV_SONSESOLES,Ávila,40.6659,-4.6667,3.913089402659859,14.347994476419483
5095,HIGUERA DE LAS DUEÑAS,270,40.237883,-4.601122,AV_SONSESOLES,Ávila,40.6659,-4.6667,13.067914004455767,47.91568468300448
5106,HOYOS DE MIGUEL MUÑOZ,27,40.393433,-5.066902,AV_SONSESOLES,Ávila,40.6659,-4.6667,12.384101652245139,45.40837272489885
5104,HOYOS DEL COLLADO,30,40.358702,-5.199375,AV_SONSESOLES,Ávila,40.6659,-4.6667,15.414789410134045,56.52089450382483
5105,HOYOS DEL ESPINO,344,40.362041,-5.179052,AV_SONSESOLES,Ávila,40.6659,-4.6667,14.981424338776437,54.93188924218027
5051,LA CARRERA,160,40.347336,-5.555148,SA_CHUSAL,Salamanca,40.964,-5.6731,18.89673864521494,69.28804169912144
5110,LANZAHÍTA,788,40.203679,-4.936954,AV_SONSESOLES,Ávila,40.6659,-4.6667,15.34265105472157,56.256387200645754
5027,LAS BERLANAS,323,40.803561,-4.761169,AV_SONSESOLES,Ávila,40.6659,-4.6667,4.705366863604806,17.253011833217624
5168,LAS NAVAS DEL MARQUÉS,5590,40.603046,-4.326009,AV_SONSESOLES,Ávila,40.6659,-4.6667,8.068922965526482,29.586050873597102
5113,LOS LLANOS DE TORMES,103,40.328312,-5.498676,SA_CHUSAL,Salamanca,40.964,-5.6731,19.69113697088349,72.20083555990614
5114,MADRIGAL DE LAS ALTAS TORRES,1299,41.089759,-4.99833,AV_SONSESOLES,Ávila,40.6659,-4.6667,14.934687479754169,54.76052075909862
5115,MAELLO,700,40.811033,-4.509819,AV_SONSESOLES,Ávila,40.6659,-4.6667,5.689091525594405,20.860002260512818
5117,MAMBLAS,196,41.019192,-5.009849,AV_SONSESOLES,Ávila,40.6659,-4.6667,13.295206505421394,48.74909051987844
5120,MARLÍN,31,40.712762,-4.829378,AV_SONSESOLES,Ávila,40.6659,-4.6667,4.001597263187502,14.672523298354173
5123,MEDIANA DE VOLTOYA,117,40.70062,-4.5626,AV_SONSESOLES,Ávila,40.6659,-4.6667,2.615290247216416,9.589397573126858
5125,MENGAMUÑOZ,54,40.500807,-4.999097,AV_SONSESOLES,Ávila,40.6659,-4.6667,9.147296491718057,33.54008713629954
5132,MOMBELTRÁN,916,40.260166,-5.017888,AV_SONSESOLES,Ávila,40.6659,-4.6667,14.732605748093428,54.019554409675905
5134,MORALEJA DE MATACABRAS,53,41.107301,-4.957097,AV_SONSESOLES,Ávila,40.6659,-4.6667,14.950162944155945,54.8172641285718
5145,NARRILLOS DEL REBOLLAR,34,40.66492,-4.965875,AV_SONSESOLES,Ávila,40.6659,-4.6667,6.881993019117516,25.233974403430892
5149,NARROS DE SALDUEÑA,106,40.874873,-4.869506,AV_SONSESOLES,Ávila,40.6659,-4.6667,7.864877857552045,28.837885477690836
5153,NAVA DEL BARCO,83,40.293301,-5.541534,SA_CHUSAL,Salamanca,40.964,-5.6731,20.563705562813862,75.40025373031749
5151,NAVACEPEDILLA DE CORNEJA,100,40.485839,-5.18435,AV_SONSESOLES,Ávila,40.6659,-4.6667,13.11434473401006,48.08593069137022
5156,NAVAHONDILLA,353,40.325282,-4.493649,AV_SONSESOLES,Ávila,40.6659,-4.6667,11.073659333710568,40.60341755693875
5159,NAVALONGUILLA,185,40.277609,-5.49816,SA_CHUSAL,Salamanca,40.964,-5.6731,21.201330547194292,77.73821200637907
5165,NAVARREDONDA DE GREDOS,446,40.362113,-5.136119,AV_SONSESOLES,Ávila,40.6659,-4.6667,14.212611445822054,52.11290863468086
5166,NAVARREDONDILLA,158,40.453563,-4.821246,AV_SONSESOLES,Ávila,40.6659,-4.6667,7.3581856494992355,26.980014048163863
5170,NAVATEJARES,50,40.335782,-5.530851,SA_CHUSAL,Salamanca,40.964,-5.6731,19.33035232773089,70.87795853501326
5173,OJOS-ALBOS,96,40.706461,-4.516428,AV_SONSESOLES,Ávila,40.6659,-4.6667,3.668027690406926,13.449434864825394
5178,PALACIOS DE GODA,397,41.117852,-4.784989,AV_SONSESOLES,Ávila,40.6659,-4.6667,13.971530216255877,51.22894412627155
5179,PAPATRIGO,219,40.870151,-4.831484,AV_SONSESOLES,Ávila,40.6659,-4.6667,7.258831971441041,26.615717228617154
5183,PEDRO-RODRÍGUEZ,134,40.936524,-4.785315,AV_SONSESOLES,Ávila,40.6659,-4.6667,8.646837046450335,31.705069170317895
5185,PEÑALBA DE ÁVILA,105,40.771991,-4.747349,AV_SONSESOLES,Ávila,40.6659,-4.6667,3.713108721874234,13.614731980205525
5187,PIEDRALAVES,2150,40.317684,-4.6983,AV_SONSESOLES,Ávila,40.6659,-4.6667,10.585077837287642,38.81195207005469
5189,POYALES DEL HOYO,487,40.172433,-5.165447,AV_SONSESOLES,Ávila,40.6659,-4.6667,18.882188185561727,69.23469001372632
5193,RASUEROS,160,41.023092,-5.074918,SA_CHUSAL,Salamanca,40.964,-5.6731,13.808818015190216,50.632332722364126
5197,SALOBRAL,102,40.611407,-4.810891,AV_SONSESOLES,Ávila,40.6659,-4.6667,3.706899136598128,13.591963500859801
5198,SALVADIÓS,71,40.876831,-5.096168,AV_SONSESOLES,Ávila,40.6659,-4.6667,11.755960371705086,43.10518802958532
5199,SAN BARTOLOMÉ DE BÉJAR,49,40.408286,-5.662693,SA_CHUSAL,Salamanca,40.964,-5.6731,16.854220244546894,61.79880756333862
5210,SAN JUAN DE LA ENCINILLA,70,40.828819,-4.839691,AV_SONSESOLES,Ávila,40.6659,-4.6667,6.340832924886482,23.249720724583767
5211,SAN JUAN DE LA NAVA,426,40.478247,-4.683971,AV_SONSESOLES,Ávila,40.6659,-4.6667,5.704633632649977,20.91698998638325
5219,SAN PASCUAL,45,40.882395,-4.756622,AV_SONSESOLES,Ávila,40.6659,-4.6667,6.8825251772566,25.235925649940867
5231,SAN VICENTE DE ARÉVALO,165,40.967983,-4.800637,AV_SONSESOLES,Ávila,40.6659,-4.6667,9.662909151620319,35.430666889274505
5221,SANTA CRUZ DEL VALLE,304,40.250843,-5.003373,AV_SONSESOLES,Ávila,40.6659,-4.6667,14.79122750015057,54.23450083388543
5233,SERRANILLOS,252,40.337343,-4.911176,AV_SONSESOLES,Ávila,40.6659,-4.6667,11.448048940951972,41.97617945015723
5234,SIGERES,41,40.799321,-4.932627,AV_SONSESOLES,Ávila,40.6659,-4.6667,7.3290349609393735,26.873128190111036
5235,SINLABAJOS,135,41.077176,-4.831955,AV_SONSESOLES,Ávila,40.6659,-4.6667,13.035311073877814,47.79614060421865
5238,SOLOSANCHO,758,40.554221,-4.906181,AV_SONSESOLES,Ávila,40.6659,-4.6667,6.470490529885858,23.725131942914814
5245,TORNADIZOS DE ÁVILA,465,40.626366,-4.614274,AV_SONSESOLES,Ávila,40.6659,-4.6667,1.700747696738358,6.236074888040645
5251,VADILLO DE LA SIERRA,51,40.606284,-5.126526,AV_SONSESOLES,Ávila,40.6659,-4.6667,10.735354151303508,39.362965221446196
5253,VEGA DE SANTA MARÍA,86,40.836272,-4.634191,AV_SONSESOLES,Ávila,40.6659,-4.6667,5.220381359410649,19.141398317839048
5259,VILLANUEVA DEL ACERAL,92,41.041601,-4.853025,AV_SONSESOLES,Ávila,40.6659,-4.6667,12.168697645484212,44.618558033442106
5260,VILLANUEVA DEL CAMPILLO,101,40.578337,-5.179902,AV_SONSESOLES,Ávila,40.6659,-4.6667,12.107621708942965,44.39461293279087
5263,VILLATORO,161,40.555342,-5.110942,AV_SONSESOLES,Ávila,40.6659,-4.6667,10.76282811728666,39.46370309671775
5264,VIÑEGRA DE MORAÑA,48,40.851549,-4.920169,AV_SONSESOLES,Ávila,40.6659,-4.6667,8.099177724769538,29.69698499082164
9001,ABAJAS,28,42.623249,-3.581763,BU_HUBU,Burgos,42.3619,-3.684,8.248770576605397,30.24549211421979
9003,ADRADA DE HAZA,205,41.594223,-3.823097,VA_RHORT,Valladolid,41.6288,-4.7115,20.170474956824446,73.95840817502297
9006,AGUAS CÁNDIDAS,59,42.717274,-3.504476,BU_HUBU,Burgos,42.3619,-3.684,11.49935921010119,42.16431710370436
9011,ALFOZ DE BRICIA,68,42.906017,-3.847067,BU_HUBU,Burgos,42.3619,-3.684,16.897131811135505,61.95614997416351
9019,ARANDILLA,155,41.737684,-3.430006,BU_HUBU,Burgos,42.3619,-3.684,19.775103068054282,72.50871124953237
9020,ARAUZO DE MIEL,274,41.85988,-3.38775,BU_HUBU,Burgos,42.3619,-3.684,16.61911172921045,60.93674300710497
9026,ARLANZÓN,424,42.32029,-3.458652,BU_HUBU,Burgos,42.3619,-3.684,5.20647557085799,19.0904104264793
9038,BARBADILLO DEL MERCADO,134,42.039213,-3.358933,BU_HUBU,Burgos,42.3619,-3.684,12.21027689152581,44.77101526892797
9041,BARRIO DE MUÑÓ,32,42.174503,-4.008068,BU_HUBU,Burgos,42.3619,-3.684,9.229592358581083,33.84183864813063
9047,BELBIMBRE,54,42.168607,-4.012817,BU_HUBU,Burgos,42.3619,-3.684,9.424231660172149,34.555516087297875
9051,BERLANGAS DE ROA,203,41.689249,-3.872793,PA_CAUPA,Palencia,42.0006,-4.5397,17.780406732711214,65.19482468660779
9052,BERZOSA DE BUREBA,26,42.627,-3.266343,BU_HUBU,Burgos,42.3619,-3.684,12.322702156854275,45.18324124179901
9057,BUGEDO,189,42.649938,-3.017774,BU_HUBU,Burgos,42.3619,-3.684,17.266807866312423,63.311628843145556
9059,BURGOS,175895,42.34113,-3.704198,BU_HUBU,Burgos,42.3619,-3.684,0.7756574406977398,2.8440772825583793
9065,CAMPILLO DE ARANDA,171,41.610745,-3.731552,PA_CAUPA,Palencia,42.0006,-4.5397,21.760113089694094,79.78708132887834
9067,CANICOSA DE LA SIERRA,424,41.937898,-3.04051,SO_HSANTA,Soria,41.7715,-2.4715,13.807822992624732,50.62868430629069
9068,CANTABRANA,23,42.73364,-3.467654,BU_HUBU,Burgos,42.3619,-3.684,12.26583454224776,44.97472665490845
9071,CARCEDO DE BUREBA,37,42.576981,-3.498959,BU_HUBU,Burgos,42.3619,-3.684,7.725078680380559,28.325288494728717
9073,CARDEÑADIJO,1430,42.301727,-3.666756,BU_HUBU,Burgos,42.3619,-3.684,1.8652998263681777,6.8394326966833185
9074,CARDEÑAJIMENO,1169,42.330584,-3.619723,BU_HUBU,Burgos,42.3619,-3.684,1.7255254460990344,6.326926635696459
9077,CASCAJARES DE BUREBA,27,42.677838,-3.237474,BU_HUBU,Burgos,42.3619,-3.684,13.834996642761899,50.728321023460296
9085,CASTRILLO DE LA VEGA,621,41.65074,-3.779261,PA_CAUPA,Palencia,42.0006,-4.5397,20.195817596797994,74.05133118825931
9086,CASTRILLO DEL VAL,823,42.31343,-3.584971,BU_HUBU,Burgos,42.3619,-3.684,2.6624231015667266,9.762218039077998
9091,CASTROJERIZ,778,42.289864,-4.143335,BU_HUBU,Burgos,42.3619,-3.684,10.52776576028123,38.60180778769785
9063,CAVIA,248,42.282547,-3.844237,BU_HUBU,Burgos,42.3619,-3.684,4.324292844749419,15.855740430747868
9094,CEBRECOS,58,41.984871,-3.596263,BU_HUBU,Burgos,42.3619,-3.684,11.602530149365345,42.542610547672936
9100,CERRATÓN DE JUARROS,45,42.422384,-3.373869,BU_HUBU,Burgos,42.3619,-3.684,7.184136623013125,26.34183428438146
9102,CILLAPERLATA,30,42.780866,-3.357062,BU_HUBU,Burgos,42.3619,-3.684,14.654059785052112,53.73155254519108
9105,CIRUELOS DE CERVERA,99,41.906957,-3.52891,BU_HUBU,Burgos,42.3619,-3.684,14.230576936418739,52.17878210020204
9112,CORUÑA DEL CONDE,100,41.765435,-3.392005,BU_HUBU,Burgos,42.3619,-3.684,19.24586623017613,70.56817617731248
9114,CUBILLO DEL CAMPO,101,42.170096,-3.610891,BU_HUBU,Burgos,42.3619,-3.684,6.043599432137668,22.159864584504785
9123,ESPINOSA DEL CAMINO,42,42.407118,-3.278989,BU_HUBU,Burgos,42.3619,-3.684,9.175223476352636,33.64248607995967
9127,FONTIOSO,54,41.943435,-3.738642,BU_HUBU,Burgos,42.3619,-3.684,12.74964499131359,46.74869830148317
9133,FRESNO DE RODILLA,49,42.418823,-3.483545,BU_HUBU,Burgos,42.3619,-3.684,4.81016355016524,17.63726635060588
9136,FUENTECÉN,237,41.628247,-3.87023,PA_CAUPA,Palencia,42.0006,-4.5397,18.880272794393925,69.22766691277774
9140,FUENTENEBRO,136,41.528413,-3.753817,SG_HGSEG,Segovia,40.9426,-4.1285,19.713354824549757,72.2823010233491
9155,HAZA,34,41.621037,-3.830592,PA_CAUPA,Palencia,42.0006,-4.5397,19.733066256688264,72.35457627452364
9172,HUÉRMECES,153,42.522613,-3.771976,BU_HUBU,Burgos,42.3619,-3.684,5.2564135224401065,19.273516248947058
9175,HUMADA,116,42.668685,-4.083744,BU_HUBU,Burgos,42.3619,-3.684,12.899551963150099,47.29835719821703
9176,HURONES,53,42.406304,-3.61354,BU_HUBU,Burgos,42.3619,-3.684,2.074692017341851,7.607204063586786
9178,IBRILLOS,29,42.454031,-3.083395,BU_HUBU,Burgos,42.3619,-3.684,13.735558122508396,50.363713115864115
9181,ISAR,284,42.361594,-3.929085,BU_HUBU,Burgos,42.3619,-3.684,5.491861361762492,20.13682499312914
9184,JARAMILLO QUEMADO,10,42.084241,-3.360395,BU_HUBU,Burgos,42.3619,-3.684,11.122684629652769,40.78317697539349
9191,JURISDICCIÓN DE LARA,41,42.123126,-3.444394,BU_HUBU,Burgos,42.3619,-3.684,9.020467754261768,33.07504843229315
9192,JURISDICCIÓN DE SAN ZADORNIL,66,42.841597,-3.156766,BU_HUBU,Burgos,42.3619,-3.684,18.711717633118212,68.60963132143344
9117,LA CUEVA DE ROA,89,41.666377,-3.941951,PA_CAUPA,Palencia,42.0006,-4.5397,16.886396760886317,61.91678812324983
9166,LAS HORMAZAS,99,42.525501,-3.929074,BU_HUBU,Burgos,42.3619,-3.684,7.395535504403005,27.116963516144352
9034,LOS BALBASES,302,42.214528,-4.06383,BU_HUBU,Burgos,42.3619,-3.684,9.62204310832115,35.280824730510886
9197,MADRIGALEJO DEL MONTE,176,42.125296,-3.726002,BU_HUBU,Burgos,42.3619,-3.684,7.2369207784802825,26.535376187761035
9201,MAMOLAR,28,41.926617,-3.36192,BU_HUBU,Burgos,42.3619,-3.684,15.056425977663853,55.206895251434126
9209,MEDINA DE POMAR,5997,42.928523,-3.487503,BU_HUBU,Burgos,42.3619,-3.684,17.733558056164895,65.02304620593794
9215,MERINDAD DE SOTOSCUEVA,412,43.028253,-3.626808,BU_HUBU,Burgos,42.3619,-3.684,20.247911781207797,74.24234319776193
9216,MERINDAD DE VALDEPORRES,421,43.010256,-3.743813,BU_HUBU,Burgos,42.3619,-3.684,19.707128068095066,72.25946958301525
9221,MODÚBAR DE LA EMPAREDADA,769,42.257843,-3.659977,BU_HUBU,Burgos,42.3619,-3.684,3.20128039826234,11.738028126961915
9224,MONASTERIO DE RODILLA,169,42.455805,-3.46752,BU_HUBU,Burgos,42.3619,-3.684,5.621865588879166,20.61350715922361
9228,MORADILLO DE ROA,170,41.552478,-3.791749,SG_HGSEG,Segovia,40.9426,-4.1285,20.025547780378616,73.42700852805493
9231,NEBREDA,55,41.968922,-3.634746,BU_HUBU,Burgos,42.3619,-3.684,11.968721838302084,43.88531340710764
9232,NEILA,119,42.060263,-2.996471,SO_HSANTA,Soria,41.7715,-2.4715,14.731823632523385,54.01668665258575
9235,OLMEDILLO DE ROA,179,41.783569,-3.933638,PA_CAUPA,Palencia,42.0006,-4.5397,15.182385608561669,55.66874723139278
9238,OÑA,951,42.734305,-3.411769,BU_HUBU,Burgos,42.3619,-3.684,12.827075561833771,47.03261039339049
9243,PADILLA DE ARRIBA,92,42.437948,-4.193441,BU_HUBU,Burgos,42.3619,-3.684,11.639341459260402,42.67758535062148
9244,PADRONES DE BUREBA,60,42.70499,-3.532461,BU_HUBU,Burgos,42.3619,-3.684,10.94172276741059,40.119650147172166
9246,PALACIOS DE LA SIERRA,675,41.96382,-3.127111,SO_HSANTA,Soria,41.7715,-2.4715,15.913135244531624,58.34816256328262
9248,PALAZUELOS DE LA SIERRA,93,42.21313,-3.459561,BU_HUBU,Burgos,42.3619,-3.684,6.7607048952502495,24.78925128258425
9250,PAMPLIEGA,291,42.206199,-3.987979,BU_HUBU,Burgos,42.3619,-3.684,8.294993878086729,30.414977552984666
9251,PANCORBO,437,42.635028,-3.109856,BU_HUBU,Burgos,42.3619,-3.684,15.277494385641608,56.017479414019235
9255,PARTIDO DE LA SIERRA EN TOBALINA,81,42.73341,-3.254787,BU_HUBU,Burgos,42.3619,-3.684,14.794731621569774,54.24734927908917
9258,PEDROSA DEL PRÍNCIPE,163,42.247876,-4.198337,PA_CAUPA,Palencia,42.0006,-4.5397,10.732463435953608,39.352365931829894
9262,PERAL DE ARLANZA,170,42.075937,-4.076622,PA_CAUPA,Palencia,42.0006,-4.5397,10.677171765967204,39.149629808546415
9265,PIÉRNIGAS,39,42.590209,-3.41326,BU_HUBU,Burgos,42.3619,-3.684,9.198279334042734,33.72702422482336
9267,PINEDA TRASMONTE,98,41.90976,-3.69633,BU_HUBU,Burgos,42.3619,-3.684,13.714350813021088,50.28595298107732
9269,PINILLA DE LOS MOROS,33,42.068124,-3.328876,BU_HUBU,Burgos,42.3619,-3.684,11.957809668113335,43.84530211641556
9287,QUINTANAORTUÑO,284,42.44962,-3.681175,BU_HUBU,Burgos,42.3619,-3.684,2.660939009637829,9.756776368672039
9288,QUINTANAPALLA,120,42.408823,-3.534863,BU_HUBU,Burgos,42.3619,-3.684,3.631043930932879,13.313827746753889
9294,QUINTANILLA DE LA MATA,108,41.988344,-3.768689,BU_HUBU,Burgos,42.3619,-3.684,11.487196698511536,42.11972122787563
9901,QUINTANILLA DEL AGUA Y TORDUELES,335,42.033419,-3.65247,BU_HUBU,Burgos,42.3619,-3.684,9.986632463794145,36.6176523672452
9295,QUINTANILLA DEL COCO,50,41.978721,-3.515754,BU_HUBU,Burgos,42.3619,-3.684,12.220054791649368,44.80686756938101
9298,QUINTANILLA SAN GARCÍA,68,42.548055,-3.194684,BU_HUBU,Burgos,42.3619,-3.684,12.31803360388168,45.166123214232826
9301,QUINTANILLA VIVAR,885,42.412061,-3.684864,BU_HUBU,Burgos,42.3619,-3.684,1.5213000217573416,5.5781000797769185
9306,REBOLLEDO DE LA TORRE,92,42.689305,-4.226927,BU_HUBU,Burgos,42.3619,-3.684,15.678544238203612,57.48799554007991
9307,REDECILLA DEL CAMINO,93,42.438282,-3.065136,BU_HUBU,Burgos,42.3619,-3.684,14.051221936962435,51.52114710219559
9310,REINOSO,18,42.508835,-3.384181,BU_HUBU,Burgos,42.3619,-3.684,8.055149221281251,29.53554714469792
9314,REVILLA DEL CAMPO,94,42.211673,-3.536178,BU_HUBU,Burgos,42.3619,-3.684,5.634988409033012,20.661624166454377
9316,REVILLA VALLEJERA,115,42.146759,-4.134099,PA_CAUPA,Palencia,42.0006,-4.5397,10.149249988499193,37.21391662449704
9315,REVILLARRUZ,634,42.231556,-3.653293,BU_HUBU,Burgos,42.3619,-3.684,4.012361460219737,14.711992020805704
9317,REZMONDO,17,42.515598,-4.238133,BU_HUBU,Burgos,42.3619,-3.684,13.248699291063609,48.57856406723323
9326,RUBENA,217,42.388387,-3.574331,BU_HUBU,Burgos,42.3619,-3.684,2.5849032304250392,9.477978511558478
9328,RUCANDIO,72,42.750873,-3.542017,BU_HUBU,Burgos,42.3619,-3.684,12.214903666425842,44.78798011022809
9329,SALAS DE BUREBA,129,42.69219,-3.473753,BU_HUBU,Burgos,42.3619,-3.684,11.063699767592928,40.566899147840736
9332,SALDAÑA DE BURGOS,201,42.2575,-3.683263,BU_HUBU,Burgos,42.3619,-3.684,3.1660659635408117,11.608908532982976
9334,SALINILLAS DE BUREBA,48,42.552895,-3.388483,BU_HUBU,Burgos,42.3619,-3.684,8.790030384269535,32.23011140898829
9335,SAN ADRIÁN DE JUARROS,86,42.273855,-3.47607,BU_HUBU,Burgos,42.3619,-3.684,5.372930020860853,19.700743409823126
9339,SAN MARTÍN DE RUBIALES,139,41.642611,-3.993141,VA_RHORT,Valladolid,41.6288,-4.7115,16.287010592561376,59.71903883939171
9347,SANTA GADEA DEL CID,161,42.715135,-3.058201,BU_HUBU,Burgos,42.3619,-3.684,17.61481793816915,64.58766577328689
9352,SANTA MARÍA DEL MERCADILLO,108,41.860028,-3.559958,BU_HUBU,Burgos,42.3619,-3.684,15.473427716638176,56.73590162767331
9354,SANTA OLALLA DE BUREBA,38,42.471741,-3.438989,BU_HUBU,Burgos,42.3619,-3.684,6.4175618874092715,23.531060253833996
9355,SANTIBÁÑEZ DE ESGUEVA,77,41.834394,-3.758538,BU_HUBU,Burgos,42.3619,-3.684,16.08477183418673,58.97749672535134
9356,SANTIBÁÑEZ DEL VAL,70,41.973287,-3.48107,BU_HUBU,Burgos,42.3619,-3.684,12.636928801458897,46.335405605349294
9358,SANTO DOMINGO DE SILOS,247,41.962906,-3.417637,BU_HUBU,Burgos,42.3619,-3.684,13.500243418853886,49.50089253579758
9388,TORRELARA,32,42.166056,-3.516423,BU_HUBU,Burgos,42.3619,-3.684,7.029773556678887,25.775836374489252
9394,TRESPADERNE,713,42.801694,-3.390812,BU_HUBU,Burgos,42.3619,-3.684,14.857245836664303,54.47656806776911
9395,TUBILLA DEL AGUA,128,42.708913,-3.802365,BU_HUBU,Burgos,42.3619,-3.684,10.850778904531719,39.7861893166163
9908,VALLE DE LOSA,496,42.992749,-3.244623,BU_HUBU,Burgos,42.3619,-3.684,21.493119522288605,78.80810491505821
9410,VALLE DE MENA,4140,43.099086,-3.280765,BU_HUBU,Burgos,42.3619,-3.684,24.09280346300395,88.34027936434782
9413,VALLE DE VALDEBEZANA,482,42.970758,-3.787362,BU_HUBU,Burgos,42.3619,-3.684,18.607457240469984,68.2273432150566
9419,VALLUÉRCANES,63,42.572425,-3.121932,BU_HUBU,Burgos,42.3619,-3.684,14.101609810331956,51.70590263788384
9432,VILLAFRUELA,143,41.91857,-3.912587,PA_CAUPA,Palencia,42.0006,-4.5397,14.359013396725011,52.64971578799171
9433,VILLAGALIJO,52,42.34853,-3.192527,BU_HUBU,Burgos,42.3619,-3.684,11.021498321927846,40.41216051373544
9434,VILLAGONZALO PEDERNALES,1882,42.30039,-3.738017,BU_HUBU,Burgos,42.3619,-3.684,2.2239682283992326,8.154550170797187
9441,VILLALDEMIRO,91,42.246294,-3.985877,BU_HUBU,Burgos,42.3619,-3.684,7.624476294976499,27.956413081580497
9442,VILLALMANZO,410,42.047726,-3.743848,BU_HUBU,Burgos,42.3619,-3.684,9.621991122808208,35.28063411696343
9445,VILLAMBISTIA,43,42.404908,-3.261358,BU_HUBU,Burgos,42.3619,-3.684,9.55668834365611,35.04119059340574
9446,VILLAMEDIANILLA,9,42.161056,-4.145551,PA_CAUPA,Palencia,42.0006,-4.5397,10.118306299579633,37.10045643179199
9447,VILLAMIEL DE LA SIERRA,43,42.19302,-3.419146,BU_HUBU,Burgos,42.3619,-3.684,7.8451121997794875,28.765411399191454
9448,VILLANGÓMEZ,232,42.180829,-3.772953,BU_HUBU,Burgos,42.3619,-3.684,5.842695651789504,21.423217389894848
9451,VILLANUEVA DE GUMIEL,279,41.737686,-3.626503,BU_HUBU,Burgos,42.3619,-3.684,18.974071300218153,69.57159476746655
9455,VILLAQUIRÁN DE LA PUEBLA,46,42.282949,-4.09985,BU_HUBU,Burgos,42.3619,-3.684,9.62666104610026,35.297757169034284
9460,VILLASANDINO,178,42.371715,-4.107775,BU_HUBU,Burgos,42.3619,-3.684,9.499823581890146,34.83268646693053
9464,VILLATUELDA,53,41.81582,-3.881429,PA_CAUPA,Palencia,42.0006,-4.5397,15.878131756907754,58.2198164419951
9476,VILLORUEBO,63,42.167281,-3.438346,BU_HUBU,Burgos,42.3619,-3.684,8.076372269915206,29.613364989689085
9425,VILVIESTRE DEL PINAR,504,41.951474,-3.084677,SO_HSANTA,Soria,41.7715,-2.4715,14.885549824286187,54.58034935571602
9480,ZAEL,115,42.10978,-3.823192,BU_HUBU,Burgos,42.3619,-3.684,8.259832662978916,30.286053097589363
9485,ZUÑEDA,57,42.604988,-3.225447,BU_HUBU,Burgos,42.3619,-3.684,12.629922887976697,46.309717255914556
24007,ARGANZA,805,42.640782,-6.683975,LE_BIERZO,Ponferrada,42.5461,-6.5908,3.545625020597439,13.000625075523944
24016,BENUZA,442,42.401711,-6.707616,LE_BIERZO,Ponferrada,42.5461,-6.5908,5.099080778217043,18.696629520129157
24017,BERCIANOS DEL PÁRAMO,522,42.380566,-5.704029,LE_HULEON,León,42.6132,-5.5577,7.776616717671519,28.5142612981289
24019,BERLANGA DEL BIERZO,322,42.730454,-6.60429,LE_BIERZO,Ponferrada,42.5461,-6.5908,5.598793186245564,20.528908349567068
24021,BOÑAR,1766,42.865954,-5.321774,LE_HULEON,León,42.6132,-5.5577,9.293219328993665,34.075137539643436
24023,BRAZUELO,312,42.497704,-6.156993,LE_BIERZO,Ponferrada,42.5461,-6.5908,9.806352252552985,35.956624926027615
24025,BURÓN,288,43.021598,-5.045978,LE_HULEON,León,42.6132,-5.5577,16.82148328665018,61.67877205105067
24033,CAMPO DE VILLAVIDEL,205,42.438815,-5.52721,LE_HULEON,León,42.6132,-5.5577,5.332101848365629,19.551040110673974
24037,CÁRMENES,333,42.959636,-5.572945,LE_HULEON,León,42.6132,-5.5577,10.511456934754372,38.54200876076603
24039,CARRIZO,2222,42.584614,-5.831037,LE_HULEON,León,42.6132,-5.5577,6.163024684714191,22.597757177285366
24043,CASTRILLO DE CABRERA,102,42.339982,-6.544534,LE_BIERZO,Ponferrada,42.5461,-6.5908,6.335882913454095,23.231570682665016
24044,CASTRILLO DE LA VALDUERNA,143,42.323961,-6.133771,LE_BIERZO,Ponferrada,42.5461,-6.5908,12.248092744918232,44.90967339803352
24047,CASTROCONTRIGO,669,42.18237,-6.191031,ZA_BENAV,Benavente,42.0023,-5.6783,12.76534031606933,46.80624782558755
24049,CASTROPODAME,1574,42.579123,-6.468144,LE_BIERZO,Ponferrada,42.5461,-6.5908,2.91696453423017,10.695536625510623
24052,CEBANICO,143,42.725275,-5.023997,LE_HULEON,León,42.6132,-5.5577,12.376302792935503,45.37977690743018
24054,CIMANES DE LA VEGA,435,42.116628,-5.598426,ZA_BENAV,Benavente,42.0023,-5.6783,3.9057658753084072,14.321141542797495
24059,CORULLÓN,819,42.578058,-6.819351,LE_BIERZO,Ponferrada,42.5461,-6.5908,5.196179994690043,19.05265998053016
24064,CUBILLOS DEL SIL,1719,42.624618,-6.564946,LE_BIERZO,Ponferrada,42.5461,-6.5908,2.4501042602262406,8.98371562082955
24024,EL BURGO RANERO,690,42.42265,-5.22087,LE_HULEON,León,42.6132,-5.5577,9.490840025838818,34.799746761409
24073,FRESNO DE LA VEGA,477,42.344061,-5.536156,LE_HULEON,León,42.6132,-5.5577,8.176090878695398,29.978999888549794
24077,GORDALIZA DEL PINO,239,42.343529,-5.157627,LE_HULEON,León,42.6132,-5.5577,12.122245940552146,44.44823511535787
24084,IZAGRE,137,42.223991,-5.257511,ZA_BENAV,Benavente,42.0023,-5.6783,11.610667420026992,42.57244720676564
24005,LA ANTIGUA,328,42.179356,-5.689986,ZA_BENAV,Benavente,42.0023,-5.6783,5.375817097325135,19.71132935685883
24134,LA ROBLA,3605,42.802148,-5.628162,LE_HULEON,León,42.6132,-5.5577,5.941259728735806,21.784619005364622
24193,LA VECILLA,378,42.848677,-5.406181,LE_HULEON,León,42.6132,-5.5577,7.898517512744699,28.961230880063898
24089,LEÓN,122243,42.599121,-5.567076,LE_HULEON,León,42.6132,-5.5577,0.4754897707670587,1.7434624928125484
24092,LLAMAS DE LA RIBERA,791,42.635631,-5.825422,LE_HULEON,León,42.6132,-5.5577,6.012563219811097,22.04606513930736
24093,MAGAZ DE CEPEDA,349,42.5396,-6.072041,LE_BIERZO,Ponferrada,42.5461,-6.5908,11.592426234794635,42.50556286091366
24097,MATADEÓN DE LOS OTEROS,221,42.337725,-5.369366,LE_HULEON,León,42.6132,-5.5577,9.35601650702508,34.305393859091964
24098,MATALLANA DE TORÍO,1228,42.866262,-5.520096,LE_HULEON,León,42.6132,-5.5577,7.719897340314492,28.306290247819803
24099,MATANZA,172,42.239435,-5.375621,ZA_BENAV,Benavente,42.0023,-5.6783,9.902966025217786,36.31087542579855
24105,ONZONILLA,1942,42.525428,-5.580492,LE_HULEON,León,42.6132,-5.5577,2.7100000675233322,9.93666691425222
24106,OSEJA DE SAJAMBRE,226,43.135642,-5.038465,LE_HULEON,León,42.6132,-5.5577,19.600399036551288,71.86812980068805
24112,PERANZANES,271,42.87664,-6.632311,LE_BIERZO,Ponferrada,42.5461,-6.5908,10.066506148476238,36.91052254441288
24113,POBLADURA DE PELAYO GARCÍA,354,42.305983,-5.685669,ZA_BENAV,Benavente,42.0023,-5.6783,9.210946949110008,33.7734721467367
24127,REGUERAS DE ARRIBA,264,42.292346,-5.862175,ZA_BENAV,Benavente,42.0023,-5.6783,9.719062742107983,35.63656338772927
24129,REYERO,128,42.947642,-5.197975,LE_HULEON,León,42.6132,-5.5577,12.921802816126387,47.37994365913009
24132,RIELLO,582,42.773053,-5.944726,LE_HULEON,León,42.6132,-5.5577,9.895332995737737,36.282887651038365
24133,RIOSECO DE TAPIA,399,42.729895,-5.789392,LE_HULEON,León,42.6132,-5.5577,6.261941268617465,22.960451318264038
24141,SAN ADRIÁN DEL VALLE,84,42.130013,-5.727819,ZA_BENAV,Benavente,42.0023,-5.6783,4.03026578265881,14.777641203082304
24145,SAN EMILIANO,596,42.972437,-6.001644,LE_HULEON,León,42.6132,-5.5577,14.706575376388646,53.92410971342504
24148,SAN JUSTO DE LA VEGA,1775,42.452563,-6.015991,LE_HULEON,León,42.6132,-5.5577,11.340894501234265,41.583279837858974
24151,SANTA COLOMBA DE CURUEÑO,507,42.751252,-5.412183,LE_HULEON,León,42.6132,-5.5577,5.296327097389782,19.419866023762534
24152,SANTA COLOMBA DE SOMOZA,494,42.442617,-6.242525,LE_BIERZO,Ponferrada,42.5461,-6.5908,8.396165305445383,30.78593945329974
24155,SANTA MARÍA DE LA ISLA,443,42.356232,-5.92833,LE_HULEON,León,42.6132,-5.5577,11.376774136528132,41.71483850060315
24156,SANTA MARÍA DEL MONTE DE CEA,325,42.49171,-5.116839,LE_HULEON,León,42.6132,-5.5577,10.51530712113361,38.556126110823236
24157,SANTA MARÍA DEL PÁRAMO,209,42.353555,-5.749249,LE_HULEON,León,42.6132,-5.5577,8.963874611306709,32.86754024145793
24163,SARIEGOS,5444,42.647374,-5.631149,LE_HULEON,León,42.6132,-5.5577,1.9389863399922032,7.109616579971411
24164,SENA DE LUNA,390,42.92974,-5.953164,LE_HULEON,León,42.6132,-5.5577,13.02493562634407,47.75809729659492
24171,TRABADELO,319,42.650123,-6.883079,LE_BIERZO,Ponferrada,42.5461,-6.5908,7.247264481520625,26.57330309890896
24172,TRUCHAS,392,42.260939,-6.434608,LE_BIERZO,Ponferrada,42.5461,-6.5908,9.328290192470348,34.20373070572461
24036,VALLE DE ANCARES,275,42.815549,-6.72821,LE_BIERZO,Ponferrada,42.5461,-6.5908,8.72663411875818,31.997658435446663
24197,VEGA DE INFANZONES,839,42.480981,-5.534381,LE_HULEON,León,42.6132,-5.5577,4.043363735374194,14.825667029705377
24194,VEGACERVERA,258,42.884395,-5.534916,LE_HULEON,León,42.6132,-5.5577,8.239865891248318,30.21284160124383
24203,VILLABRAZ,95,42.246274,-5.444359,ZA_BENAV,Benavente,42.0023,-5.6783,9.079025018404291,33.289758400815735
24205,VILLADANGOS DEL PÁRAMO,1235,42.516673,-5.766495,LE_HULEON,León,42.6132,-5.5577,5.506105317901772,20.1890528323065
24211,VILLAMANDOS,277,42.179336,-5.593124,ZA_BENAV,Benavente,42.0023,-5.6783,5.700698139339124,20.902559844243456
24219,VILLAOBISPO DE OTERO,518,42.499988,-6.058563,LE_HULEON,León,42.6132,-5.5577,11.703338387725466,42.91224075499338
24221,VILLAQUEJIDA,803,42.146401,-5.596014,ZA_BENAV,Benavente,42.0023,-5.6783,4.746338306646141,17.40324045770252
24227,VILLATURIEL,1838,42.518526,-5.485379,LE_HULEON,León,42.6132,-5.5577,3.294271578672788,12.078995788466889
24228,VILLAZALA,596,42.361205,-5.856193,LE_HULEON,León,42.6132,-5.5577,10.146841273928418,37.20508467107087
24229,VILLAZANZO DE VALDERADUEY,368,42.534941,-4.964871,LE_HULEON,León,42.6132,-5.5577,13.450115262258574,49.317089294948104
34009,AMAYUELAS DE ARRIBA,38,42.211614,-4.48935,PA_CAUPA,Palencia,42.0006,-4.5397,6.498682379147695,23.828502056874882
34019,AUTILLO DE CAMPOS,130,42.088253,-4.831322,PA_CAUPA,Palencia,42.0006,-4.5397,7.085091451026799,25.97866865376493
34031,BELMONTE DE CAMPOS,30,41.94158,-4.990162,PA_CAUPA,Palencia,42.0006,-4.5397,10.312949149369535,37.81414688102163
34032,BERZOSILLA,47,42.781671,-4.036848,BU_HUBU,Burgos,42.3619,-3.684,14.97151681862399,54.89556166828796
34033,BOADA DE CAMPOS,16,41.988383,-4.876984,PA_CAUPA,Palencia,42.0006,-4.5397,7.610886117711793,27.90658243160991
34035,BOADILLA DE RIOSECO,114,42.178273,-4.968525,PA_CAUPA,Palencia,42.0006,-4.5397,11.052862536984676,40.52716263561048
34038,BUSTILLO DE LA VEGA,269,42.45662,-4.738633,PA_CAUPA,Palencia,42.0006,-4.5397,14.53278571292745,53.28688094740065
34042,CALZADA DE LOS MOLINOS,305,42.327402,-4.650003,PA_CAUPA,Palencia,42.0006,-4.5397,10.216003941363894,37.458681118334276
34047,CARRIÓN DE LOS CONDES,1999,42.340728,-4.604464,PA_CAUPA,Palencia,42.0006,-4.5397,10.416888056851722,38.195256208456314
34048,CASTIL DE VELA,55,41.982808,-4.960472,PA_CAUPA,Palencia,42.0006,-4.5397,9.499302054887318,34.830774201253504
34051,CASTRILLO DE ONIELO,91,41.85775,-4.302176,PA_CAUPA,Palencia,42.0006,-4.5397,6.890909947357288,25.266669806976726
34052,CASTRILLO DE VILLAVEGA,168,42.454296,-4.479982,PA_CAUPA,Palencia,42.0006,-4.5397,13.823930929832015,50.68774674271739
34057,CEVICO DE LA TORRE,475,41.85242,-4.410293,PA_CAUPA,Palencia,42.0006,-4.5397,5.358934133294017,19.649425155411397
34059,CISNEROS,430,42.220544,-4.856928,PA_CAUPA,Palencia,42.0006,-4.5397,9.768430797598418,35.817579591194196
34063,CORDOVILLA LA REAL,129,42.080812,-4.258792,PA_CAUPA,Palencia,42.0006,-4.5397,6.778153665342136,24.853230106254497
34066,CUBILLAS DE CERRATO,64,41.799297,-4.467253,PA_CAUPA,Palencia,42.0006,-4.5397,6.319917976398112,23.17303258012641
34069,DUEÑAS,2587,41.877928,-4.545298,PA_CAUPA,Palencia,42.0006,-4.5397,3.7222801262204985,13.648360462808494
34070,ESPINOSA DE CERRATO,124,41.968251,-3.951588,PA_CAUPA,Palencia,42.0006,-4.5397,13.293466202525458,48.742709409260016
34074,FRÓMISTA,748,42.267743,-4.402568,PA_CAUPA,Palencia,42.0006,-4.5397,8.668481306649802,31.78443145771594
34077,FUENTES DE VALDEPERO,484,42.071408,-4.500232,PA_CAUPA,Palencia,42.0006,-4.5397,2.3240542678452405,8.521532315432548
34079,GRIJOTA,2789,42.053985,-4.581755,PA_CAUPA,Palencia,42.0006,-4.5397,1.875765282217621,6.877806034797943
34082,HÉRMEDES DE CERRATO,74,41.81977,-4.177704,PA_CAUPA,Palencia,42.0006,-4.5397,9.83946576343795,36.07804113260582
34084,HERRERA DE VALDECAÑAS,158,42.048296,-4.19941,PA_CAUPA,Palencia,42.0006,-4.5397,7.801264541134715,28.60463665082729
34088,HUSILLOS,393,42.090418,-4.52704,PA_CAUPA,Palencia,42.0006,-4.5397,2.738691557447535,10.041869043974295
34089,ITERO DE LA VEGA,144,42.286549,-4.25877,PA_CAUPA,Palencia,42.0006,-4.5397,10.728481786548333,39.337766550677216
34091,LAGARTOS,117,42.405844,-4.903725,PA_CAUPA,Palencia,42.0006,-4.5397,14.761476014227359,54.12541205216698
34096,LOMAS,41,42.276831,-4.548113,PA_CAUPA,Palencia,42.0006,-4.5397,8.379086678801785,30.723317822273213
34099,MANQUILLOS,58,42.203807,-4.567684,PA_CAUPA,Palencia,42.0006,-4.5397,6.194516548790949,22.713227345566814
34103,MAZUECOS DE VALDEGINATE,79,42.168526,-4.841833,PA_CAUPA,Palencia,42.0006,-4.5397,8.495473857532051,31.150070810950858
34106,MENESES DE CAMPOS,101,41.942,-4.919509,PA_CAUPA,Palencia,42.0006,-4.5397,8.745876690746407,32.068214532736825
34108,MONZÓN DE CAMPOS,583,42.115263,-4.493743,PA_CAUPA,Palencia,42.0006,-4.5397,3.6279556544778546,13.3025040664188
34112,NOGAL DE LAS HUERTAS,46,42.393314,-4.641243,PA_CAUPA,Palencia,42.0006,-4.5397,12.125932231329507,44.461751514874855
34116,OSORNILLO,59,42.369498,-4.292124,PA_CAUPA,Palencia,42.0006,-4.5397,12.494074209640218,45.81160543534747
34901,OSORNO LA MAYOR,1190,42.40979,-4.361334,PA_CAUPA,Palencia,42.0006,-4.5397,13.039878720993613,47.81288864364325
34124,PAYO DE OJEDA,57,42.7207,-4.479884,BU_HUBU,Burgos,42.3619,-3.684,20.847705063268105,76.44158523198305
34133,POBLACIÓN DE CERRATO,98,41.792953,-4.428186,PA_CAUPA,Palencia,42.0006,-4.5397,6.781558936315216,24.865716099822457
34137,POZO DE URAMA,18,42.254333,-4.894954,PA_CAUPA,Palencia,42.0006,-4.5397,11.092784818873561,40.67354433586973
34143,QUINTANILLA DE ONSOÑA,180,42.470547,-4.663671,PA_CAUPA,Palencia,42.0006,-4.5397,14.520838504890209,53.243074517930765
34146,REINOSO DE CERRATO,57,41.975902,-4.382732,PA_CAUPA,Palencia,42.0006,-4.5397,3.6165735028711286,13.26076951052747
34149,REQUENA DE CAMPOS,29,42.308246,-4.34348,PA_CAUPA,Palencia,42.0006,-4.5397,10.319988797992451,37.83995892597232
34155,RIBAS DE CAMPOS,153,42.153378,-4.516341,PA_CAUPA,Palencia,42.0006,-4.5397,4.662868159491413,17.097183251468515
34160,SAN CEBRIÁN DE MUDÁ,150,42.891803,-4.386345,BU_HUBU,Burgos,42.3619,-3.684,22.446104723594797,82.30238398651424
34165,SAN ROMÁN DE LA CUBA,53,42.262953,-4.857481,PA_CAUPA,Palencia,42.0006,-4.5397,10.694678762874366,39.21382213053934
34168,SANTA CRUZ DE BOEDO,52,42.524313,-4.373618,BU_HUBU,Burgos,42.3619,-3.684,16.199739604827535,59.39904521770097
34169,SANTERVÁS DE LA VEGA,400,42.504805,-4.798401,PA_CAUPA,Palencia,42.0006,-4.5397,16.35600588650473,59.97202158385066
34170,SANTIBÁÑEZ DE ECLA,42,42.707615,-4.374304,BU_HUBU,Burgos,42.3619,-3.684,18.65109221249729,68.38733811249006
34176,SOTOBAÑADO Y PRIORATO,158,42.591444,-4.4416,PA_CAUPA,Palencia,42.0006,-4.5397,18.05248419893769,66.19244206277153
34179,TABANERA DE VALDAVIA,22,42.647291,-4.693648,LE_HULEON,León,42.6132,-5.5577,19.30630920055312,70.7898004020281
34180,TÁMARA DE CAMPOS,74,42.203255,-4.3934,PA_CAUPA,Palencia,42.0006,-4.5397,6.971764349243238,25.56313594722521
34181,TARIEGO DE CERRATO,500,41.904936,-4.479144,PA_CAUPA,Palencia,42.0006,-4.5397,3.2064912630509728,11.7571346311869
34182,TORQUEMADA,966,42.034436,-4.31758,PA_CAUPA,Palencia,42.0006,-4.5397,5.108546771759512,18.731338163118213
34189,VALDEOLMILLOS,60,42.041304,-4.400075,PA_CAUPA,Palencia,42.0006,-4.5397,3.379151960674154,12.39022385580523
34023,VENTA DE BAÑOS,6331,41.92284,-4.497346,PA_CAUPA,Palencia,42.0006,-4.5397,2.544212754158028,9.328780098579436
34201,VERTAVILLO,167,41.832573,-4.326836,PA_CAUPA,Palencia,42.0006,-4.5397,7.002738499472031,25.676707831397447
34204,VILLACIDALER,46,42.222044,-4.975713,PA_CAUPA,Palencia,42.0006,-4.5397,11.887548679169782,43.58767849028921
34215,VILLALCÁZAR DE SIRGA,174,42.316965,-4.542471,PA_CAUPA,Palencia,42.0006,-4.5397,9.594252124608142,35.17892445689652
34218,VILLALUENGA DE LA VEGA,519,42.5233,-4.767277,PA_CAUPA,Palencia,42.0006,-4.5397,16.65389679078683,61.06428823288505
34220,VILLAMARTÍN DE CAMPOS,169,42.01499,-4.663771,PA_CAUPA,Palencia,42.0006,-4.5397,2.8296393874185175,10.375344420534564
34223,VILLAMORONTA,239,42.403531,-4.700262,PA_CAUPA,Palencia,42.0006,-4.5397,12.740489936504172,46.71512976718196
34225,VILLAMURIEL DE CERRATO,6508,41.947956,-4.515428,PA_CAUPA,Palencia,42.0006,-4.5397,1.687659321164898,6.188084177604626
34230,VILLARMENTERO DE CAMPOS,28,42.296943,-4.499839,PA_CAUPA,Palencia,42.0006,-4.5397,9.031442582141228,33.11528946785116
34236,VILLATURDE,147,42.376698,-4.671189,PA_CAUPA,Palencia,42.0006,-4.5397,11.781959006600925,43.20051635753672
34237,VILLAUMBRALES,623,42.08907,-4.613085,PA_CAUPA,Palencia,42.0006,-4.5397,3.151104751763873,11.554050756467536
34242,VILLODRIGO,96,42.144633,-4.094317,PA_CAUPA,Palencia,42.0006,-4.5397,10.936066064478434,40.09890890308759
34243,VILLOLDO,339,42.244029,-4.598242,PA_CAUPA,Palencia,42.0006,-4.5397,7.498721749353905,27.49531308096432
34245,VILLOTA DEL PÁRAMO,299,42.551763,-4.84797,LE_HULEON,León,42.6132,-5.5577,15.956708897553197,58.50793262436172
37001,ABUSEJO,143,40.709744,-6.142289,SA_CHUSAL,Salamanca,40.964,-5.6731,13.241457550343064,48.55201101792457
37003,AHIGAL DE LOS ACEITEROS,88,40.872295,-6.746893,SA_CHUSAL,Salamanca,40.964,-5.6731,24.763147271535974,90.79820666229857
37008,ALBA DE TORMES,5122,40.827436,-5.512112,SA_CHUSAL,Salamanca,40.964,-5.6731,5.547105911301128,20.33938834143747
37018,ALDEANUEVA DE LA SIERRA,98,40.614848,-6.099752,SA_CHUSAL,Salamanca,40.964,-5.6731,14.424765385108884,52.890806412065906
37023,ALDEATEJADA,2587,40.92258,-5.69272,SA_CHUSAL,Salamanca,40.964,-5.6731,1.334081589821547,4.891632496012339
37026,ALDEHUELA DE YELTES,181,40.661814,-6.242377,SA_CHUSAL,Salamanca,40.964,-5.6731,15.959351286142615,58.517621382522925
37027,ALMENARA DE TORMES,305,41.06319,-5.822709,SA_CHUSAL,Salamanca,40.964,-5.6731,4.557200731131924,16.709736014150387
37031,ARABAYONA DE MÓGICA,325,41.047344,-5.385985,SA_CHUSAL,Salamanca,40.964,-5.6731,7.040046051124654,25.813502187457065
37039,BAÑOBÁREZ,280,40.850093,-6.612832,SA_CHUSAL,Salamanca,40.964,-5.6731,21.81330829503788,79.9821304151389
37042,BARCEO,48,41.060556,-6.452808,SA_CHUSAL,Salamanca,40.964,-5.6731,18.080653347666804,66.29572894144493
37047,BELEÑA,251,40.750987,-5.627483,SA_CHUSAL,Salamanca,40.964,-5.6731,6.543994923229047,23.99464805183984
37052,BOADA,268,40.815245,-6.30529,SA_CHUSAL,Salamanca,40.964,-5.6731,15.179076100899282,55.65661236996403
37055,BOGAJO,129,40.906874,-6.530994,SA_CHUSAL,Salamanca,40.964,-5.6731,19.7301675168258,72.3439475616946
37060,BUENAVISTA,365,40.767502,-5.611809,SA_CHUSAL,Salamanca,40.964,-5.6731,6.122516254612134,22.449226266911158
37070,CALVARRASA DE ARRIBA,615,40.905975,-5.592418,SA_CHUSAL,Salamanca,40.964,-5.6731,2.5520609064106505,9.357556656839053
37074,CAMPILLO DE AZABA,142,40.511101,-6.688504,SA_CHUSAL,Salamanca,40.964,-5.6731,27.074145801249465,99.2718679379147
37078,CANDELARIO,843,40.365275,-5.741664,SA_CHUSAL,Salamanca,40.964,-5.6731,18.22523894672659,66.82587613799751
37079,CANILLAS DE ABAJO,70,40.921633,-5.929728,SA_CHUSAL,Salamanca,40.964,-5.6731,6.017362649180736,22.063663046996034
37080,CANTAGALLO,279,40.371632,-5.818542,SA_CHUSAL,Salamanca,40.964,-5.6731,18.27294040462573,67.00078148362768
37083,CANTARACILLO,190,40.903316,-5.163308,SA_CHUSAL,Salamanca,40.964,-5.6731,11.823545317244799,43.35299949656426
37087,CARRASCAL DE BARREGAS,1439,40.978695,-5.761913,SA_CHUSAL,Salamanca,40.964,-5.6731,2.0818240530615624,7.633354861225729
37088,CARRASCAL DEL OBISPO,187,40.763456,-5.999737,SA_CHUSAL,Salamanca,40.964,-5.6731,9.649114528244723,35.38008660356398
37089,CASAFRANCA,68,40.591801,-5.760969,SA_CHUSAL,Salamanca,40.964,-5.6731,11.466211128397932,42.042774137459084
37185,CASTELLANOS DE VILLIQUERA,703,41.051328,-5.694527,SA_CHUSAL,Salamanca,40.964,-5.6731,2.693312037072607,9.875477469266226
37096,CASTILLEJO DE MARTÍN VIEJO,205,40.70121,-6.645077,SA_CHUSAL,Salamanca,40.964,-5.6731,23.68319727376873,86.83839000381867
37097,CASTRAZ,34,40.705472,-6.334477,SA_CHUSAL,Salamanca,40.964,-5.6731,17.08053973308101,62.62864568796372
37103,CESPEDOSA DE TORMES,496,40.542947,-5.580235,SA_CHUSAL,Salamanca,40.964,-5.6731,12.945792819176873,47.467907003648534
37104,CILLEROS DE LA BASTIDA,23,40.576171,-6.060697,SA_CHUSAL,Salamanca,40.964,-5.6731,14.750250847746457,54.08425310840368
37107,CIUDAD RODRIGO,11846,40.597312,-6.534158,SA_CHUSAL,Salamanca,40.964,-5.6731,22.684992382778553,83.17830540352136
37110,CORDOVILLA,108,40.951262,-5.405973,SA_CHUSAL,Salamanca,40.964,-5.6731,6.129909118325597,22.47633343386052
37034,EL ARCO,89,41.109875,-5.824781,SA_CHUSAL,Salamanca,40.964,-5.6731,5.622108173525794,20.614396636261244
37102,EL CERRO,365,40.327831,-5.915049,SA_CHUSAL,Salamanca,40.964,-5.6731,20.079563317125768,73.6250654961278
37180,EL MANZANO,57,41.174874,-6.287236,SA_CHUSAL,Salamanca,40.964,-5.6731,15.428709620986368,56.571935276950015
37124,ENDRINAL,204,40.590046,-5.804259,SA_CHUSAL,Salamanca,40.964,-5.6731,11.733656507041237,43.023407192484534
37130,FORFOLEDA,204,41.097063,-5.7487,SA_CHUSAL,Salamanca,40.964,-5.6731,4.390255931923499,16.097605083719497
37138,FUENTERROBLE DE SALVATIERRA,252,40.56263,-5.733196,SA_CHUSAL,Salamanca,40.964,-5.6731,12.249921069762317,44.91637725579516
37140,FUENTES DE OÑORO,1009,40.589462,-6.81175,SA_CHUSAL,Salamanca,40.964,-5.6731,28.508635250082058,104.53166258363422
37151,GOLPEJAS,144,40.999563,-5.90825,SA_CHUSAL,Salamanca,40.964,-5.6731,5.490384853740195,20.131411130380712
37152,GOMECELLO,412,41.042574,-5.535449,SA_CHUSAL,Salamanca,40.964,-5.6731,3.9499630670380608,14.483197912472889
37155,GUIJO DE ÁVILA,78,40.530696,-5.639617,SA_CHUSAL,Salamanca,40.964,-5.6731,13.162826618400203,48.26369760080075
37165,IRUELOS,31,41.140773,-6.327167,SA_CHUSAL,Salamanca,40.964,-5.6731,15.889455873340872,58.26133820224987
37166,ITUERO DE AZABA,199,40.485746,-6.692268,SA_CHUSAL,Salamanca,40.964,-5.6731,27.549468651508676,101.01471838886515
37005,LA ALAMEDA DE GARDÓN,74,40.650296,-6.758225,SA_CHUSAL,Salamanca,40.964,-5.6731,26.66273570907258,97.76336426659947
37010,LA ALBERCA,1045,40.488659,-6.10994,SA_CHUSAL,Salamanca,40.964,-5.6731,17.566584981675653,64.4108115994774
37056,LA BOUZA,49,40.835423,-6.794849,SA_CHUSAL,Salamanca,40.964,-5.6731,26.006538651067967,95.3573083872492
37119,LA ENCINA,108,40.499122,-6.53108,SA_CHUSAL,Salamanca,40.964,-5.6731,24.238018607905826,88.87273489565469
37132,LA FREGENEDA,308,40.988114,-6.866298,SA_CHUSAL,Salamanca,40.964,-5.6731,27.328498633090355,100.20449498799798
37186,LA MATA DE LEDESMA,101,41.000382,-5.970747,SA_CHUSAL,Salamanca,40.964,-5.6731,6.902898780062149,25.31062886022788
37224,LA ORBADA,182,41.102156,-5.482918,SA_CHUSAL,Salamanca,40.964,-5.6731,6.039943146652208,22.14645820439143
37309,LA SIERPE,42,40.645767,-5.856269,SA_CHUSAL,Salamanca,40.964,-5.6731,10.526853687526103,38.598463520929045
37315,LA TALA,76,40.588985,-5.53713,SA_CHUSAL,Salamanca,40.964,-5.6731,11.793532382700588,43.24295206990215
37349,LA VÍDOLA,107,41.153011,-6.487105,SA_CHUSAL,Salamanca,40.964,-5.6731,19.47624847216628,71.41291106460969
37173,LUMBRALES,1510,40.935006,-6.719245,SA_CHUSAL,Salamanca,40.964,-5.6731,23.9776883863821,87.9181907500677
37182,MARTINAMOR,82,40.806262,-5.598974,SA_CHUSAL,Salamanca,40.964,-5.6731,5.076472517513674,18.613732564216804
37189,MEMBRIBE DE LA SIERRA,105,40.690941,-5.806229,SA_CHUSAL,Salamanca,40.964,-5.6731,8.826290008914523,32.363063366019915
37190,MIEZA,176,41.162497,-6.687975,SA_CHUSAL,Salamanca,40.964,-5.6731,23.973267013923856,87.90197905105414
37200,MONTEJO,198,40.6314,-5.622998,SA_CHUSAL,Salamanca,40.964,-5.6731,10.151760725863701,37.22312266150024
37203,MONTERRUBIO DE LA SIERRA,148,40.756355,-5.693102,SA_CHUSAL,Salamanca,40.964,-5.6731,6.313708228492823,23.15026350447368
37207,MORISCOS,566,41.007425,-5.582243,SA_CHUSAL,Salamanca,40.964,-5.6731,2.4617640150365463,9.026468055134004
37209,MOZÁRBEZ,510,40.856839,-5.65112,SA_CHUSAL,Salamanca,40.964,-5.6731,3.2885635703493405,12.058066424614248
37211,NARROS DE MATALAYEGUA,198,40.69975,-5.926175,SA_CHUSAL,Salamanca,40.964,-5.6731,9.89638076043197,36.28672945491722
37213,NAVA DE BÉJAR,74,40.474209,-5.680725,SA_CHUSAL,Salamanca,40.964,-5.6731,14.85438142507487,54.46606522527452
37226,PALACIOS DEL ARZOBISPO,151,41.165614,-5.890152,SA_CHUSAL,Salamanca,40.964,-5.6731,7.87477800083191,28.874186003050337
37229,PALENCIA DE NEGRILLA,138,41.094281,-5.600537,SA_CHUSAL,Salamanca,40.964,-5.6731,4.285465245304915,15.713372566118021
37231,PARADA DE RUBIALES,241,41.147576,-5.436624,SA_CHUSAL,Salamanca,40.964,-5.6731,7.761170851779825,28.457626456526025
37232,PARADINAS DE SAN JUAN,384,40.983857,-5.153446,SA_CHUSAL,Salamanca,40.964,-5.6731,11.913359726709968,43.68231899793655
37236,PEDROSILLO DE ALBA,124,40.822789,-5.396519,SA_CHUSAL,Salamanca,40.964,-5.6731,7.651086482874284,28.053983770539038
37237,PEDROSILLO DE LOS AIRES,314,40.714584,-5.705231,SA_CHUSAL,Salamanca,40.964,-5.6731,7.59960041694881,27.865201528812303
37241,PELARRODRÍGUEZ,159,40.886645,-6.212697,SA_CHUSAL,Salamanca,40.964,-5.6731,12.584423428868671,46.14288590585179
37246,PEÑARANDA DE BRACAMONTE,6063,40.901737,-5.200546,SA_CHUSAL,Salamanca,40.964,-5.6731,10.989869882591575,40.296189569502445
37247,PEÑARANDILLA,181,40.883392,-5.393448,SA_CHUSAL,Salamanca,40.964,-5.6731,6.858302799337564,25.147110264237735
37250,PEREÑA DE LA RIBERA,314,41.237933,-6.524407,SA_CHUSAL,Salamanca,40.964,-5.6731,21.15350378557479,77.56284721377423
37259,PUEBLA DE SAN MEDEL,33,40.511209,-5.737277,SA_CHUSAL,Salamanca,40.964,-5.6731,13.810246910006606,50.637572003357555
37260,PUEBLA DE YELTES,142,40.626242,-6.182117,SA_CHUSAL,Salamanca,40.964,-5.6731,15.53960139304058,56.9785384411488
37262,PUERTAS,65,41.096762,-6.286369,SA_CHUSAL,Salamanca,40.964,-5.6731,14.59579436995144,53.51791268982194
37269,ROBLEDA,457,40.384881,-6.605611,SA_CHUSAL,Salamanca,40.964,-5.6731,27.72039366134556,101.64144342493373
37272,SAELICES EL CHICO,173,40.670549,-6.63296,SA_CHUSAL,Salamanca,40.964,-5.6731,23.758755973060936,87.1154385678901
37276,SALMORAL,112,40.80153,-5.219267,SA_CHUSAL,Salamanca,40.964,-5.6731,11.512968765893593,42.214218808276506
37278,SAN CRISTÓBAL DE LA CUESTA,1143,41.029414,-5.618797,SA_CHUSAL,Salamanca,40.964,-5.6731,2.3409473677693318,8.583473681820884
37287,SAN MIGUEL DE VALERO,303,40.543476,-5.921316,SA_CHUSAL,Salamanca,40.964,-5.6731,13.969503901129798,51.221514304142595
37288,SAN MORALES,366,40.993005,-5.50264,SA_CHUSAL,Salamanca,40.964,-5.6731,4.000527819986516,14.668602006617224
37291,SAN PEDRO DE ROZADOS,145,40.790567,-5.738097,SA_CHUSAL,Salamanca,40.964,-5.6731,5.4665927422909295,20.044173388400075
37292,SAN PELAYO DE GUAREÑA,92,41.115797,-5.857774,SA_CHUSAL,Salamanca,40.964,-5.6731,6.2477382661955385,22.908373642716974
37294,SANTA MARTA DE TORMES,14726,40.949683,-5.631074,SA_CHUSAL,Salamanca,40.964,-5.6731,1.0558849208993246,3.8715780432975233
37297,SANTIBÁÑEZ DE BÉJAR,444,40.487463,-5.611754,SA_CHUSAL,Salamanca,40.964,-5.6731,14.520016765663344,53.24006147409893
37299,SANTIZ,229,41.204207,-5.894784,SA_CHUSAL,Salamanca,40.964,-5.6731,8.873598126924286,32.53652646538905
37304,SEPULCRO-HILARIO,157,40.70014,-6.187375,SA_CHUSAL,Salamanca,40.964,-5.6731,14.25741467102693,52.27718712709875
37310,SIETEIGLESIAS DE TORMES,164,40.742043,-5.577581,SA_CHUSAL,Salamanca,40.964,-5.6731,7.078669004624994,25.95511968362498
37312,SORIHUELA,256,40.442952,-5.678822,SA_CHUSAL,Salamanca,40.964,-5.6731,15.801791415454252,57.93990185666559
37316,TAMAMES,785,40.657801,-6.105101,SA_CHUSAL,Salamanca,40.964,-5.6731,13.58469372312866,49.81054365147176
37317,TARAZONA DE GUAREÑA,269,41.171954,-5.251454,SA_CHUSAL,Salamanca,40.964,-5.6731,11.519828514124654,42.239371218457066
37318,TARDÁGUILA,197,41.114043,-5.574033,SA_CHUSAL,Salamanca,40.964,-5.6731,5.083214967221636,18.638454879812667
37323,TOPAS,511,41.156972,-5.634428,SA_CHUSAL,Salamanca,40.964,-5.6731,5.918480616408626,21.701095593498295
37324,TORDILLOS,316,40.853505,-5.352762,SA_CHUSAL,Salamanca,40.964,-5.6731,8.070320118278953,29.59117376702283
37327,TORRESMENUDAS,184,41.102037,-5.784557,SA_CHUSAL,Salamanca,40.964,-5.6731,4.901445504387667,17.971966849421445
37328,TRABANCA,160,41.233027,-6.384016,SA_CHUSAL,Salamanca,40.964,-5.6731,18.17989388478319,66.65961091087169
37331,VALDEFUENTES DE SANGUSÍN,189,40.466036,-5.83151,SA_CHUSAL,Salamanca,40.964,-5.6731,15.53397332208283,56.95790218097038
37338,VALDUNCIEL,110,41.085897,-5.672072,SA_CHUSAL,Salamanca,40.964,-5.6731,3.69670971918348,13.55460230367276
37343,VALLEJERA DE RIOFRÍO,72,40.408336,-5.720104,SA_CHUSAL,Salamanca,40.964,-5.6731,16.885635158550794,61.913995581352914
37340,VALSALABROSO,119,41.108839,-6.501886,SA_CHUSAL,Salamanca,40.964,-5.6731,19.460231391057672,71.35418176721147
37341,VALVERDE DE VALDELACASA,57,40.480578,-5.781647,SA_CHUSAL,Salamanca,40.964,-5.6731,14.870955787521453,54.52683788757866
37344,VECINOS,219,40.778246,-5.878577,SA_CHUSAL,Salamanca,40.964,-5.6731,7.3440564027986435,26.928206810261695
37348,VENTOSA DEL RÍO ALMAR,99,40.92622,-5.347978,SA_CHUSAL,Salamanca,40.964,-5.6731,7.5349475702690425,27.62814109098649
37353,VILLALBA DE LOS LLANOS,110,40.800549,-5.974266,SA_CHUSAL,Salamanca,40.964,-5.6731,8.50005006168616,31.166850226182586
37356,VILLAR DE ARGAÑÁN,98,40.673669,-6.718957,SA_CHUSAL,Salamanca,40.964,-5.6731,25.566128608790603,93.74247156556554
37362,VILLARES DE LA REINA,6723,41.009096,-5.649061,SA_CHUSAL,Salamanca,40.964,-5.6731,1.474141591059939,5.405185833886442
37364,VILLARINO DE LOS AIRES,739,41.269717,-6.467725,SA_CHUSAL,Salamanca,40.964,-5.6731,20.384667899387523,74.74378229775425
37370,VILLASECO DE LOS REYES,298,41.161946,-6.185913,SA_CHUSAL,Salamanca,40.964,-5.6731,13.17287982168164,48.30055934616601
37372,VILLAVERDE DE GUAREÑA,138,41.063768,-5.525576,SA_CHUSAL,Salamanca,40.964,-5.6731,4.5331390623375185,16.62150989523757
37373,VILLAVIEJA DE YELTES,688,40.875554,-6.467806,SA_CHUSAL,Salamanca,40.964,-5.6731,18.40714547299342,67.4928667343092
37350,VILVESTRE,395,41.104559,-6.725837,SA_CHUSAL,Salamanca,40.964,-5.6731,24.45588342888273,89.67157257257
37378,ZAMARRA,71,40.519238,-6.452052,SA_CHUSAL,Salamanca,40.964,-5.6731,22.410792543354017,82.17290599229807
37379,ZAMAYÓN,192,41.147757,-5.829529,SA_CHUSAL,Salamanca,40.964,-5.6731,6.621938091922583,24.280439670382805
37380,ZARAPICOS,49,41.038635,-5.844796,SA_CHUSAL,Salamanca,40.964,-5.6731,4.534793852602236,16.627577459541534
37382,ZORITA DE LA FRONTERA,152,41.014215,-5.196686,SA_CHUSAL,Salamanca,40.964,-5.6731,11.011394919621464,40.375114705278705
40001,ABADES,859,40.91634,-4.267874,SG_HGSEG,Segovia,40.9426,-4.1285,3.291098470389716,12.067361058095624
40006,ALDEALCORVO,18,41.244002,-3.791299,SG_HGSEG,Segovia,40.9426,-4.1285,11.955624036647482,43.8372881343741
40008,ALDEALENGUA DE SANTA MARÍA,59,41.462154,-3.467742,SG_HGSEG,Segovia,40.9426,-4.1285,21.80690467511606,79.95865047542556
40010,ALDEANUEVA DEL CODONAL,108,41.083402,-4.543344,SG_HGSEG,Segovia,40.9426,-4.1285,10.408872455487836,38.165865670122066
40016,ALDEONTE,55,41.351021,-3.678549,SG_HGSEG,Segovia,40.9426,-4.1285,16.092967441835636,59.007547286730656
40018,AÑE,66,41.037447,-4.295129,SG_HGSEG,Segovia,40.9426,-4.1285,4.777210477864008,17.516438418834696
40019,ARAHUETES,31,41.137805,-3.85695,SG_HGSEG,Segovia,40.9426,-4.1285,8.580380890265197,31.461396597639048
40020,ARCONES,180,41.118501,-3.724301,SG_HGSEG,Segovia,40.9426,-4.1285,10.675045949687123,39.14183514885278
40025,BARBOLLA,150,41.32563,-3.672204,SG_HGSEG,Segovia,40.9426,-4.1285,15.60587024425294,57.22152422892744
40041,CANTIMPALOS,1427,41.074673,-4.15916,SG_HGSEG,Segovia,40.9426,-4.1285,4.066222031408411,14.909480781830839
40043,CARBONERO EL MAYOR,2502,41.122317,-4.266111,SG_HGSEG,Segovia,40.9426,-4.1285,6.2938958386427375,23.07761807502337
40045,CASLA,155,41.166962,-3.655505,SG_HGSEG,Segovia,40.9426,-4.1285,12.778537547067035,46.85463767257913
40047,CASTRO DE FUENTIDUEÑA,48,41.42051,-3.856453,SG_HGSEG,Segovia,40.9426,-4.1285,15.767119255877795,57.81277060488525
40052,CEDILLO DE LA TORRE,81,41.424592,-3.605916,SG_HGSEG,Segovia,40.9426,-4.1285,18.86544648363662,69.17330377333427
40053,CEREZO DE ABAJO,145,41.217531,-3.592566,SG_HGSEG,Segovia,40.9426,-4.1285,14.819018461065896,54.33640102390829
40065,CHAÑE,741,41.339416,-4.428739,VA_RHORT,Valladolid,41.6288,-4.7115,10.87569424669313,39.877545571208145
40056,COBOS DE FUENTIDUEÑA,28,41.382143,-3.928964,SG_HGSEG,Segovia,40.9426,-4.1285,14.08649027856843,51.650464354750916
40059,COLLADO HERMOSO,118,41.038573,-3.917706,SG_HGSEG,Segovia,40.9426,-4.1285,5.634994613452663,20.661646915993096
40068,DOMINGO GARCÍA,32,41.115018,-4.377907,SG_HGSEG,Segovia,40.9426,-4.1285,7.73918578225894,28.37701453494945
40076,EL ESPINAR,10145,40.718093,-4.24753,SG_HGSEG,Segovia,40.9426,-4.1285,7.3357859905697484,26.89788196542241
40074,ESCARABAJOSA DE CABEZAS,276,41.104056,-4.194629,SG_HGSEG,Segovia,40.9426,-4.1285,5.124725202053952,18.790659074197823
40078,FRESNEDA DE CUÉLLAR,170,41.318275,-4.450392,VA_RHORT,Valladolid,41.6288,-4.7115,11.13004525119221,40.810165921038106
40079,FRESNO DE CANTESPINO,288,41.368291,-3.499332,SG_HGSEG,Segovia,40.9426,-4.1285,19.313966409979056,70.81787683658987
40080,FRESNO DE LA FUENTE,77,41.393334,-3.644741,SG_HGSEG,Segovia,40.9426,-4.1285,17.57267161549547,64.43312925681673
40084,FUENTE EL OLMO DE ÍSCAR,45,41.279798,-4.494531,VA_RHORT,Valladolid,41.6288,-4.7115,11.676281773417221,42.81303316919648
40094,GARCILLÁN,515,40.977087,-4.264079,SG_HGSEG,Segovia,40.9426,-4.1285,3.2763268308144156,12.013198379652858
40097,GRAJERA,256,41.371083,-3.613731,SG_HGSEG,Segovia,40.9426,-4.1285,17.521160037850706,64.24425347211925
40101,HONTANARES DE ERESMA,1662,40.981807,-4.203476,SG_HGSEG,Segovia,40.9426,-4.1285,2.0884685428694905,7.657717990521466
40112,LA LASTRILLA,4697,40.968941,-4.103757,SG_HGSEG,Segovia,40.9426,-4.1285,0.9794023881026225,3.591142089709616
40108,LAGUNA DE CONTRERAS,115,41.494512,-4.028542,VA_RHORT,Valladolid,41.6288,-4.7115,16.023177218908312,58.751649802663806
40111,LASTRAS DEL POZO,64,40.879079,-4.344592,SG_HGSEG,Segovia,40.9426,-4.1285,5.313880674809462,19.484229140968026
40103,LOS HUERTOS,170,41.010347,-4.218681,SG_HGSEG,Segovia,40.9426,-4.1285,2.9127361107132166,10.680032405948461
40115,MADERUELO,101,41.487233,-3.521901,SG_HGSEG,Segovia,40.9426,-4.1285,21.547136094491865,79.0061656798035
40903,MARAZOLEJA,96,40.961864,-4.337512,SG_HGSEG,Segovia,40.9426,-4.1285,4.822685916745165,17.683181694732273
40120,MARTÍN MUÑOZ DE LA DEHESA,307,41.066221,-4.686916,AV_SONSESOLES,Ávila,40.6659,-4.6667,12.148939816497775,44.546112660491836
40121,MARTÍN MUÑOZ DE LAS POSADAS,249,40.996122,-4.595913,AV_SONSESOLES,Ávila,40.6659,-4.6667,10.145143374297474,37.19885903909074
40122,MARUGÁN,763,40.896824,-4.384281,SG_HGSEG,Segovia,40.9426,-4.1285,6.023393534465656,22.085776293040738
40123,MATABUENA,263,41.095702,-3.756594,SG_HGSEG,Segovia,40.9426,-4.1285,9.693664745224918,35.54343739915804
40126,MELQUE DE CERCOS,65,41.051171,-4.469019,SG_HGSEG,Segovia,40.9426,-4.1285,8.46082156470078,31.023012403902857
40129,MONTEJO DE ARÉVALO,161,41.140399,-4.6652,SG_HGSEG,Segovia,40.9426,-4.1285,13.662962600823695,50.09752953635355
40130,MONTEJO DE LA VEGA DE LA SERREZUELA,124,41.549114,-3.652677,SG_HGSEG,Segovia,40.9426,-4.1285,21.35448705227275,78.29978585833341
40141,NAVALMANZANO,1044,41.214727,-4.256285,SG_HGSEG,Segovia,40.9426,-4.1285,8.75424026629852,32.09888097642791
40142,NAVARES DE AYUSO,53,41.37275,-3.706673,SG_HGSEG,Segovia,40.9426,-4.1285,16.21494610038831,59.45480236809046
40144,NAVARES DE LAS CUEVAS,25,41.413975,-3.75114,SG_HGSEG,Segovia,40.9426,-4.1285,16.689249841274698,61.193916084673894
40149,OLOMBRADA,503,41.415235,-4.161221,VA_RHORT,Valladolid,41.6288,-4.7115,14.072918581221957,51.60070146448051
40150,OREJANA,62,41.164679,-3.780464,SG_HGSEG,Segovia,40.9426,-4.1285,10.426104172091279,38.229048631001355
40901,ORTIGOSA DEL MONTE,587,40.843618,-4.17598,SG_HGSEG,Segovia,40.9426,-4.1285,3.192964258092599,11.707535613006197
40154,PAJAREJOS,24,41.390336,-3.590395,SG_HGSEG,Segovia,40.9426,-4.1285,18.31037376688632,67.13803714524984
40160,PINARNEGRILLO,96,41.190429,-4.206977,SG_HGSEG,Segovia,40.9426,-4.1285,7.726855167161451,28.33180227959199
40164,RAPARIEGOS,194,41.094448,-4.654168,SG_HGSEG,Segovia,40.9426,-4.1285,12.879067039602853,47.22324581187713
40168,RIAGUAS DE SAN BARTOLOMÉ,27,41.426673,-3.489892,SG_HGSEG,Segovia,40.9426,-4.1285,20.68634669744019,75.84993789061403
40170,RIAZA,2144,41.279741,-3.477249,SG_HGSEG,Segovia,40.9426,-4.1285,18.054044677562608,66.19816381772957
40172,RIOFRÍO DE RIAZA,27,41.247955,-3.449472,SG_HGSEG,Segovia,40.9426,-4.1285,18.07136201886581,66.2616607358413
40173,RODA DE ERESMA,253,41.027843,-4.181177,SG_HGSEG,Segovia,40.9426,-4.1285,2.852504668788017,10.459183785556062
40176,SAMBOAL,461,41.259287,-4.419207,SG_HGSEG,Segovia,40.9426,-4.1285,11.677586413052289,42.817816847858396
40184,SAN PEDRO DE GAÍLLOS,311,41.227045,-3.810054,SG_HGSEG,Segovia,40.9426,-4.1285,11.286787444594259,41.38488729684561
40180,SANGARCÍA,279,40.94739,-4.414372,SG_HGSEG,Segovia,40.9426,-4.1285,6.549886013803672,24.01624871728013
40188,SANTIUSTE DE PEDRAZA,85,41.090249,-3.885872,SG_HGSEG,Segovia,40.9426,-4.1285,7.132327512038027,26.15186754413943
40189,SANTIUSTE DE SAN JUAN BAUTISTA,535,41.157174,-4.572056,SG_HGSEG,Segovia,40.9426,-4.1285,12.051755237845553,44.18976920543369
40190,SANTO DOMINGO DE PIRÓN,51,41.040761,-3.989693,SG_HGSEG,Segovia,40.9426,-4.1285,4.353934227965856,15.964425502541472
40191,SANTO TOMÉ DEL PUERTO,234,41.194376,-3.577427,SG_HGSEG,Segovia,40.9426,-4.1285,14.732359660398092,54.018652088126345
40203,TORRECABALLEROS,1496,40.993056,-4.02467,SG_HGSEG,Segovia,40.9426,-4.1285,2.827362505426647,10.366995853231039
40205,TORREIGLESIAS,256,41.102316,-4.03151,SG_HGSEG,Segovia,40.9426,-4.1285,5.3276702947230605,19.534791080651225
40208,TURÉGANO,1017,41.156184,-4.00692,SG_HGSEG,Segovia,40.9426,-4.1285,7.0487261355286375,25.845329163605005
40210,URUEÑAS,98,41.357487,-3.773242,SG_HGSEG,Segovia,40.9426,-4.1285,14.970340776591351,54.891249514168294
40212,VALDEVACAS DE MONTEJO,29,41.522097,-3.635853,SG_HGSEG,Segovia,40.9426,-4.1285,20.858318098227965,76.48049969350254
40213,VALDEVACAS Y GUIJAR,80,41.145596,-3.911057,SG_HGSEG,Segovia,40.9426,-4.1285,7.913959696998908,29.017852222329328
40220,VALLERUELA DE PEDRAZA,65,41.179416,-3.806666,SG_HGSEG,Segovia,40.9426,-4.1285,10.282595504181826,37.70285018200003
40215,VALTIENDAS,77,41.478474,-3.917103,SG_HGSEG,Segovia,40.9426,-4.1285,16.951377341041784,62.155050250486546
40224,VENTOSILLA Y TEJADILLA,17,41.18148,-3.694411,SG_HGSEG,Segovia,40.9426,-4.1285,12.288157071486715,45.056575928784625
40229,VILLAVERDE DE MONTEJO,21,41.521959,-3.653998,SG_HGSEG,Segovia,40.9426,-4.1285,20.634805190781936,75.66095236620043
40230,VILLEGUILLO,120,41.252396,-4.578348,VA_RHORT,Valladolid,41.6288,-4.7115,11.809321650898791,43.300846053295565
40231,YANGUAS DE ERESMA,117,41.071735,-4.238239,SG_HGSEG,Segovia,40.9426,-4.1285,4.652200576070086,17.058068778923648
40233,ZARZUELA DEL MONTE,498,40.808102,-4.337811,SG_HGSEG,Segovia,40.9426,-4.1285,6.298609697633823,23.09490222465735
42004,ÁGREDA,3094,41.85517,-1.919656,SO_HSANTA,Soria,41.7715,-2.4715,12.728508163684925,46.67119660017806
42007,ALCUBILLA DE AVELLANEDA,107,41.72597,-3.304091,SO_HSANTA,Soria,41.7715,-2.4715,18.8880794509802,69.25629132026073
42011,ALDEALPOZO,18,41.781557,-2.206628,SO_HSANTA,Soria,41.7715,-2.4715,5.997969680722414,21.992555495982185
42017,ALMAJANO,182,41.849992,-2.33881,SO_HSANTA,Soria,41.7715,-2.4715,3.8290346826627704,14.039793836430158
42018,ALMALUEZ,124,41.289722,-2.269073,SO_HSANTA,Soria,41.7715,-2.4715,15.316017938165166,56.158732439938944
42023,ALPANSEQUE,51,41.263992,-2.670754,SO_HSANTA,Soria,41.7715,-2.4715,16.041850225959948,58.82011749518648
42025,ARCOS DE JALÓN,1545,41.213421,-2.272513,SO_HSANTA,Soria,41.7715,-2.4715,17.51743203329284,64.23058412207376
42027,ARÉVALO DE LA SIERRA,70,41.946218,-2.400539,SO_HSANTA,Soria,41.7715,-2.4715,5.535584775320278,20.297144176174356
42030,BARCA,107,41.456047,-2.621555,SO_HSANTA,Soria,41.7715,-2.4715,10.153349657073555,37.22894874260303
42034,BERATÓN,41,41.717639,-1.81145,SO_HSANTA,Soria,41.7715,-2.4715,15.023813392370386,55.087315772024745
42035,BERLANGA DE DUERO,831,41.464781,-2.860727,SO_HSANTA,Soria,41.7715,-2.4715,12.82128527284851,47.011379333777874
42037,BLIECOS,26,41.528401,-2.27158,SO_HSANTA,Soria,41.7715,-2.4715,8.6528528707321,31.727127192684367
42049,CANDILICHERA,104,41.704083,-2.299948,SO_HSANTA,Soria,41.7715,-2.4715,4.387528963388397,16.08760619909079
42052,CARACENA,14,41.383482,-3.090087,SO_HSANTA,Soria,41.7715,-2.4715,18.31347609354555,67.14941234300035
42054,CARRASCOSA DE LA SIERRA,19,41.894422,-2.281815,SO_HSANTA,Soria,41.7715,-2.4715,5.680319997422618,20.8278399905496
42057,CASTILRUIZ,158,41.877087,-2.059202,SO_HSANTA,Soria,41.7715,-2.4715,9.852218853878561,36.124802464221396
42059,CENTENERA DE ANDALUZ,21,41.50701,-2.718486,SO_HSANTA,Soria,41.7715,-2.4715,9.781014402623903,35.86371947628765
42063,CIHUELA,39,41.406065,-1.998879,SO_HSANTA,Soria,41.7715,-2.4715,15.418372560873658,56.53403272320341
42068,COSCURITA,68,41.434917,-2.475496,SO_HSANTA,Soria,41.7715,-2.4715,10.207580937913509,37.42779677234954
42069,COVALEDA,1574,41.935538,-2.881622,SO_HSANTA,Soria,41.7715,-2.4715,10.515105245358175,38.55538589964664
42071,CUBO DE LA SOLANA,163,41.602535,-2.422862,SO_HSANTA,Soria,41.7715,-2.4715,5.241071618083708,19.21726259964026
42075,DÉVANOS,72,41.904517,-1.946771,SO_HSANTA,Soria,41.7715,-2.4715,12.523068584794212,45.91791814424544
42079,ESCOBOSA DE ALMAZÁN,20,41.486843,-2.370884,SO_HSANTA,Soria,41.7715,-2.4715,8.928673862518151,32.73847082923322
42080,ESPEJA DE SAN MARCELINO,151,41.802153,-3.22091,SO_HSANTA,Soria,41.7715,-2.4715,16.970984476806358,62.22694308162332
42085,FUENTEARMEGIL,150,41.715032,-3.182361,SO_HSANTA,Soria,41.7715,-2.4715,16.175664401163857,59.31076947093414
42090,FUENTEPINILLA,78,41.568046,-2.763271,SO_HSANTA,Soria,41.7715,-2.4715,9.041764575686075,33.153136777515606
42092,FUENTES DE MAGAÑA,51,41.934643,-2.179256,SO_HSANTA,Soria,41.7715,-2.4715,8.249546280945989,30.248336363468628
42095,GOLMAYO,3059,41.765435,-2.524146,SO_HSANTA,Soria,41.7715,-2.4715,1.204886267887773,4.417916315588501
42096,GÓMARA,288,41.623744,-2.224964,SO_HSANTA,Soria,41.7715,-2.4715,7.158271429601215,26.246995241871122
42098,HERRERA DE SORIA,11,41.763005,-3.012166,SO_HSANTA,Soria,41.7715,-2.4715,12.231893812693041,44.85027731320782
42100,HINOJOSA DEL CAMPO,25,41.738475,-2.101202,SO_HSANTA,Soria,41.7715,-2.4715,8.436933623612584,30.935423286579475
42103,LANGA DE DUERO,716,41.610246,-3.401614,SO_HSANTA,Soria,41.7715,-2.4715,21.623162060892117,79.28492755660443
42111,MATAMALA DE ALMAZÁN,254,41.504944,-2.639855,SO_HSANTA,Soria,41.7715,-2.4715,8.938831019453998,32.77571373799799
42121,MONTENEGRO DE CAMEROS,45,42.089736,-2.753835,SO_HSANTA,Soria,41.7715,-2.4715,11.563368415450988,42.39901752332029
42127,NAFRÍA DE UCERO,36,41.721902,-3.094882,SO_HSANTA,Soria,41.7715,-2.4715,14.184590077709483,52.0101636182681
42129,NAVALENO,732,41.837927,-3.004147,SO_HSANTA,Soria,41.7715,-2.4715,12.208111561338766,44.76307572490881
42130,NEPAS,50,41.526207,-2.398155,SO_HSANTA,Soria,41.7715,-2.4715,7.622139759615395,27.947845785256447
42131,NOLAY,48,41.527162,-2.351879,SO_HSANTA,Soria,41.7715,-2.4715,7.890007581427888,28.93002779856892
42134,ÓLVEGA,3838,41.780458,-1.982666,SO_HSANTA,Soria,41.7715,-2.4715,11.058642828752193,40.54835703875804
42142,POZALMURO,46,41.772888,-2.105486,SO_HSANTA,Soria,41.7715,-2.4715,8.278250167839506,30.353583948744852
42144,QUINTANA REDONDA,512,41.640181,-2.615064,SO_HSANTA,Soria,41.7715,-2.4715,5.14042580202459,18.848227940756832
42151,REBOLLAR,36,41.913671,-2.505113,SO_HSANTA,Soria,41.7715,-2.4715,4.377828071035242,16.052036260462554
42152,RECUERDA,62,41.475719,-2.994772,SO_HSANTA,Soria,41.7715,-2.4715,14.87174446663007,54.529729710976916
42162,SAN ESTEBAN DE GORMAZ,2935,41.575287,-3.208325,SO_HSANTA,Soria,41.7715,-2.4715,17.719326182677612,64.9708626698179
42167,SANTA MARÍA DE HUERTA,242,41.2613,-2.176743,SO_HSANTA,Soria,41.7715,-2.4715,16.857844568826703,61.81209675236458
42173,SORIA,40750,41.763279,-2.466248,SO_HSANTA,Soria,41.7715,-2.4715,0.2761647122356145,1.01260394486392
42174,SOTILLO DEL RINCÓN,175,41.932333,-2.60238,SO_HSANTA,Soria,41.7715,-2.4715,5.703468535504496,20.912717963516485
42182,TARODA,46,41.347626,-2.432282,SO_HSANTA,Soria,41.7715,-2.4715,12.885124253416743,47.245455595861394
42187,TORRUBIA DE SORIA,56,41.630205,-2.090283,SO_HSANTA,Soria,41.7715,-2.4715,9.636609428418021,35.33423457086608
42194,VALDEMALUQUE,137,41.674636,-3.046881,SO_HSANTA,Soria,41.7715,-2.4715,13.35051483602797,48.95188773210256
42195,VALDENEBRO,94,41.572391,-2.965497,SO_HSANTA,Soria,41.7715,-2.4715,12.715302025198561,46.62277409239472
42205,VILLACIERVOS,86,41.764907,-2.627552,SO_HSANTA,Soria,41.7715,-2.4715,3.5353100105074877,12.962803371860788
42206,VILLANUEVA DE GORMAZ,8,41.46782,-3.062373,SO_HSANTA,Soria,41.7715,-2.4715,16.255779059016223,59.60452321639281
42207,VILLAR DEL ALA,50,41.915081,-2.56636,SO_HSANTA,Soria,41.7715,-2.4715,4.853039533057016,17.794478287875727
42212,VILLASAYAS,60,41.353106,-2.610282,SO_HSANTA,Soria,41.7715,-2.4715,13.073111836961886,47.93474340219358
42216,VIZMANOS,30,42.024339,-2.408754,SO_HSANTA,Soria,41.7715,-2.4715,7.797282070090132,28.59003425699715
42217,VOZMEDIANO,33,41.837776,-1.856273,SO_HSANTA,Soria,41.7715,-2.4715,14.052015230255977,51.52405584427192
47004,ALAEJOS,1407,41.307568,-5.216757,SA_CHUSAL,Salamanca,40.964,-5.6731,14.737397579187112,54.03712445701941
47006,ALDEA DE SAN MIGUEL,218,41.461157,-4.618505,VA_RHORT,Valladolid,41.6288,-4.7115,5.50466486338565,20.183771165747384
47012,BAHABÓN,93,41.48134,-4.282392,VA_RHORT,Valladolid,41.6288,-4.7115,10.715614579720976,39.29058679231024
47014,BARRUELO DEL VALLE,52,41.672471,-5.068676,VA_RHORT,Valladolid,41.6288,-4.7115,8.201182515437488,30.071002556604125
47015,BECILLA DE VALDERADUEY,200,42.098502,-5.218428,ZA_BENAV,Benavente,42.0023,-5.6783,10.758790531289032,39.44889861472645
47016,BENAFARCES,70,41.620989,-5.293992,VA_RHORT,Valladolid,41.6288,-4.7115,13.206547436739148,48.42400726804354
47018,BERCERUELO,36,41.580409,-5.033611,VA_RHORT,Valladolid,41.6288,-4.7115,7.450152581372127,27.3172261316978
47022,BOCOS DE DUERO,81,41.623549,-4.068953,VA_RHORT,Valladolid,41.6288,-4.7115,14.566375943573359,53.41004512643565
47023,BOECILLO,4357,41.540459,-4.699397,VA_RHORT,Valladolid,41.6288,-4.7115,2.693049018227676,9.874513066834812
47028,CABEZÓN DE VALDERADUEY,33,42.167219,-5.159357,ZA_BENAV,Benavente,42.0023,-5.6783,12.70531614791354,46.586159209016316
47030,CAMPASPERO,1004,41.491478,-4.195033,VA_RHORT,Valladolid,41.6288,-4.7115,12.437364257113387,45.60366894274908
47033,CANALEJAS DE PEÑAFIEL,252,41.527118,-4.116448,VA_RHORT,Valladolid,41.6288,-4.7115,13.84666964640555,50.77112203682035
47034,CANILLAS DE ESGUEVA,73,41.756101,-4.12465,PA_CAUPA,Palencia,42.0006,-4.5397,11.950069483458229,43.816921439346835
47036,CASASOLA DE ARIÓN,215,41.579055,-5.240581,VA_RHORT,Valladolid,41.6288,-4.7115,12.092029755930659,44.33744243841242
47037,CASTREJÓN DE TRABANCOS,176,41.251815,-5.170484,SA_CHUSAL,Salamanca,40.964,-5.6731,14.424906637255393,52.891324336603105
47038,CASTRILLO DE DUERO,121,41.575542,-4.015179,VA_RHORT,Valladolid,41.6288,-4.7115,15.872726503635935,58.19999717999843
47039,CASTRILLO-TEJERIEGO,152,41.703585,-4.370754,VA_RHORT,Valladolid,41.6288,-4.7115,8.045636233045219,29.500666187832465
47048,CEINOS DE CAMPOS,172,42.031639,-5.151001,ZA_BENAV,Benavente,42.0023,-5.6783,11.913569636171422,43.68308866596188
47050,CIGALES,5364,41.758128,-4.699857,VA_RHORT,Valladolid,41.6288,-4.7115,3.930838534363613,14.413074625999913
47053,COGECES DE ÍSCAR,144,41.406704,-4.546162,VA_RHORT,Valladolid,41.6288,-4.7115,7.710904278515774,28.27331568789117
47056,CORRALES DE DUERO,105,41.670637,-4.04931,PA_CAUPA,Palencia,42.0006,-4.5397,14.929756360072078,54.742439986930954
47031,EL CAMPILLO,198,41.25718,-5.013082,VA_RHORT,Valladolid,41.6288,-4.7115,13.191188352550409,48.36769062601817
47061,ESGUEVILLAS DE ESGUEVA,258,41.751634,-4.379978,PA_CAUPA,Palencia,42.0006,-4.5397,8.367292067855766,30.68007091547114
47066,FUENSALDAÑA,2137,41.707279,-4.765417,VA_RHORT,Valladolid,41.6288,-4.7115,2.675071469181157,9.808595386997576
47075,ÍSCAR,6396,41.364199,-4.530714,VA_RHORT,Valladolid,41.6288,-4.7115,9.013929012804688,33.05107304695052
47079,LLANO DE OLMEDO,161,41.268111,-4.612954,VA_RHORT,Valladolid,41.6288,-4.7115,11.16522377556789,40.93915384374893
47078,LOMOVIEJO,51,41.1499,-4.917847,VA_RHORT,Valladolid,41.6288,-4.7115,15.26300567594293,55.96435414512408
47082,MATAPOZUELOS,1015,41.411466,-4.790444,VA_RHORT,Valladolid,41.6288,-4.7115,6.830243353526702,25.044225629597907
47086,MEDINA DE RIOSECO,4537,41.883071,-5.043182,VA_RHORT,Valladolid,41.6288,-4.7115,10.759298319688828,39.4507605055257
47085,MEDINA DEL CAMPO,20097,41.307578,-4.915187,VA_RHORT,Valladolid,41.6288,-4.7115,10.785043297477111,39.545158757416075
47087,MEGECES,422,41.407829,-4.564194,VA_RHORT,Valladolid,41.6288,-4.7115,7.489512232454361,27.461544852332654
47088,MELGAR DE ABAJO,114,42.244874,-5.141655,ZA_BENAV,Benavente,42.0023,-5.6783,14.135517076992572,51.8302292823061
47093,MONTEMAYOR DE PILILLA,860,41.507564,-4.458115,VA_RHORT,Valladolid,41.6288,-4.7115,6.824098569304214,25.02169475411545
47095,MORALEJA DE LAS PANADERAS,38,41.276581,-4.825629,VA_RHORT,Valladolid,41.6288,-4.7115,10.991837370705062,40.30340369258522
47113,PEDROSA DEL REY,148,41.555517,-5.204443,VA_RHORT,Valladolid,41.6288,-4.7115,11.398865742618474,41.79584105626774
47116,PESQUERA DE DUERO,423,41.641261,-4.155937,VA_RHORT,Valladolid,41.6288,-4.7115,12.597664671249621,46.19143712791528
47117,PIÑA DE ESGUEVA,310,41.729762,-4.428181,VA_RHORT,Valladolid,41.6288,-4.7115,7.110104357186314,26.070382643016483
47118,PIÑEL DE ABAJO,163,41.67531,-4.14655,VA_RHORT,Valladolid,41.6288,-4.7115,12.878837892104801,47.22240560438427
47121,POLLOS,562,41.443478,-5.125271,VA_RHORT,Valladolid,41.6288,-4.7115,10.945596772618616,40.13385483293493
47122,PORTILLO,2368,41.479073,-4.588062,VA_RHORT,Valladolid,41.6288,-4.7115,5.335188970744779,19.562359559397525
47128,QUINTANILLA DEL MOLAR,47,41.989635,-5.44962,ZA_BENAV,Benavente,42.0023,-5.6783,5.168269150940958,18.950320220116843
47132,RAMIRO,46,41.229212,-4.786011,VA_RHORT,Valladolid,41.6288,-4.7115,12.235720274896785,44.86430767462155
47134,ROALES DE CAMPOS,165,42.030363,-5.475452,ZA_BENAV,Benavente,42.0023,-5.6783,4.6488750453875,17.045875166420835
47135,ROBLADILLO,87,41.607928,-4.910004,VA_RHORT,Valladolid,41.6288,-4.7115,4.544614830734753,16.663587712694095
47141,SALVADOR DE ZAPARDIEL,103,41.116022,-4.875781,AV_SONSESOLES,Ávila,40.6659,-4.6667,14.467424458844407,53.04722301576283
47143,SAN LLORENTE,94,41.686177,-4.064678,PA_CAUPA,Palencia,42.0006,-4.5397,14.35570743589117,52.637593931600954
47146,SAN MIGUEL DEL PINO,367,41.507925,-4.910046,VA_RHORT,Valladolid,41.6288,-4.7115,5.807734029702832,21.29502477557705
47150,SAN ROMÁN DE HORNIJA,301,41.480299,-5.2844,VA_RHORT,Valladolid,41.6288,-4.7115,13.7590059577596,50.4496885117852
47153,SANTERVÁS DE CAMPOS,108,42.21716,-5.100967,PA_CAUPA,Palencia,42.0006,-4.5397,14.23302421932301,52.18775547085104
47155,SANTOVENIA DE PISUERGA,4703,41.696355,-4.691031,VA_RHORT,Valladolid,41.6288,-4.7115,2.1004959322028216,7.701818418077012
47160,SIETE IGLESIAS DE TRABANCOS,419,41.351575,-5.185259,VA_RHORT,Valladolid,41.6288,-4.7115,13.65645700234834,50.073675675277244
47161,SIMANCAS,5538,41.590468,-4.827798,VA_RHORT,Valladolid,41.6288,-4.7115,2.881823530314802,10.566686277820942
47164,TORDEHUMOS,375,41.813274,-5.160723,VA_RHORT,Valladolid,41.6288,-4.7115,11.605522090623898,42.55358099895429
47169,TORRE DE ESGUEVA,62,41.767453,-4.200039,PA_CAUPA,Palencia,42.0006,-4.5397,10.430687848696783,38.24585544522154
47167,TORRECILLA DE LA ORDEN,227,41.219535,-5.222893,SA_CHUSAL,Salamanca,40.964,-5.6731,12.881298443426761,47.23142762589813
47175,TUDELA DE DUERO,8786,41.584008,-4.58001,VA_RHORT,Valladolid,41.6288,-4.7115,3.2764299813340023,12.013576598224676
47177,URONES DE CASTROPONCE,100,42.098766,-5.282976,ZA_BENAV,Benavente,42.0023,-5.6783,9.370494396220877,34.35847945280988
47179,VALBUENA DE DUERO,399,41.642469,-4.292685,VA_RHORT,Valladolid,41.6288,-4.7115,9.501527448010313,34.838933976037815
47182,VALDESTILLAS,1612,41.475807,-4.771542,VA_RHORT,Valladolid,41.6288,-4.7115,4.835603525029462,17.73054625844136
47184,VALORIA LA BUENA,745,41.800538,-4.530895,PA_CAUPA,Palencia,42.0006,-4.5397,6.070312351168361,22.25781195428399
47185,VALVERDE DE CAMPOS,91,41.834445,-5.038214,VA_RHORT,Valladolid,41.6288,-4.7115,9.672788492475167,35.466891139075614
47187,VEGA DE RUIPONCE,81,42.189383,-5.112883,ZA_BENAV,Benavente,42.0023,-5.6783,13.930903137357877,51.079978170312216
47190,VELILLA,113,41.557855,-5.005444,VA_RHORT,Valladolid,41.6288,-4.7115,7.005207381285117,25.685760398045428
47204,VILLAFRANCA DE DUERO,241,41.433041,-5.299808,VA_RHORT,Valladolid,41.6288,-4.7115,14.61562598015037,53.59062859388469
47205,VILLAFRECHÓS,468,41.893601,-5.218732,ZA_BENAV,Benavente,42.0023,-5.6783,10.877046714247351,39.88250461890696
47207,VILLAGARCÍA DE CAMPOS,288,41.780862,-5.192977,VA_RHORT,Valladolid,41.6288,-4.7115,11.836240098854415,43.399547029132854
47208,VILLAGÓMEZ LA NUEVA,51,42.155308,-5.143798,ZA_BENAV,Benavente,42.0023,-5.6783,12.894654288485864,47.2803990577815
47211,VILLALBA DE LA LOMA,58,42.174231,-5.19036,ZA_BENAV,Benavente,42.0023,-5.6783,12.156136427413237,44.57250023384854
47215,VILLAMURIEL DE CAMPOS,51,41.947288,-5.207902,ZA_BENAV,Benavente,42.0023,-5.6783,10.73573553376605,39.36436362380885
47219,VILLANUEVA DE LA CONDESA,59,42.149559,-5.094746,PA_CAUPA,Palencia,42.0006,-4.5397,13.285567684056351,48.71374817487329
47220,VILLANUEVA DE LOS CABALLEROS,157,41.757954,-5.246853,ZA_BENAV,Benavente,42.0023,-5.6783,12.239549506502081,44.87834819050764
47222,VILLANUEVA DE SAN MANCIO,102,41.929006,-5.01294,PA_CAUPA,Palencia,42.0006,-4.5397,10.889700686106064,39.92890251572223
47228,VILLAVERDE DE MEDINA,529,41.305828,-5.02429,VA_RHORT,Valladolid,41.6288,-4.7115,12.101749385785137,44.37308108121217
47229,VILLAVICENCIO DE LOS CABALLEROS,221,42.055911,-5.237536,ZA_BENAV,Benavente,42.0023,-5.6783,10.060962717705472,36.890196631586726
47230,WAMBA,295,41.676224,-4.917681,VA_RHORT,Valladolid,41.6288,-4.7115,4.88824199977159,17.923553999162497
47231,ZARATÁN,6383,41.661516,-4.782892,VA_RHORT,Valladolid,41.6288,-4.7115,1.8978525756520368,6.958792777390801
49003,ALCAÑICES,1061,41.698389,-6.349441,ZA_BENAV,Benavente,42.0023,-5.6783,17.74219718102371,65.05472299708694
49006,ALGODRE,135,41.565075,-5.603893,ZA_BENAV,Benavente,42.0023,-5.6783,13.365565303341803,49.00707277891995
49014,ARQUILLINOS,113,41.710013,-5.657693,ZA_BENAV,Benavente,42.0023,-5.6783,8.876075702987952,32.54561091095582
49021,BENAVENTE,17246,42.001729,-5.680069,ZA_BENAV,Benavente,42.0023,-5.6783,0.043464159051728325,0.15936858318967054
49023,BERMILLO DE SAYAGO,1026,41.365772,-6.112893,SA_CHUSAL,Salamanca,40.964,-5.6731,15.787991944700389,57.88930379723476
49025,BRETÓ,166,41.879666,-5.738828,ZA_BENAV,Benavente,42.0023,-5.6783,3.961696953141608,14.52622216151923
49032,CALZADILLA DE TERA,287,41.978755,-6.082691,ZA_BENAV,Benavente,42.0023,-5.6783,9.142840713212205,33.52374928177809
49035,CAÑIZO,201,41.768899,-5.501928,ZA_BENAV,Benavente,42.0023,-5.6783,8.121283593065574,29.77803984124044
49036,CARBAJALES DE ALBA,466,41.653445,-5.9982,ZA_BENAV,Benavente,42.0023,-5.6783,12.81322898183469,46.98183960006053
49037,CARBELLINO,182,41.231962,-6.146234,SA_CHUSAL,Salamanca,40.964,-5.6731,13.525775733828219,49.594511024036805
49040,CASTRILLO DE LA GUAREÑA,118,41.230412,-5.325581,SA_CHUSAL,Salamanca,40.964,-5.6731,11.329086838364672,41.539985074003795
49041,CASTROGONZALO,430,41.989997,-5.602921,ZA_BENAV,Benavente,42.0023,-5.6783,1.7393702502652206,6.377690917639143
49044,CAZURRA,74,41.415698,-5.703679,SA_CHUSAL,Salamanca,40.964,-5.6731,13.715907518148455,50.29166089987767
49050,COBREROS,545,42.07568,-6.701618,LE_BIERZO,Ponferrada,42.5461,-6.5908,14.480753007792018,53.096094361904065
49052,COOMONTE,179,42.115615,-5.813078,ZA_BENAV,Benavente,42.0023,-5.6783,4.584490592390147,16.809798838763875
49053,CORESES,1037,41.548549,-5.621692,ZA_BENAV,Benavente,42.0023,-5.6783,13.819828618717382,50.67270493529707
49056,CUBILLOS,295,41.574076,-5.739663,ZA_BENAV,Benavente,42.0023,-5.6783,13.060185039785543,47.887345145880325
49061,ENTRALA,127,41.429612,-5.756791,SA_CHUSAL,Salamanca,40.964,-5.6731,14.248654244217029,52.245065562129106
49063,FARAMONTANOS DE TÁBARA,340,41.834747,-5.888643,ZA_BENAV,Benavente,42.0023,-5.6783,6.953229418426144,25.495174534229196
49066,FERRERAS DE ABAJO,451,41.896725,-6.079679,ZA_BENAV,Benavente,42.0023,-5.6783,9.602327155081948,35.208532901967146
49075,FRESNO DE LA POLVOROSA,114,42.08291,-5.76932,ZA_BENAV,Benavente,42.0023,-5.6783,3.190299743135283,11.69776572482937
49076,FRESNO DE LA RIBERA,342,41.529276,-5.565781,ZA_BENAV,Benavente,42.0023,-5.6783,14.56889831927842,53.4192938373542
49080,FUENTELAPEÑA,599,41.253567,-5.382496,SA_CHUSAL,Salamanca,40.964,-5.6731,11.009250913441122,40.36725334928411
49082,FUENTES DE ROPEL,361,42.003416,-5.54672,ZA_BENAV,Benavente,42.0023,-5.6783,2.9654159469158845,10.873191805358243
49084,FUENTESPREADAS,290,41.326135,-5.627685,SA_CHUSAL,Salamanca,40.964,-5.6731,11.030929383365372,40.44674107233969
49087,GALLEGOS DEL RÍO,467,41.735192,-6.174306,ZA_BENAV,Benavente,42.0023,-5.6783,13.823249212409744,50.68524711216906
49088,GAMONES,92,41.467828,-6.179007,SA_CHUSAL,Salamanca,40.964,-5.6731,19.147734167718298,70.2083586149671
49092,GRANUCILLO,104,42.050505,-5.928251,ZA_BENAV,Benavente,42.0023,-5.6783,5.81735949164459,21.33031813603016
49096,JAMBRINA,149,41.393734,-5.664614,SA_CHUSAL,Salamanca,40.964,-5.6731,13.033504929983517,47.78951807660623
49095,LA HINIESTA,307,41.552479,-5.798698,ZA_BENAV,Benavente,42.0023,-5.6783,13.910304595251638,51.00445018258934
49220,LA TORRE DEL VALLE,125,42.090292,-5.724301,ZA_BENAV,Benavente,42.0023,-5.6783,2.8624703820000286,10.495724734000104
49098,LOSACINO,187,41.680865,-6.079613,ZA_BENAV,Benavente,42.0023,-5.6783,13.312531644714573,48.8126160306201
49099,LOSACIO,89,41.711005,-6.039793,ZA_BENAV,Benavente,42.0023,-5.6783,12.02931109215822,44.10747400458014
49103,MADRIDANOS,453,41.478865,-5.604748,SA_CHUSAL,Salamanca,40.964,-5.6731,15.6913876641464,57.53508810187014
49108,MANGANESES DE LA LAMPREANA,439,41.752006,-5.71054,ZA_BENAV,Benavente,42.0023,-5.6783,7.6252174593104085,27.959130684138167
49110,MANZANAL DE ARRIBA,350,41.992066,-6.440134,LE_BIERZO,Ponferrada,42.5461,-6.5908,17.13838825420838,62.84075693209739
49113,MATILLA DE ARZÓN,157,42.106173,-5.64214,ZA_BENAV,Benavente,42.0023,-5.6783,3.253570646916455,11.929759038693668
49115,MAYALDE,152,41.250974,-5.797714,SA_CHUSAL,Salamanca,40.964,-5.6731,9.156714695568489,33.57462055041779
49119,MOLACILLOS,233,41.582699,-5.66014,ZA_BENAV,Benavente,42.0023,-5.6783,12.731395979564617,46.68178525840359
49122,MONFARRACINOS,995,41.553871,-5.706796,ZA_BENAV,Benavente,42.0023,-5.6783,13.614268687139154,49.9189851861769
49125,MORALEJA DEL VINO,1806,41.462369,-5.656529,SA_CHUSAL,Salamanca,40.964,-5.6731,15.118210095423049,55.433437016551174
49129,MORALES DE TORO,919,41.53653,-5.30865,VA_RHORT,Valladolid,41.6288,-4.7115,13.831555297849382,50.71570275878106
49131,MORALINA,219,41.490188,-6.13612,ZA_BENAV,Benavente,42.0023,-5.6783,18.667861361995694,68.44882499398422
49133,MORERUELA DE TÁBARA,288,41.799298,-5.869357,ZA_BENAV,Benavente,42.0023,-5.6783,7.51640189753899,27.560140290976296
49134,MUELAS DE LOS CABALLEROS,188,42.12859,-6.333507,LE_BIERZO,Ponferrada,42.5461,-6.5908,13.913135482564652,51.01483010273706
49137,NAVIANOS DE VALVERDE,163,41.953381,-5.818595,ZA_BENAV,Benavente,42.0023,-5.6783,3.4934948119896054,12.80948097729522
49138,OLMILLOS DE CASTRO,193,41.731485,-5.968528,ZA_BENAV,Benavente,42.0023,-5.6783,10.507536365540536,38.5276333403153
49141,PAJARES DE LA LAMPREANA,280,41.716097,-5.696108,ZA_BENAV,Benavente,42.0023,-5.6783,8.688675108598574,31.85847539819477
49150,PEQUE,122,42.072832,-6.275639,ZA_BENAV,Benavente,42.0023,-5.6783,13.622932910456209,49.9507540050061
49154,PÍAS,94,42.085751,-6.99868,LE_BIERZO,Ponferrada,42.5461,-6.5908,16.68983720427695,61.196069749015486
49156,PINILLA DE TORO,184,41.627694,-5.365317,ZA_BENAV,Benavente,42.0023,-5.6783,13.382698049556307,49.06989284837312
49167,PUEBLICA DE VALVERDE,177,41.917939,-5.900112,ZA_BENAV,Benavente,42.0023,-5.6783,5.618276172337458,20.600345965237345
49170,QUINTANILLA DE URZ,97,42.033657,-5.849926,ZA_BENAV,Benavente,42.0023,-5.6783,3.981971978822048,14.60056392234751
49169,QUINTANILLA DEL OLMO,45,41.905126,-5.406575,ZA_BENAV,Benavente,42.0023,-5.6783,6.799912014359847,24.933010719319437
49172,RABANALES,488,41.742732,-6.277389,ZA_BENAV,Benavente,42.0023,-5.6783,15.651785597788843,57.38988052522576
49174,REQUEJO,111,42.031464,-6.742481,LE_BIERZO,Ponferrada,42.5461,-6.5908,15.97344184355356,58.56928675969639
49177,RIONEGRO DEL PUENTE,234,42.005835,-6.226713,ZA_BENAV,Benavente,42.0023,-5.6783,12.358978446857869,45.31625430514552
49181,ROSINOS DE LA REQUEJADA,305,42.089354,-6.536089,LE_BIERZO,Ponferrada,42.5461,-6.5908,13.905451910812722,50.986657006313315
49187,SAN CRISTÓBAL DE ENTREVIÑAS,1318,42.046925,-5.633942,ZA_BENAV,Benavente,42.0023,-5.6783,1.6822540793181342,6.168264957499825
49189,SAN JUSTO,215,42.133534,-6.623912,LE_BIERZO,Ponferrada,42.5461,-6.5908,12.533427250592895,45.955899918840615
49193,SAN PEDRO DE CEQUE,421,42.043789,-6.072703,ZA_BENAV,Benavente,42.0023,-5.6783,8.973886509780893,32.90425053586328
49197,SANTA CLARA DE AVEDILLO,159,41.338576,-5.677898,SA_CHUSAL,Salamanca,40.964,-5.6731,11.359878565123228,41.65288807211851
49201,SANTA CROYA DE TERA,260,41.983568,-5.974788,ZA_BENAV,Benavente,42.0023,-5.6783,6.706649772930756,24.591049167412773
49202,SANTA EUFEMIA DEL BARCO,169,41.678493,-5.899538,ZA_BENAV,Benavente,42.0023,-5.6783,11.018674422906068,40.40180621732225
49203,SANTA MARÍA DE LA VEGA,290,42.085074,-5.809914,ZA_BENAV,Benavente,42.0023,-5.6783,3.884182588379044,14.242002824056495
49204,SANTA MARÍA DE VALVERDE,51,41.93514,-5.935507,ZA_BENAV,Benavente,42.0023,-5.6783,6.146633889213201,22.537657593781738
49205,SANTIBÁÑEZ DE TERA,358,41.98576,-5.924556,ZA_BENAV,Benavente,42.0023,-5.6783,5.572892595891324,20.433939518268186
49207,SANTOVENIA,227,41.879481,-5.708693,ZA_BENAV,Benavente,42.0023,-5.6783,3.787168038785325,13.886282808879525
49210,SANZOLES,466,41.4326,-5.567473,SA_CHUSAL,Salamanca,40.964,-5.6731,14.413652919830898,52.85006070604663
49214,TÁBARA,748,41.824648,-5.959828,ZA_BENAV,Benavente,42.0023,-5.6783,8.329990044083068,30.543296828304584
49219,TORO,8369,41.51991,-5.394642,VA_RHORT,Valladolid,41.6288,-4.7115,15.846049326313777,58.102180863150515
49222,TORRES DEL CARRIZAL,407,41.616409,-5.670646,ZA_BENAV,Benavente,42.0023,-5.6783,11.703766477784615,42.91381041854359
49227,VALCABADO,415,41.548464,-5.748651,ZA_BENAV,Benavente,42.0023,-5.6783,13.854639076232614,50.80034327951958
49231,VEGA DE TERA,287,41.998292,-6.12514,ZA_BENAV,Benavente,42.0023,-5.6783,10.070897194404681,36.926623046150496
49237,VIDEMALA,140,41.612033,-6.040129,ZA_BENAV,Benavente,42.0023,-5.6783,14.38636256475091,52.74999607075333
49238,VILLABRÁZARO,263,42.053728,-5.728174,ZA_BENAV,Benavente,42.0023,-5.6783,1.9221303662804565,7.047811343028341
49242,VILLAFÁFILA,440,41.848791,-5.61465,ZA_BENAV,Benavente,42.0023,-5.6783,4.87178059603236,17.863195518785318
49243,VILLAFERRUEÑA,106,42.098723,-5.858886,ZA_BENAV,Benavente,42.0023,-5.6783,5.008716516317547,18.36529389316434
49244,VILLAGERIZ,64,42.118356,-5.954721,ZA_BENAV,Benavente,42.0023,-5.6783,7.149877980593626,26.21621926217663
49245,VILLALAZÁN,248,41.494172,-5.588951,ZA_BENAV,Benavente,42.0023,-5.6783,15.54146919727071,56.98538705665927
49247,VILLALCAMPO,379,41.523046,-6.046584,ZA_BENAV,Benavente,42.0023,-5.6783,16.752043770943025,61.42416049345775
49257,VILLANUEVA DE AZOAGUE,381,41.976861,-5.665146,ZA_BENAV,Benavente,42.0023,-5.6783,0.8264742471056952,3.0304055727208823
49258,VILLANUEVA DE CAMPEÁN,117,41.354861,-5.769888,SA_CHUSAL,Salamanca,40.964,-5.6731,12.057440371487933,44.21061469545575
49263,VILLAR DE FALLAVES,49,41.924957,-5.34039,ZA_BENAV,Benavente,42.0023,-5.6783,7.972490316980062,29.23246449559356
49264,VILLAR DEL BUEY,514,41.332824,-6.194783,SA_CHUSAL,Salamanca,40.964,-5.6731,16.340712440311616,59.91594561447594
49261,VILLARALBO,1805,41.491481,-5.682754,ZA_BENAV,Benavente,42.0023,-5.6783,15.491368121475947,56.80168311207847
49266,VILLÁRDIGA,62,41.818767,-5.465643,ZA_BENAV,Benavente,42.0023,-5.6783,7.349229907354285,26.947176326965714
49271,VILLAVEZA DEL AGUA,163,41.918902,-5.67901,ZA_BENAV,Benavente,42.0023,-5.6783,2.529169176468213,9.273620313716782
49275,ZAMORA,59506,41.49914,-5.754948,ZA_BENAV,Benavente,42.0023,-5.6783,15.356996350219,56.30898661746967
5012,AMAVIDA,133,40.571482,-5.061232,AV_SONSESOLES,Ávila,40.6659,-4.6667,9.52245731584983,34.91567682478271
5014,ARENAS DE SAN PEDRO,6438,40.208689,-5.091146,AV_SONSESOLES,Ávila,40.6659,-4.6667,16.977163558631965,62.249599714983866
5017,AVEINTE,73,40.783146,-4.837601,AV_SONSESOLES,Ávila,40.6659,-4.6667,5.298060919390864,19.426223371099837
5018,AVELLANEDA,23,40.388659,-5.388061,AV_SONSESOLES,Ávila,40.6659,-4.6667,18.632449325229608,68.31898085917523
5019,ÁVILA,58111,40.65587,-4.697713,AV_SONSESOLES,Ávila,40.6659,-4.6667,0.7755754345181706,2.843776593233292
5024,BECEDAS,151,40.405156,-5.634561,SA_CHUSAL,Salamanca,40.964,-5.6731,16.970598011681812,62.225526042833316
5025,BECEDILLAS,69,40.538627,-5.330911,SA_CHUSAL,Salamanca,40.964,-5.6731,15.106398244398797,55.390126896128926
5026,BERCIAL DE ZAPARDIEL,173,41.046215,-4.970729,AV_SONSESOLES,Ávila,40.6659,-4.6667,13.47772197796707,49.41831391921259
5033,BLASCOMILLÁN,170,40.801653,-5.088727,AV_SONSESOLES,Ávila,40.6659,-4.6667,10.535561531555707,38.63039228237093
5038,BONILLA DE LA SIERRA,163,40.530831,-5.264991,AV_SONSESOLES,Ávila,40.6659,-4.6667,14.37234360358078,52.69859321312953
5039,BRABOS,35,40.780343,-4.939506,AV_SONSESOLES,Ávila,40.6659,-4.6667,7.166375426561842,26.276709897393424
5040,BULARROS,55,40.72401,-4.865041,AV_SONSESOLES,Ávila,40.6659,-4.6667,4.889061372261779,17.926558364959856
5041,BURGOHONDO,1249,40.416143,-4.785928,AV_SONSESOLES,Ávila,40.6659,-4.6667,8.057104408517574,29.54271616456444
5043,CABEZAS DEL POZO,82,41.001232,-4.954812,AV_SONSESOLES,Ávila,40.6659,-4.6667,12.12907757732608,44.47328445019563
5044,CABEZAS DEL VILLAR,224,40.716278,-5.211887,AV_SONSESOLES,Ávila,40.6659,-4.6667,12.628852609601507,46.305792901872195
5047,CANDELEDA,5031,40.152483,-5.239149,AV_SONSESOLES,Ávila,40.6659,-4.6667,20.4241139472969,74.8884178067553
5049,CARDEÑOSA,419,40.742284,-4.743634,AV_SONSESOLES,Ávila,40.6659,-4.6667,2.9144510655934255,10.686320573842561
5052,CASAS DEL PUERTO,83,40.528569,-5.198357,AV_SONSESOLES,Ávila,40.6659,-4.6667,12.931193380652473,47.414375729059074
5053,CASASOLA,63,40.666857,-4.828254,AV_SONSESOLES,Ávila,40.6659,-4.6667,3.7162907034849972,13.626399246111657
5055,CASILLAS,669,40.323204,-4.572334,AV_SONSESOLES,Ávila,40.6659,-4.6667,10.61797363230859,38.9325699851315
5058,CEPEDA LA MORA,66,40.459157,-5.049197,AV_SONSESOLES,Ávila,40.6659,-4.6667,10.81491036269686,39.654671329888494
5067,CHAMARTÍN,62,40.701615,-4.958112,AV_SONSESOLES,Ávila,40.6659,-4.6667,6.788471262914745,24.891061297354064
5065,CRESPOS,482,40.873201,-4.969946,AV_SONSESOLES,Ávila,40.6659,-4.6667,9.38230463626533,34.40178366630621
5066,CUEVAS DEL VALLE,517,40.294204,-5.009394,AV_SONSESOLES,Ávila,40.6659,-4.6667,13.767513113881702,50.48088141756624
5903,DIEGO DEL CARPIO,106,40.664815,-5.326063,SA_CHUSAL,Salamanca,40.964,-5.6731,12.073177009899412,44.268315702964514
5069,DONJIMENO,72,40.960049,-4.844981,AV_SONSESOLES,Ávila,40.6659,-4.6667,9.814068488079934,35.98491778962642
5021,EL BARCO DE ÁVILA,2297,40.355763,-5.527042,SA_CHUSAL,Salamanca,40.964,-5.6731,18.748859870258674,68.7458195242818
5076,EL FRESNO,591,40.614189,-4.757287,AV_SONSESOLES,Ávila,40.6659,-4.6667,2.608566144681413,9.564742530498513
5100,EL HORNILLO,280,40.249954,-5.103655,AV_SONSESOLES,Ávila,40.6659,-4.6667,16.148260894239947,59.210289945546464
5102,EL HOYO DE PINARES,2183,40.502126,-4.422706,AV_SONSESOLES,Ávila,40.6659,-4.6667,7.499674880695076,27.498807895881946
5180,EL PARRAL,62,40.797827,-4.990285,AV_SONSESOLES,Ávila,40.6659,-4.6667,8.44396829591424,30.96121708501888
5074,FONTIVEROS,725,40.930272,-4.967436,AV_SONSESOLES,Ávila,40.6659,-4.6667,10.580315332787626,38.79448955355463
5075,FRESNEDILLA,97,40.231956,-4.621118,AV_SONSESOLES,Ávila,40.6659,-4.6667,13.201712508685162,48.40627919851226
5086,GIMIALCÓN,66,40.877314,-5.122944,AV_SONSESOLES,Ávila,40.6659,-4.6667,12.284071178971354,45.041594322894966
5099,HORCAJO DE LAS TORRES,441,41.064882,-5.09062,SA_CHUSAL,Salamanca,40.964,-5.6731,13.67501302428589,50.1417144223816
5101,HOYOCASERO,311,40.399508,-4.975607,AV_SONSESOLES,Ávila,40.6659,-4.6667,10.768298121643399,39.48375977935913
5103,HOYORREDONDO,59,40.462352,-5.409823,SA_CHUSAL,Salamanca,40.964,-5.6731,16.3724416817086,60.03228616626487
5107,HURTUMPASCUAL,42,40.692758,-5.110978,AV_SONSESOLES,Ávila,40.6659,-4.6667,10.250008934386122,37.58336609274911
5108,JUNCIANA,40,40.411024,-5.557415,SA_CHUSAL,Salamanca,40.964,-5.6731,16.97917455178579,62.2569733565479
5010,LA ALDEHUELA,143,40.409487,-5.40843,SA_CHUSAL,Salamanca,40.964,-5.6731,17.883592190934976,65.57317136676158
5061,LA COLILLA,375,40.646739,-4.766502,AV_SONSESOLES,Ávila,40.6659,-4.6667,2.3684478338179584,8.68430872399918
5232,LA SERRADA,135,40.631473,-4.79268,AV_SONSESOLES,Ávila,40.6659,-4.6667,3.0809346658331553,11.296760441388237
5247,LA TORRE,38,40.588577,-4.964783,AV_SONSESOLES,Ávila,40.6659,-4.6667,7.250388285490514,26.58475704679855
5109,LANGA,450,41.007554,-4.859111,AV_SONSESOLES,Ávila,40.6659,-4.6667,11.262257173145034,41.29494296819846
5116,MALPARTIDA DE CORNEJA,91,40.520691,-5.350993,SA_CHUSAL,Salamanca,40.964,-5.6731,15.346213581415885,56.26944979852491
5124,MEDINILLA,77,40.439747,-5.618264,SA_CHUSAL,Salamanca,40.964,-5.6731,15.948344149852371,58.47726188279203
5136,MUÑICO,80,40.706625,-5.027907,AV_SONSESOLES,Ávila,40.6659,-4.6667,8.39756466141765,30.791070425198054
5141,MUÑOPEPE,104,40.633594,-4.820583,AV_SONSESOLES,Ávila,40.6659,-4.6667,3.6736521720445268,13.470057964163264
5147,NARROS DEL CASTILLO,152,40.858961,-5.059632,AV_SONSESOLES,Ávila,40.6659,-4.6667,10.758099549071693,39.44636501326287
5148,NARROS DEL PUERTO,28,40.540633,-4.989677,AV_SONSESOLES,Ávila,40.6659,-4.6667,8.350483669081534,30.618440119965623
5152,NAVA DE ARÉVALO,663,40.978531,-4.776308,AV_SONSESOLES,Ávila,40.6659,-4.6667,9.80881723556246,35.965663197062355
5154,NAVADIJOS,29,40.42559,-5.083563,AV_SONSESOLES,Ávila,40.6659,-4.6667,12.057763768528034,44.21180048460279
5155,NAVAESCURIAL,53,40.471606,-5.276775,AV_SONSESOLES,Ávila,40.6659,-4.6667,15.23902275423666,55.876416765534415
5158,NAVALMORAL,412,40.459867,-4.763238,AV_SONSESOLES,Ávila,40.6659,-4.6667,6.632169928832231,24.31795640571818
5167,NAVARREVISCA,299,40.364228,-4.895118,AV_SONSESOLES,Ávila,40.6659,-4.6667,10.555873774046558,38.70487050483738
5182,PEDRO BERNARDO,758,40.243188,-4.914357,AV_SONSESOLES,Ávila,40.6659,-4.6667,14.035263230294335,51.46263184441256
5184,PEGUERINOS,294,40.626523,-4.233316,SG_HGSEG,Segovia,40.9426,-4.1285,9.882853448312058,36.23712931047755
5188,POVEDA,33,40.566287,-5.079677,AV_SONSESOLES,Ávila,40.6659,-4.6667,9.975144059893827,36.575528219610696
5190,POZANCO,60,40.800005,-4.669456,AV_SONSESOLES,Ávila,40.6659,-4.6667,4.067346452814118,14.913603660318435
5191,PRADOSEGAR,117,40.548779,-5.071943,AV_SONSESOLES,Ávila,40.6659,-4.6667,9.983116065444891,36.60475890663127
5192,PUERTO CASTILLA,98,40.289822,-5.629439,SA_CHUSAL,Salamanca,40.964,-5.6731,20.469728227364065,75.05567016700157
5194,RIOCABADO,125,40.833376,-4.806052,AV_SONSESOLES,Ávila,40.6659,-4.6667,6.003679604545579,22.013491883333792
5200,SAN BARTOLOMÉ DE CORNEJA,35,40.492875,-5.385253,SA_CHUSAL,Salamanca,40.964,-5.6731,15.7443676407808,57.72934801619626
5206,SAN ESTEBAN DE LOS PATOS,20,40.746082,-4.624733,AV_SONSESOLES,Ávila,40.6659,-4.6667,2.615995641029065,9.591984017106572
5208,SAN ESTEBAN DE ZAPARDIEL,40,41.092158,-4.901236,AV_SONSESOLES,Ávila,40.6659,-4.6667,14.000635402101599,51.3356631410392
5207,SAN ESTEBAN DEL VALLE,734,40.27572,-4.97955,AV_SONSESOLES,Ávila,40.6659,-4.6667,13.860026330533373,50.82009654528903
5901,SAN JUAN DE GREDOS,228,40.360573,-5.251496,AV_SONSESOLES,Ávila,40.6659,-4.6667,16.35593961353708,59.97177858296928
5212,SAN JUAN DEL MOLINILLO,234,40.458927,-4.819256,AV_SONSESOLES,Ávila,40.6659,-4.6667,7.193679995047891,26.376826648508935
5214,SAN LORENZO DE TORMES,30,40.370756,-5.487407,SA_CHUSAL,Salamanca,40.964,-5.6731,18.49074559232652,67.79940050519723
5215,SAN MARTÍN DE LA VEGA DEL ALBERCHE,153,40.429712,-5.156375,AV_SONSESOLES,Ávila,40.6659,-4.6667,13.365153474455989,49.00556273967196
5216,SAN MARTÍN DEL PIMPOLLAR,219,40.368438,-5.056128,AV_SONSESOLES,Ávila,40.6659,-4.6667,12.727015023713026,46.66572175361443
5217,SAN MIGUEL DE CORNEJA,70,40.487724,-5.286652,AV_SONSESOLES,Ávila,40.6659,-4.6667,15.267766678902618,55.98181115597627
5204,SANCHIDRIÁN,708,40.891981,-4.581562,AV_SONSESOLES,Ávila,40.6659,-4.6667,7.129416953420479,26.141195495875092
5226,SANTA MARÍA DE LOS CABALLEROS,72,40.388177,-5.451576,SA_CHUSAL,Salamanca,40.964,-5.6731,18.190405204887416,66.69815241792053
5224,SANTA MARÍA DEL ARROYO,102,40.604132,-4.924298,AV_SONSESOLES,Ávila,40.6659,-4.6667,6.21712910668398,22.79614005784126
5227,SANTA MARÍA DEL TIÉTAR,553,40.304015,-4.554992,AV_SONSESOLES,Ávila,40.6659,-4.6667,11.272883863733016,41.33390750035439
5904,SANTIAGO DEL TORMES,107,40.330423,-5.398553,AV_SONSESOLES,Ávila,40.6659,-4.6667,19.70612211228818,72.25578107839
5239,SOTALBO,245,40.541955,-4.850005,AV_SONSESOLES,Ávila,40.6659,-4.6667,5.651580281350032,20.722461031616785
5242,TIÑOSILLOS,756,40.934525,-4.728461,AV_SONSESOLES,Ávila,40.6659,-4.6667,8.268751992499293,30.318757305830736
5246,TÓRTOLES,212,40.561768,-5.259242,AV_SONSESOLES,Ávila,40.6659,-4.6667,14.001528557023484,51.33893804241944
5249,UMBRÍAS,100,40.315809,-5.580647,SA_CHUSAL,Salamanca,40.964,-5.6731,19.771761665119932,72.49645943877309
5254,VELAYOS,217,40.84103,-4.622553,AV_SONSESOLES,Ávila,40.6659,-4.6667,5.406937930888933,19.82543907992609
5256,VILLAFLOR,99,40.758946,-4.873765,AV_SONSESOLES,Ávila,40.6659,-4.6667,5.533292871989979,20.288740530629923
5905,VILLANUEVA DE ÁVILA,227,40.378773,-4.822505,AV_SONSESOLES,Ávila,40.6659,-4.6667,9.419047695217817,34.53650821579866
5258,VILLANUEVA DE GÓMEZ,115,40.883687,-4.716242,AV_SONSESOLES,Ávila,40.6659,-4.6667,6.701864962797028,24.573504863589104
5261,VILLAR DE CORNEJA,36,40.47509,-5.432537,SA_CHUSAL,Salamanca,40.964,-5.6731,15.824039697341593,58.0214788902525
5262,VILLAREJO DEL VALLE,314,40.285923,-4.996998,AV_SONSESOLES,Ávila,40.6659,-4.6667,13.814387538860538,50.652754309155306
5266,ZAPARDIEL DE LA CAÑADA,84,40.605951,-5.339833,SA_CHUSAL,Salamanca,40.964,-5.6731,13.283746497894256,48.70707049227894
5267,ZAPARDIEL DE LA RIBERA,92,40.354693,-5.327859,AV_SONSESOLES,Ávila,40.6659,-4.6667,17.92888125384784,65.73923126410874
9010,ALCOCERO DE MOLA,41,42.473768,-3.358359,BU_HUBU,Burgos,42.3619,-3.684,8.041102954315933,29.48404416582509
9907,ALFOZ DE QUINTANADUEÑAS,2133,42.384825,-3.736053,BU_HUBU,Burgos,42.3619,-3.684,1.3576899262950768,4.9781963964152816
9013,ALTABLE,47,42.603083,-3.078105,BU_HUBU,Burgos,42.3619,-3.684,15.398604362737785,56.461549330038544
9022,ARAUZO DE TORRE,61,41.797967,-3.423186,BU_HUBU,Burgos,42.3619,-3.684,18.081254192443033,66.2979320389578
9023,ARCOS,1835,42.264695,-3.756698,BU_HUBU,Burgos,42.3619,-3.684,3.3686001229457894,12.351533784134562
9024,ARENILLAS DE RIOPISUERGA,166,42.35737,-4.233808,BU_HUBU,Burgos,42.3619,-3.684,12.32123540905685,45.17786316654178
9032,AVELLANOSA DE MUÑÓ,96,41.983563,-3.826852,BU_HUBU,Burgos,42.3619,-3.684,11.914154794707786,43.68523424726188
9036,BAÑUELOS DE BUREBA,31,42.500548,-3.281861,BU_HUBU,Burgos,42.3619,-3.684,9.934745927012589,36.427401732379494
9039,BARBADILLO DEL PEZ,66,42.118805,-3.227823,BU_HUBU,Burgos,42.3619,-3.684,12.619015546881167,46.26972367189761
9050,BERBERANA,48,42.918251,-3.05949,BU_HUBU,Burgos,42.3619,-3.684,21.880330281884373,80.2278777002427
9058,BUNIEL,612,42.31063,-3.821557,BU_HUBU,Burgos,42.3619,-3.684,3.4534256039016977,12.662560547639558
9060,BUSTO DE BUREBA,143,42.659547,-3.266469,BU_HUBU,Burgos,42.3619,-3.684,12.98441753784125,47.60953097208458
9062,CABEZÓN DE LA SIERRA,36,41.934914,-3.241174,BU_HUBU,Burgos,42.3619,-3.684,16.333974925802867,59.89124139461052
9064,CALERUEGA,400,41.825032,-3.487403,BU_HUBU,Burgos,42.3619,-3.684,16.871369265986857,61.861687308618485
9075,CARDEÑUELA RIOPICO,111,42.359683,-3.560227,BU_HUBU,Burgos,42.3619,-3.684,2.7743574011348424,10.172643804161089
9078,CASCAJARES DE LA SIERRA,27,42.062047,-3.399249,BU_HUBU,Burgos,42.3619,-3.684,11.117335841105433,40.76356475071992
9079,CASTELLANOS DE CASTRO,46,42.328938,-4.035413,BU_HUBU,Burgos,42.3619,-3.684,7.939665443315284,29.112106625489375
9093,CAYUELA,189,42.272369,-3.819544,BU_HUBU,Burgos,42.3619,-3.684,4.075521483821049,14.943578774010515
9098,CEREZO DE RÍO TIRÓN,490,42.492707,-3.136381,BU_HUBU,Burgos,42.3619,-3.684,12.884055351099136,47.241536287363495
9101,CIADONCHA,70,42.158508,-3.934581,BU_HUBU,Burgos,42.3619,-3.684,8.347145759606725,30.606201118557998
9108,COGOLLOS,677,42.201566,-3.699014,BU_HUBU,Burgos,42.3619,-3.684,4.8739260871982975,17.871062319727088
9110,CONTRERAS,87,42.018329,-3.409242,BU_HUBU,Burgos,42.3619,-3.684,12.11073673258494,44.40603468614478
9120,ENCÍO,41,42.670466,-3.087389,BU_HUBU,Burgos,42.3619,-3.684,16.291355272830277,59.73496933371101
9122,ESPINOSA DE CERVERA,85,41.896508,-3.468801,BU_HUBU,Burgos,42.3619,-3.684,14.920245755902926,54.70756777164406
9128,FRANDOVÍNEZ,96,42.309611,-3.837924,BU_HUBU,Burgos,42.3619,-3.684,3.7974681226508435,13.924049783053093
9134,FRÍAS,270,42.760785,-3.293395,BU_HUBU,Burgos,42.3619,-3.684,14.914668195207266,54.68711671575998
9139,FUENTEMOLINOS,91,41.604822,-3.849465,VA_RHORT,Valladolid,41.6288,-4.7115,19.557268719059728,71.709985303219
9148,GRIJALBA,112,42.429698,-4.11852,BU_HUBU,Burgos,42.3619,-3.684,9.94624280392562,36.46955694772727
9151,GUMIEL DE IZÁN,584,41.773345,-3.688214,BU_HUBU,Burgos,42.3619,-3.684,17.84870576153841,65.44525445897418
9152,GUMIEL DE MERCADO,380,41.755824,-3.802723,PA_CAUPA,Palencia,42.0006,-4.5397,18.221137532581434,66.81083761946526
9159,HONTANAS,71,42.31242,-4.044546,BU_HUBU,Burgos,42.3619,-3.684,8.220366227880898,30.141342835563297
9162,HONTORIA DE LA CANTERA,174,42.189058,-3.643288,BU_HUBU,Burgos,42.3619,-3.684,5.3205979380070465,19.508859106025835
9169,HORTIGÜELA,107,42.068702,-3.427092,BU_HUBU,Burgos,42.3619,-3.684,10.599685781960478,38.865514533855084
9180,IGLESIAS,141,42.298048,-3.989414,BU_HUBU,Burgos,42.3619,-3.684,7.115695779090157,26.090884523330576
9182,ITERO DEL CASTILLO,71,42.289284,-4.242485,PA_CAUPA,Palencia,42.0006,-4.5397,11.013809223164973,40.3839671516049
9183,JARAMILLO DE LA FUENTE,47,42.115902,-3.313397,BU_HUBU,Burgos,42.3619,-3.684,11.175257344744564,40.975943597396736
9189,JUNTA DE TRASLALOMA,122,43.041237,-3.389253,BU_HUBU,Burgos,42.3619,-3.684,21.623357501498813,79.2856441721623
9144,LA GALLEGA,39,41.898962,-3.263872,BU_HUBU,Burgos,42.3619,-3.684,16.922516387019467,62.04922675240471
9365,LA SEQUERA DE HAZA,27,41.56293,-3.817123,SG_HGSEG,Segovia,40.9426,-4.1285,20.106962870180972,73.7255305239969
9422,LA VID DE BUREBA,24,42.631452,-3.311597,BU_HUBU,Burgos,42.3619,-3.684,11.668621716364353,42.78494629333596
9195,LLANO DE BUREBA,49,42.624939,-3.45744,BU_HUBU,Burgos,42.3619,-3.684,9.449653291742761,34.648728736390126
9014,LOS ALTOS,186,42.807592,-3.63302,BU_HUBU,Burgos,42.3619,-3.684,13.563853230766515,49.73412851281056
9043,LOS BARRIOS DE BUREBA,178,42.64604,-3.391597,BU_HUBU,Burgos,42.3619,-3.684,10.815969746817045,39.65855573832916
9196,MADRIGAL DEL MONTE,143,42.144064,-3.675993,BU_HUBU,Burgos,42.3619,-3.684,6.608514873076223,24.231221201279485
9199,MAMBRILLA DE CASTREJÓN,107,41.665996,-3.985356,PA_CAUPA,Palencia,42.0006,-4.5397,16.120022697580673,59.106749891129134
9202,MANCILES,21,42.455801,-3.94507,BU_HUBU,Burgos,42.3619,-3.684,6.502359565129629,23.841985072141973
9206,MAZUELA,56,42.207224,-3.918643,BU_HUBU,Burgos,42.3619,-3.684,7.050928741397523,25.853405385124248
9208,MECERREYES,188,42.095533,-3.573897,BU_HUBU,Burgos,42.3619,-3.684,8.447712122404544,30.974944448816657
9211,MELGAR DE FERNAMENTAL,1513,42.405445,-4.24356,BU_HUBU,Burgos,42.3619,-3.684,12.603570110539618,46.21309040531193
9217,MERINDAD DE VALDIVIELSO,401,42.831018,-3.542716,BU_HUBU,Burgos,42.3619,-3.684,14.571848439975636,53.43011094657733
9218,MILAGROS,415,41.575322,-3.697792,SG_HGSEG,Segovia,40.9426,-4.1285,21.55413992745795,79.03184640067914
9219,MIRANDA DE EBRO,36018,42.680521,-2.952396,BU_HUBU,Burgos,42.3619,-3.684,18.99341495117639,69.64252148764676
9223,MONASTERIO DE LA SIERRA,40,42.050868,-3.193746,BU_HUBU,Burgos,42.3619,-3.684,14.499905629429021,53.16632064123974
9230,NAVAS DE BUREBA,24,42.682345,-3.327205,BU_HUBU,Burgos,42.3619,-3.684,12.570957443512343,46.09351062621193
9236,OLMILLOS DE MUÑÓ,40,42.202323,-3.940072,BU_HUBU,Burgos,42.3619,-3.684,7.511827588846934,27.543367825772094
9242,PADILLA DE ABAJO,67,42.408311,-4.176777,BU_HUBU,Burgos,42.3619,-3.684,11.127376277011756,40.80037968237644
9247,PALACIOS DE RIOPISUERGA,18,42.343614,-4.256606,PA_CAUPA,Palencia,42.0006,-4.5397,12.193809481963383,44.71063476719907
9256,PEDROSA DE DUERO,460,41.712635,-3.988208,PA_CAUPA,Palencia,42.0006,-4.5397,15.212789115147633,55.78022675554132
9259,PEDROSA DE RÍO ÚRBEL,243,42.410283,-3.821361,BU_HUBU,Burgos,42.3619,-3.684,3.4087329274624225,12.49868740069555
9270,PINILLA TRASMONTE,161,41.873729,-3.619537,BU_HUBU,Burgos,42.3619,-3.684,14.875066524805657,54.54191059095408
9272,POZA DE LA SAL,283,42.665829,-3.501498,BU_HUBU,Burgos,42.3619,-3.684,10.079405346873392,36.95781960520244
9274,PRADOLUENGO,1070,42.32375,-3.20034,BU_HUBU,Burgos,42.3619,-3.684,10.902640684693473,39.9763491772094
9275,PRESENCIO,207,42.186635,-3.902904,BU_HUBU,Burgos,42.3619,-3.684,7.237248257441438,26.53657694395194
9279,QUEMADA,238,41.700657,-3.576387,BU_HUBU,Burgos,42.3619,-3.684,20.198756439596597,74.06210694518752
9283,QUINTANAÉLEZ,47,42.669814,-3.299072,BU_HUBU,Burgos,42.3619,-3.684,12.697499219097203,46.55749713668975
9292,QUINTANAVIDES,64,42.478929,-3.424257,BU_HUBU,Burgos,42.3619,-3.684,6.812352698704361,24.978626561915988
9304,RABÉ DE LAS CALZADAS,250,42.340219,-3.834689,BU_HUBU,Burgos,42.3619,-3.684,3.440614627120896,12.615586966109953
9309,REGUMIEL DE LA SIERRA,301,41.95799,-2.985016,SO_HSANTA,Soria,41.7715,-2.4715,12.90287028782717,47.310524388699626
9311,RETUERTA,59,42.030106,-3.505357,BU_HUBU,Burgos,42.3619,-3.684,10.832883683301835,39.720573505440065
9318,RIOCAVADO DE LA SIERRA,55,42.153986,-3.197992,BU_HUBU,Burgos,42.3619,-3.684,12.599530839745555,46.1982797457337
9337,SAN JUAN DEL MONTE,152,41.6844,-3.521306,BU_HUBU,Burgos,42.3619,-3.684,20.870141422167833,76.52385188128206
9338,SAN MAMÉS DE BURGOS,310,42.337529,-3.795067,BU_HUBU,Burgos,42.3619,-3.684,2.5966613939215692,9.52109177771242
9343,SANTA CECILIA,105,42.052273,-3.804323,BU_HUBU,Burgos,42.3619,-3.684,9.770972526124856,35.82689926245781
9345,SANTA CRUZ DE LA SALCEDA,134,41.594866,-3.594931,SG_HGSEG,Segovia,40.9426,-4.1285,23.22021588338033,85.14079157239455
9346,SANTA CRUZ DEL VALLE URBIÓN,103,42.304796,-3.222726,BU_HUBU,Burgos,42.3619,-3.684,10.484865926169896,38.444508395956284
9350,SANTA MARÍA DEL CAMPO,523,42.131551,-3.975927,BU_HUBU,Burgos,42.3619,-3.684,9.57837268713703,35.12069985283577
9351,SANTA MARÍA DEL INVIERNO,67,42.44332,-3.438439,BU_HUBU,Burgos,42.3619,-3.684,6.027847192187805,22.102106371355283
9353,SANTA MARÍA RIBARREDONDA,95,42.642595,-3.180009,BU_HUBU,Burgos,42.3619,-3.684,14.121934115701734,51.78042509090636
9362,SARRACÍN,261,42.258302,-3.698087,BU_HUBU,Burgos,42.3619,-3.684,3.1575455009363913,11.577666836766769
9366,SOLARANA,77,41.971151,-3.65805,BU_HUBU,Burgos,42.3619,-3.684,11.864157762955179,43.50191179750232
9373,SOTRESGUDO,420,42.579046,-4.178153,BU_HUBU,Burgos,42.3619,-3.684,12.866598171443707,47.17752662862693
9377,TARDAJOS,864,42.349245,-3.819473,BU_HUBU,Burgos,42.3619,-3.684,3.0601319436928636,11.220483793540499
9378,TEJADA,35,41.952507,-3.536417,BU_HUBU,Burgos,42.3619,-3.684,12.850869657167866,47.11985540961551
9380,TERRADILLOS DE ESGUEVA,64,41.818893,-3.843905,PA_CAUPA,Palencia,42.0006,-4.5397,16.641746123679514,61.019735786824874
9381,TINIEBLAS DE LA SIERRA,23,42.173398,-3.362716,BU_HUBU,Burgos,42.3619,-3.684,9.201275344847906,33.73800959777566
9384,TORDÓMAR,298,42.044611,-3.867057,BU_HUBU,Burgos,42.3619,-3.684,10.463977455723983,38.3679173376546
9389,TORREPADRE,65,42.043611,-3.937123,BU_HUBU,Burgos,42.3619,-3.684,11.202788866415396,41.076892510189786
9391,TÓRTOLES DE ESGUEVA,387,41.816597,-4.021598,PA_CAUPA,Palencia,42.0006,-4.5397,12.956152709589533,47.50589326849496
9392,TOSANTOS,53,42.414224,-3.243166,BU_HUBU,Burgos,42.3619,-3.684,10.000726607744475,36.66933089506308
9400,VADOCONDES,364,41.639645,-3.572469,BU_HUBU,Burgos,42.3619,-3.684,22.046765153642383,80.83813889668873
9406,VALDORROS,375,42.172685,-3.708987,BU_HUBU,Burgos,42.3619,-3.684,5.765447085797124,21.13997264792279
9411,VALLE DE OCA,163,42.436507,-3.319849,BU_HUBU,Burgos,42.3619,-3.684,8.463046631506916,31.031170982192027
9902,VALLE DE SANTIBÁÑEZ,479,42.48024,-3.782697,BU_HUBU,Burgos,42.3619,-3.684,4.214399633137385,15.452798654837078
9417,VALLEJERA,39,42.182597,-4.152903,PA_CAUPA,Palencia,42.0006,-4.5397,10.306784529813926,37.7915432759844
9418,VALLES DE PALENZUELA,75,42.120275,-4.078582,PA_CAUPA,Palencia,42.0006,-4.5397,10.998160577556058,40.32658878437221
9429,VILLAESCUSA LA SOMBRÍA,60,42.414572,-3.4194,BU_HUBU,Burgos,42.3619,-3.684,6.138122643089946,22.5064496913298
9430,VILLAESPASA,22,42.09805,-3.405823,BU_HUBU,Burgos,42.3619,-3.684,10.150934231003923,37.22009218034772
9431,VILLAFRANCA MONTES DE OCA,122,42.388353,-3.309278,BU_HUBU,Burgos,42.3619,-3.684,8.433203062950108,30.9217445641504
9439,VILLALBILLA DE BURGOS,1514,42.348089,-3.779903,BU_HUBU,Burgos,42.3619,-3.684,2.1896512976254074,8.028721424626495
9440,VILLALBILLA DE GUMIEL,74,41.807064,-3.627045,BU_HUBU,Burgos,42.3619,-3.684,16.8746516815919,61.87372283250363
9443,VILLAMAYOR DE LOS MONTES,160,42.105904,-3.765088,BU_HUBU,Burgos,42.3619,-3.684,7.97395061008087,29.237818903629854
9449,VILLANUEVA DE ARGAÑO,122,42.3807,-3.933011,BU_HUBU,Burgos,42.3619,-3.684,5.608034071585309,20.5627915958128
9456,VILLAQUIRÁN DE LOS INFANTES,138,42.228537,-4.008322,BU_HUBU,Burgos,42.3619,-3.684,8.323670950776078,30.52012681951228
9458,VILLARIEZO,719,42.270694,-3.734336,BU_HUBU,Burgos,42.3619,-3.684,2.9873531462078096,10.953628202761967
9463,VILLASUR DE HERREROS,273,42.30861,-3.39534,BU_HUBU,Burgos,42.3619,-3.684,6.6697509420466945,24.455753454171212
9466,VILLAVERDE DEL MONTE,108,42.160739,-3.812958,BU_HUBU,Burgos,42.3619,-3.684,6.752159244084491,24.7579172283098
9467,VILLAVERDE-MOGINA,75,42.161528,-4.04902,BU_HUBU,Burgos,42.3619,-3.684,10.199894375834194,37.399612711392045
9424,VILORIA DE RIOJA,37,42.425648,-3.100984,BU_HUBU,Burgos,42.3619,-3.684,13.199845443044891,48.3994332911646
9478,VIZCAÍNOS,40,42.100484,-3.26676,BU_HUBU,Burgos,42.3619,-3.684,12.272880432989476,45.00056158762808
24001,ACEBEDO,184,43.039405,-5.116544,LE_HULEON,León,42.6132,-5.5577,16.227452035826296,59.50065746469642
24002,ALGADEFE,301,42.218458,-5.583459,ZA_BENAV,Benavente,42.0023,-5.6783,6.893691493609017,25.27686880989973
24003,ALIJA DEL INFANTADO,573,42.139946,-5.830733,ZA_BENAV,Benavente,42.0023,-5.6783,5.403629221826288,19.81330714669639
24004,ALMANZA,609,42.658876,-5.035873,LE_HULEON,León,42.6132,-5.5577,11.723994608087429,42.9879802296539
24008,ASTORGA,10308,42.457631,-6.057144,LE_HULEON,León,42.6132,-5.5577,12.116694761174404,44.427880790972814
24011,BARJAS,145,42.611343,-6.979489,LE_BIERZO,Ponferrada,42.5461,-6.5908,8.90223386853028,32.64152418461102
24020,BOCA DE HUÉRGANO,426,42.972363,-4.925394,LE_HULEON,León,42.6132,-5.5577,17.794004428838576,65.24468290574146
24022,BORRENES,303,42.491515,-6.726365,LE_BIERZO,Ponferrada,42.5461,-6.5908,3.452800666118156,12.660269109099906
24026,BUSTILLO DEL PÁRAMO,1057,42.441469,-5.792969,LE_HULEON,León,42.6132,-5.5577,7.400572180715741,27.135431329291052
24029,CABRILLANES,707,42.953056,-6.149395,LE_BIERZO,Ponferrada,42.5461,-6.5908,15.777491144428637,57.850800862905004
24030,CACABELOS,4735,42.599569,-6.725968,LE_BIERZO,Ponferrada,42.5461,-6.5908,3.4265797024414306,12.56412557561858
24031,CALZADA DEL COTO,223,42.38907,-5.081194,LE_HULEON,León,42.6132,-5.5577,12.63729628918351,46.33675306033954
24032,CAMPAZAS,107,42.141933,-5.492976,ZA_BENAV,Benavente,42.0023,-5.6783,5.94432633997544,21.795863246576612
24038,CARRACEDELO,3423,42.551931,-6.735003,LE_BIERZO,Ponferrada,42.5461,-6.5908,3.226496134719297,11.83048582730409
24040,CARROCERA,440,42.79674,-5.743484,LE_HULEON,León,42.6132,-5.5577,6.936995999635594,25.435651998663843
24041,CARUCEDO,483,42.49019,-6.764367,LE_BIERZO,Ponferrada,42.5461,-6.5908,4.233907977739445,15.524329251711299
24042,CASTILFALÉ,62,42.219999,-5.422142,ZA_BENAV,Benavente,42.0023,-5.6783,8.763286603630823,32.13205087997968
24046,CASTROCALBÓN,913,42.198951,-5.986089,ZA_BENAV,Benavente,42.0023,-5.6783,9.139325689246874,33.510860860571874
24050,CASTROTIERRA DE VALMADRIGAL,105,42.347387,-5.247355,LE_HULEON,León,42.6132,-5.5577,10.637573710146771,39.00443693720483
24056,CISTIERNA,2905,42.803152,-5.124368,LE_HULEON,León,42.6132,-5.5577,11.244018236118636,41.228066865768334
24057,CONGOSTO,1425,42.617887,-6.519733,LE_BIERZO,Ponferrada,42.5461,-6.5908,2.6939771162613693,9.877916092958355
24058,CORBILLOS DE LOS OTEROS,176,42.406527,-5.45908,LE_HULEON,León,42.6132,-5.5577,6.643988200515868,24.361290068558183
24060,CRÉMENES,512,42.904089,-5.144123,LE_HULEON,León,42.6132,-5.5577,12.752128835713918,46.757805730951034
24066,DESTRIANA,424,42.325936,-6.094235,LE_BIERZO,Ponferrada,42.5461,-6.5908,12.96513131131725,47.53881480816325
24067,ENCINEDO,616,42.27152,-6.594486,LE_BIERZO,Ponferrada,42.5461,-6.5908,8.327291638977492,30.5334026762508
24069,ESCOBAR DE CAMPOS,31,42.312917,-4.967052,PA_CAUPA,Palencia,42.0006,-4.5397,13.49088473292215,49.466577354047885
24074,FUENTES DE CARBAJAL,76,42.178068,-5.445966,ZA_BENAV,Benavente,42.0023,-5.6783,7.4666070175226,27.37755906424953
24076,GARRAFE DE TORÍO,1640,42.732901,-5.524095,LE_HULEON,León,42.6132,-5.5577,3.706561894164996,13.590726945271651
24081,GUSENDOS DE LOS OTEROS,126,42.3777,-5.43002,LE_HULEON,León,42.6132,-5.5577,7.6912457299488395,28.201234343145742
24083,IGÜEÑA,1049,42.727854,-6.278644,LE_BIERZO,Ponferrada,42.5461,-6.5908,8.881352628935534,32.56495963943029
24068,LA ERCINA,425,42.812913,-5.217414,LE_HULEON,León,42.6132,-5.5577,9.704248997903775,35.582246325647176
24087,LAGUNA DALGA,626,42.330833,-5.750444,LE_HULEON,León,42.6132,-5.5577,9.587159366088592,35.15291767565817
24088,LAGUNA DE NEGRILLOS,1046,42.238568,-5.660993,ZA_BENAV,Benavente,42.0023,-5.6783,7.175605324335466,26.31055285589671
24100,MOLINASECA,872,42.537016,-6.51953,LE_BIERZO,Ponferrada,42.5461,-6.5908,1.6160896178140909,5.925661931985
24101,MURIAS DE PAREDES,340,42.850201,-6.191238,LE_BIERZO,Ponferrada,42.5461,-6.5908,12.819942462692456,47.006455696539
24102,NOCEDA DEL BIERZO,605,42.713043,-6.39677,LE_BIERZO,Ponferrada,42.5461,-6.5908,6.661314621298951,24.424820278096153
24107,PAJARES DE LOS OTEROS,235,42.329063,-5.472444,LE_HULEON,León,42.6132,-5.5577,8.825224324620644,32.35915585694236
24108,PALACIOS DE LA VALDUERNA,353,42.327787,-5.938418,ZA_BENAV,Benavente,42.0023,-5.6783,11.472427616353675,42.065567926630145
24115,PONFERRADA,62994,42.547681,-6.5973,LE_BIERZO,Ponferrada,42.5461,-6.5908,0.15293174193578807,0.560749720431223
24116,POSADA DE VALDEÓN,405,43.151061,-4.917466,LE_HULEON,León,42.6132,-5.5577,21.643743003314754,79.3603910121541
24117,POZUELO DEL PÁRAMO,392,42.171202,-5.767724,ZA_BENAV,Benavente,42.0023,-5.6783,5.503300491586753,20.178768469151425
24118,PRADO DE LA GUZPEÑA,104,42.783605,-5.025284,LE_HULEON,León,42.6132,-5.5577,12.942622588974723,47.45628282624065
24119,PRIARANZA DEL BIERZO,699,42.509054,-6.671803,LE_BIERZO,Ponferrada,42.5461,-6.5908,2.1305826237568866,7.812136287108584
24121,PUEBLA DE LILLO,654,43.006944,-5.273706,LE_HULEON,León,42.6132,-5.5577,13.509141707609189,49.533519594567025
24137,SABERO,1021,42.834307,-5.143788,LE_HULEON,León,42.6132,-5.5577,11.40142321824603,41.80521846690211
24142,SAN ANDRÉS DEL RABANEDO,29884,42.611173,-5.615482,LE_HULEON,León,42.6132,-5.5577,1.2910678268487081,4.73391536511193
24146,SAN ESTEBAN DE NOGALES,243,42.159391,-5.931334,ZA_BENAV,Benavente,42.0023,-5.6783,7.42501404509896,27.22505149869619
24150,SAN PEDRO BERCIANOS,226,42.39232,-5.709636,LE_HULEON,León,42.6132,-5.5577,7.510484128629607,27.53844180497523
24143,SANCEDO,528,42.666156,-6.634707,LE_BIERZO,Ponferrada,42.5461,-6.5908,3.7704004503521658,13.824801651291274
24153,SANTA CRISTINA DE VALMADRIGAL,273,42.353536,-5.309496,LE_HULEON,León,42.6132,-5.5577,9.634388401505673,35.3260908055208
24160,SANTAS MARTAS,752,42.432409,-5.371958,LE_HULEON,León,42.6132,-5.5577,6.8770350706921155,25.215795259204423
24161,SANTIAGO MILLAS,359,42.381792,-6.105991,LE_BIERZO,Ponferrada,42.5461,-6.5908,11.935701684152471,43.764239508559065
24162,SANTOVENIA DE LA VALDONCINA,2064,42.543049,-5.621404,LE_HULEON,León,42.6132,-5.5577,2.5591881360361706,9.383689832132625
24165,SOBRADO,282,42.519971,-6.852664,LE_BIERZO,Ponferrada,42.5461,-6.5908,5.9052173144536955,21.652463486330216
24166,SOTO DE LA VEGA,1493,42.332649,-5.881722,ZA_BENAV,Benavente,42.0023,-5.6783,11.012218542969565,40.37813465755507
24167,SOTO Y AMÍO,717,42.775636,-5.88647,LE_HULEON,León,42.6132,-5.5577,8.829726914452035,32.375665352990794
24168,TORAL DE LOS GUZMANES,499,42.244307,-5.567303,ZA_BENAV,Benavente,42.0023,-5.6783,7.752109780936242,28.424402530099552
24206,TORAL DE LOS VADOS,1753,42.580225,-6.759088,LE_BIERZO,Ponferrada,42.5461,-6.5908,3.8987338476483817,14.295357441377398
24169,TORENO,2855,42.697568,-6.510576,LE_BIERZO,Ponferrada,42.5461,-6.5908,4.929922573015921,18.076382767725047
24170,TORRE DEL BIERZO,1968,42.595035,-6.320879,LE_BIERZO,Ponferrada,42.5461,-6.5908,6.20820886232088,22.763432495176563
24173,TURCIA,986,42.533452,-5.874992,LE_HULEON,León,42.6132,-5.5577,7.487213179656778,27.453114992074852
24176,VALDEFUENTES DEL PÁRAMO,306,42.322012,-5.831605,ZA_BENAV,Benavente,42.0023,-5.6783,10.28977663479138,37.72918099423506
24177,VALDELUGUEROS,486,42.973928,-5.412899,LE_HULEON,León,42.6132,-5.5577,11.404101443151477,41.81503862488875
24178,VALDEMORA,57,42.196026,-5.427281,ZA_BENAV,Benavente,42.0023,-5.6783,8.149690699122585,29.882199230116147
24180,VALDEPOLO,1215,42.576998,-5.225729,LE_HULEON,León,42.6132,-5.5577,7.491974838824447,27.470574409022973
24181,VALDERAS,1489,42.077659,-5.445728,ZA_BENAV,Benavente,42.0023,-5.6783,5.714900189721082,20.9546340289773
24182,VALDERREY,416,42.392107,-6.020625,LE_HULEON,León,42.6132,-5.5577,12.331862591007036,45.21682950035913
24183,VALDERRUEDA,821,42.815753,-4.947438,LE_HULEON,León,42.6132,-5.5577,14.920706864175957,54.7092585019785
24184,VALDESAMARIO,175,42.721508,-5.951445,LE_HULEON,León,42.6132,-5.5577,9.374223234761121,34.37215186079078
24190,VALVERDE-ENRIQUE,152,42.303853,-5.299186,LE_HULEON,León,42.6132,-5.5577,11.02088231492118,40.40990182137766
24196,VEGA DE ESPINAREDA,2007,42.728101,-6.656292,LE_BIERZO,Ponferrada,42.5461,-6.5908,5.709459399428336,20.934684464570562
24198,VEGA DE VALCARCE,552,42.665251,-6.947233,LE_BIERZO,Ponferrada,42.5461,-6.5908,8.73795523718495,32.03916920301148
24199,VEGAQUEMADA,437,42.818818,-5.332608,LE_HULEON,León,42.6132,-5.5577,8.002210323117371,29.34143785143036
24207,VILLADEMOR DE LA VEGA,291,42.270386,-5.568969,ZA_BENAV,Benavente,42.0023,-5.6783,8.493584129439288,31.143141807944062
24209,VILLAFRANCA DEL BIERZO,2659,42.605994,-6.810821,LE_BIERZO,Ponferrada,42.5461,-6.5908,5.23834812683574,19.207276465064382
24214,VILLAMEJIL,653,42.56268,-6.024302,LE_HULEON,León,42.6132,-5.5577,10.529914903470457,38.60968797939168
24216,VILLAMONTÁN DE LA VALDUERNA,683,42.310162,-5.996561,ZA_BENAV,Benavente,42.0023,-5.6783,11.762481852801054,43.129100126937196
24217,VILLAMORATIEL DE LAS MATAS,120,42.39626,-5.303165,LE_HULEON,León,42.6132,-5.5577,8.698552974774836,31.89469424084107
24218,VILLANUEVA DE LAS MANZANAS,502,42.471355,-5.480471,LE_HULEON,León,42.6132,-5.5577,4.634772706917825,16.994166592032023
24224,VILLARES DE ÓRBIGO,563,42.470816,-5.909099,LE_HULEON,León,42.6132,-5.5577,8.960490457099782,32.855131676032535
34001,ABARCA DE CAMPOS,38,42.06342,-4.840506,PA_CAUPA,Palencia,42.0006,-4.5397,7.038430496009545,25.80757848536833
34003,ABIA DE LAS TORRES,170,42.418941,-4.422864,PA_CAUPA,Palencia,42.0006,-4.5397,12.955158749030721,47.50224874644598
34005,ALAR DEL REY,912,42.660011,-4.31131,BU_HUBU,Burgos,42.3619,-3.684,16.684755270482682,61.17743599176983
34010,AMPUDIA,579,41.916286,-4.781006,PA_CAUPA,Palencia,42.0006,-4.5397,6.012513704997023,22.045883584989085
34012,ANTIGÜEDAD,336,41.945944,-4.1183,PA_CAUPA,Palencia,42.0006,-4.5397,9.644366594276848,35.36267751234845
34015,ARCONADA,44,42.331152,-4.497386,PA_CAUPA,Palencia,42.0006,-4.5397,10.06930372753237,36.920780334285354
34017,ASTUDILLO,1039,42.192786,-4.29215,PA_CAUPA,Palencia,42.0006,-4.5397,8.062111328168927,29.561074869952733
34020,AYUELA,53,42.629231,-4.658231,PA_CAUPA,Palencia,42.0006,-4.5397,19.248195940551835,70.57671844869006
34024,BAQUERÍN DE CAMPOS,22,42.015331,-4.783756,PA_CAUPA,Palencia,42.0006,-4.5397,5.5175987405559495,20.231195382038482
34027,BARRUELO DE SANTULLÁN,1160,42.908212,-4.288368,BU_HUBU,Burgos,42.3619,-3.684,21.36071753498444,78.3226309616096
34028,BÁSCONES DE OJEDA,134,42.670135,-4.527131,PA_CAUPA,Palencia,42.0006,-4.5397,20.306199008662848,74.45606303176378
34029,BECERRIL DE CAMPOS,757,42.108498,-4.639619,PA_CAUPA,Palencia,42.0006,-4.5397,3.9709800488244906,14.560260179023134
34034,BOADILLA DEL CAMINO,101,42.258538,-4.347031,PA_CAUPA,Palencia,42.0006,-4.5397,8.942238692367882,32.788208538682234
34036,BRAÑOSERA,253,42.935186,-4.307852,BU_HUBU,Burgos,42.3619,-3.684,22.26837398846209,81.650704624361
34037,BUENAVISTA DE VALDAVIA,296,42.640466,-4.614313,PA_CAUPA,Palencia,42.0006,-4.5397,19.4764916545149,71.41380273322129
34039,BUSTILLO DEL PÁRAMO DE CARRIÓN,55,42.355597,-4.739088,PA_CAUPA,Palencia,42.0006,-4.5397,11.660896312838997,42.756619813742994
34046,CARDEÑOSA DE VOLPEJERA,60,42.23193,-4.703672,PA_CAUPA,Palencia,42.0006,-4.5397,7.925904817879608,29.061650998891892
34049,CASTREJÓN DE LA PEÑA,320,42.807952,-4.599288,LE_HULEON,León,42.6132,-5.5577,22.157884306230258,81.24557578951095
34050,CASTRILLO DE DON JUAN,181,41.791007,-4.070392,PA_CAUPA,Palencia,42.0006,-4.5397,12.354326623442343,45.2991976192886
34053,CASTROMOCHO,197,42.029103,-4.822096,PA_CAUPA,Palencia,42.0006,-4.5397,6.4211811366950835,23.544330834548642
34055,CERVATOS DE LA CUEZA,241,42.291686,-4.768952,PA_CAUPA,Palencia,42.0006,-4.5397,10.222233112855903,37.48152141380498
34056,CERVERA DE PISUERGA,2284,42.865796,-4.499209,BU_HUBU,Burgos,42.3619,-3.684,23.759471789720834,87.1180632289764
34058,CEVICO NAVERO,178,41.861218,-4.183933,PA_CAUPA,Palencia,42.0006,-4.5397,9.071398847985513,33.26179577594689
34060,COBOS DE CERRATO,128,42.027003,-4.002266,PA_CAUPA,Palencia,42.0006,-4.5397,12.135691692292943,44.49753620507413
34061,COLLAZOS DE BOEDO,99,42.619909,-4.483458,PA_CAUPA,Palencia,42.0006,-4.5397,18.82340018707251,69.01913401926588
34067,DEHESA DE MONTEJO,135,42.819042,-4.509346,BU_HUBU,Burgos,42.3619,-3.684,23.05925189132078,84.5505902681762
34068,DEHESA DE ROMANOS,46,42.641545,-4.4364,BU_HUBU,Burgos,42.3619,-3.684,18.83876761262521,69.07548124629244
34072,FRECHILLA,136,42.137055,-4.83873,PA_CAUPA,Palencia,42.0006,-4.5397,7.9019676574009985,28.97388141047033
34073,FRESNO DEL RÍO,171,42.680807,-4.817772,LE_HULEON,León,42.6132,-5.5577,16.63159660250916,60.98252087586692
34083,HERRERA DE PISUERGA,1898,42.594781,-4.330248,BU_HUBU,Burgos,42.3619,-3.684,16.087207681446376,58.98642816530339
34087,HORNILLOS DE CERRATO,170,41.988231,-4.272213,PA_CAUPA,Palencia,42.0006,-4.5397,6.04041252922902,22.148179273839737
34904,LA PERNÍA,313,42.966674,-4.495585,BU_HUBU,Burgos,42.3619,-3.684,25.766188933429024,94.47602608923975
34140,LA PUEBLA DE VALDAVIA,81,42.675568,-4.609266,PA_CAUPA,Palencia,42.0006,-4.5397,20.528318090916656,75.2704996666944
34094,LEDIGOS,62,42.35389,-4.864286,PA_CAUPA,Palencia,42.0006,-4.5397,12.961374097044803,47.525038355830944
34903,LOMA DE UCIEZA,193,42.441248,-4.579194,PA_CAUPA,Palencia,42.0006,-4.5397,13.392445169568816,49.105632288418995
34100,MANTINOS,145,42.751221,-4.841908,LE_HULEON,León,42.6132,-5.5577,16.497133441393196,60.489489285108384
34101,MARCILLA DE CAMPOS,58,42.31703,-4.396017,PA_CAUPA,Palencia,42.0006,-4.5397,10.125046541826567,37.12517065336408
34102,MAZARIEGOS,202,42.028611,-4.716154,PA_CAUPA,Palencia,42.0006,-4.5397,4.0654817270342205,14.906766332458808
34104,MELGAR DE YUSO,271,42.25412,-4.252936,PA_CAUPA,Palencia,42.0006,-4.5397,10.035300455455156,36.79610167000224
34107,MICIECES DE OJEDA,71,42.688654,-4.460581,BU_HUBU,Burgos,42.3619,-3.684,19.98560265501761,73.28054306839789
34109,MORATINOS,59,42.360422,-4.927247,PA_CAUPA,Palencia,42.0006,-4.5397,13.961312467538571,51.19147904764143
34114,OLMOS DE OJEDA,170,42.722251,-4.424984,BU_HUBU,Burgos,42.3619,-3.684,19.837424303846973,72.73722244743891
34120,PALENCIA,76738,42.007837,-4.534601,PA_CAUPA,Palencia,42.0006,-4.5397,0.24772933731438643,0.9083409034860837
34121,PALENZUELA,215,42.095212,-4.129056,PA_CAUPA,Palencia,42.0006,-4.5397,9.682388787320605,35.502092220175555
34127,PERALES,118,42.193556,-4.580946,PA_CAUPA,Palencia,42.0006,-4.5397,5.924710017364692,21.723936730337204
34132,POBLACIÓN DE CAMPOS,122,42.270874,-4.447758,PA_CAUPA,Palencia,42.0006,-4.5397,8.453069231709065,30.99458718293324
34134,POLENTINOS,40,42.939829,-4.529058,LE_HULEON,León,42.6132,-5.5577,24.947479950332553,91.47409315121936
34135,POMAR DE VALDIVIA,490,42.774579,-4.16749,BU_HUBU,Burgos,42.3619,-3.684,16.52948635549459,60.60811663681349
34141,QUINTANA DEL PUENTE,251,42.084769,-4.206578,PA_CAUPA,Palencia,42.0006,-4.5397,7.924694458861309,29.0572130158248
34151,RESPENDA DE LA PEÑA,141,42.764057,-4.686718,LE_HULEON,León,42.6132,-5.5577,19.946693032207115,73.13787445142609
34152,REVENGA DE CAMPOS,136,42.285638,-4.481317,PA_CAUPA,Palencia,42.0006,-4.5397,8.743149581044255,32.058215130495604
34154,REVILLA DE COLLAZOS,75,42.63022,-4.50352,PA_CAUPA,Palencia,42.0006,-4.5397,19.111014835175855,70.07372106231146
34156,RIBEROS DE LA CUEZA,54,42.277154,-4.727386,PA_CAUPA,Palencia,42.0006,-4.5397,9.388844301841488,34.42576244008546
34158,SALINAS DE PISUERGA,329,42.84891,-4.378178,BU_HUBU,Burgos,42.3619,-3.684,21.405640760082242,78.48734945363489
34159,SAN CEBRIÁN DE CAMPOS,407,42.201325,-4.530691,PA_CAUPA,Palencia,42.0006,-4.5397,6.090538355645327,22.331973970699533
34163,SAN MAMÉS DE CAMPOS,49,42.353502,-4.564381,PA_CAUPA,Palencia,42.0006,-4.5397,10.716431111227747,39.293580741168405
34171,SANTIBÁÑEZ DE LA PEÑA,934,42.810237,-4.730168,LE_HULEON,León,42.6132,-5.5577,19.38355298923679,71.07302762720157
34174,SANTOYO,192,42.214751,-4.343229,PA_CAUPA,Palencia,42.0006,-4.5397,7.855884429399028,28.804909574463103
34177,SOTO DE CERRATO,176,41.953236,-4.42955,PA_CAUPA,Palencia,42.0006,-4.5397,2.8687780563508447,10.51885287328643
34178,TABANERA DE CERRATO,138,42.025737,-4.122571,PA_CAUPA,Palencia,42.0006,-4.5397,9.429547445823436,34.5750073013526
34185,TRIOLLO,74,42.92443,-4.681282,LE_HULEON,León,42.6132,-5.5577,21.673828333313708,79.47070388881693
34186,VALBUENA DE PISUERGA,52,42.14572,-4.23816,PA_CAUPA,Palencia,42.0006,-4.5397,8.089658782760923,29.662082203456716
34902,VALLE DEL RETORTILLO,168,42.190945,-4.771892,PA_CAUPA,Palencia,42.0006,-4.5397,7.7858882150706235,28.548256788592287
34199,VELILLA DEL RÍO CARRIÓN,1129,42.827834,-4.843214,LE_HULEON,León,42.6132,-5.5577,17.197700549642,63.05823534868734
34202,VILLABASTA DE VALDAVIA,33,42.560865,-4.602222,PA_CAUPA,Palencia,42.0006,-4.5397,17.0483440549813,62.51059486826476
34214,VILLALBA DE GUARDO,201,42.720354,-4.822565,LE_HULEON,León,42.6132,-5.5577,16.711590206232565,61.275830756186075
34217,VILLALOBÓN,1900,42.029868,-4.503893,PA_CAUPA,Palencia,42.0006,-4.5397,1.1994483254370207,4.397977193269075
34221,VILLAMEDIANA,183,42.050401,-4.363358,PA_CAUPA,Palencia,42.0006,-4.5397,4.24993832109509,15.583107177348666
34222,VILLAMERIEL,105,42.527614,-4.47622,PA_CAUPA,Palencia,42.0006,-4.5397,16.045538960364517,58.83364285466989
34224,VILLAMUERA DE LA CUEZA,37,42.259731,-4.689011,PA_CAUPA,Palencia,42.0006,-4.5397,8.545794243263169,31.33457889196495
34228,VILLANUÑO DE VALDAVIA,93,42.508884,-4.517492,PA_CAUPA,Palencia,42.0006,-4.5397,15.422222197717389,56.548148058297095
34229,VILLAPROVEDO,46,42.518321,-4.396982,PA_CAUPA,Palencia,42.0006,-4.5397,16.023774712060067,58.75384061088692
34231,VILLARRABÉ,176,42.419949,-4.782605,PA_CAUPA,Palencia,42.0006,-4.5397,13.838138299494386,50.73984043147941
34246,VILLOVIECO,62,42.29648,-4.471599,PA_CAUPA,Palencia,42.0006,-4.5397,9.102529436721177,33.37594126797765
37004,AHIGAL DE VILLARINO,31,41.157967,-6.379301,SA_CHUSAL,Salamanca,40.964,-5.6731,17.185955867858976,63.015171515482905
37014,ALDEADÁVILA DE LA RIBERA,1120,41.218461,-6.619562,SA_CHUSAL,Salamanca,40.964,-5.6731,22.96693123654827,84.21208120067699
37017,ALDEANUEVA DE FIGUEROA,253,41.146894,-5.523474,SA_CHUSAL,Salamanca,40.964,-5.6731,6.51693326880671,23.8954219856246
37019,ALDEARRODRIGO,150,41.110365,-5.806225,SA_CHUSAL,Salamanca,40.964,-5.6731,5.382795541109917,19.736916984069694
37021,ALDEASECA DE ALBA,64,40.818393,-5.4463,SA_CHUSAL,Salamanca,40.964,-5.6731,6.821408432357093,25.011830918642676
37022,ALDEASECA DE LA FRONTERA,248,40.941953,-5.207297,SA_CHUSAL,Salamanca,40.964,-5.6731,10.689463900606038,39.1947009688888
37024,ALDEAVIEJA DE TORMES,99,40.583403,-5.617269,SA_CHUSAL,Salamanca,40.964,-5.6731,11.612942702332877,42.58078990855388
37025,ALDEHUELA DE LA BÓVEDA,265,40.843677,-6.048234,SA_CHUSAL,Salamanca,40.964,-5.6731,9.340501731133514,34.24850634748955
37033,ARCEDIANO,96,41.092458,-5.560927,SA_CHUSAL,Salamanca,40.964,-5.6731,4.664895680248477,17.104617494244415
37044,BARRUECOPARDO,421,41.070795,-6.66619,SA_CHUSAL,Salamanca,40.964,-5.6731,22.952593205714365,84.15950842095268
37050,BERROCAL DE HUEBRA,75,40.718921,-6.000634,SA_CHUSAL,Salamanca,40.964,-5.6731,10.568978407008437,38.7529208256976
37057,BÓVEDA DEL RÍO ALMAR,196,40.857238,-5.211007,SA_CHUSAL,Salamanca,40.964,-5.6731,11.074195035405138,40.6053817964855
37058,BRINCONES,59,41.11138,-6.348496,SA_CHUSAL,Salamanca,40.964,-5.6731,16.082570885940957,58.96942658178351
37065,CABEZA DEL CABALLO,237,41.129631,-6.559176,SA_CHUSAL,Salamanca,40.964,-5.6731,20.878516784776266,76.55456154417965
37068,CABRILLAS,322,40.740594,-6.178355,SA_CHUSAL,Salamanca,40.964,-5.6731,13.424686769701898,49.22385148890696
37069,CALVARRASA DE ABAJO,1201,40.945767,-5.550925,SA_CHUSAL,Salamanca,40.964,-5.6731,2.8522693755783735,10.45832104378737
37072,CALZADA DE DON DIEGO,131,40.905781,-5.902008,SA_CHUSAL,Salamanca,40.964,-5.6731,5.53346313882366,20.28936484235342
37073,CALZADA DE VALDUNCIEL,700,41.086248,-5.702168,SA_CHUSAL,Salamanca,40.964,-5.6731,3.7664555673065787,13.810337080124123
37081,CANTALAPIEDRA,911,41.125488,-5.183586,SA_CHUSAL,Salamanca,40.964,-5.6731,12.220203558724235,44.807413048655526
37092,CASTELLANOS DE MORISCOS,3051,41.018509,-5.591607,SA_CHUSAL,Salamanca,40.964,-5.6731,2.4924338989363255,9.13892429609986
37098,CEPEDA,303,40.465292,-6.040074,SA_CHUSAL,Salamanca,40.964,-5.6731,17.3170614256143,63.495891893919094
37099,CERECEDA DE LA SIERRA,62,40.566466,-6.091269,SA_CHUSAL,Salamanca,40.964,-5.6731,15.413842344438676,56.51742192960848
37106,CIPÉREZ,225,40.961934,-6.265667,SA_CHUSAL,Salamanca,40.964,-5.6731,13.569958466628256,49.75651437763694
37108,COCA DE ALBA,95,40.877416,-5.365263,SA_CHUSAL,Salamanca,40.964,-5.6731,7.526848074565341,27.598442940072914
37109,COLMENAR DE MONTEMAYOR,173,40.39933,-5.95693,SA_CHUSAL,Salamanca,40.964,-5.6731,18.32595834175204,67.19518058642416
37115,DIOS LE GUARDE,125,40.642029,-6.312029,SA_CHUSAL,Salamanca,40.964,-5.6731,17.61967927631812,64.6054906798331
37116,DOÑINOS DE LEDESMA,65,41.012429,-6.033405,SA_CHUSAL,Salamanca,40.964,-5.6731,8.377591636029575,30.717835998775104
37117,DOÑINOS DE SALAMANCA,2209,40.960106,-5.746404,SA_CHUSAL,Salamanca,40.964,-5.6731,1.6828400768570304,6.1704136151424445
37054,EL BODÓN,245,40.487727,-6.574138,SA_CHUSAL,Salamanca,40.964,-5.6731,25.247047952431085,92.57250915891399
37077,EL CAMPO DE PEÑARANDA,250,40.984921,-5.257393,SA_CHUSAL,Salamanca,40.964,-5.6731,9.539183885055461,34.97700757853669
37113,EL CUBO DE DON SANCHO,377,40.892508,-6.305649,SA_CHUSAL,Salamanca,40.964,-5.6731,14.654279395548636,53.73235778367833
37239,EL PEDROSO DE LA ARMUÑA,215,41.080328,-5.399403,SA_CHUSAL,Salamanca,40.964,-5.6731,7.187375128966154,26.35370880620923
37253,EL PINO DE TORMES,149,41.038885,-5.794097,SA_CHUSAL,Salamanca,40.964,-5.6731,3.581318814719729,13.131502320639006
37122,ENCINAS DE ARRIBA,226,40.771651,-5.557329,SA_CHUSAL,Salamanca,40.964,-5.6731,6.408947928921826,23.499475739380028
37125,ESCURIAL DE LA SIERRA,244,40.615693,-5.956718,SA_CHUSAL,Salamanca,40.964,-5.6731,12.40867613639254,45.49847916677265
37127,ESPEJA,211,40.56543,-6.716124,SA_CHUSAL,Salamanca,40.964,-5.6731,26.83312775885205,98.38813511579085
37128,ESPINO DE LA ORBADA,245,41.105982,-5.424272,SA_CHUSAL,Salamanca,40.964,-5.6731,7.137062670719607,26.16922979263856
37129,FLORIDA DE LIÉBANA,244,41.023011,-5.761803,SA_CHUSAL,Salamanca,40.964,-5.6731,2.7064582903638743,9.923680398000872
37131,FRADES DE LA SIERRA,167,40.656584,-5.783688,SA_CHUSAL,Salamanca,40.964,-5.6731,9.662044211545291,35.427495442332734
37133,FRESNEDOSO,98,40.436275,-5.709442,SA_CHUSAL,Salamanca,40.964,-5.6731,16.025525904409992,58.7602616495033
37136,FUENTEGUINALDO,652,40.428683,-6.676247,SA_CHUSAL,Salamanca,40.964,-5.6731,28.204690057741907,103.41719687838699
37137,FUENTELIANTE,84,40.875102,-6.572727,SA_CHUSAL,Salamanca,40.964,-5.6731,20.79052232696284,76.23191519886375
37139,FUENTES DE BÉJAR,244,40.507554,-5.694303,SA_CHUSAL,Salamanca,40.964,-5.6731,13.850702577254491,50.785909449933136
37141,GAJATES,140,40.78246,-5.36613,SA_CHUSAL,Salamanca,40.964,-5.6731,8.936388513964115,32.76675788453509
37145,GALLEGOS DE ARGAÑÁN,264,40.629954,-6.702211,SA_CHUSAL,Salamanca,40.964,-5.6731,25.705913752228014,94.25501709150272
37147,GARCIBUEY,204,40.516081,-5.992884,SA_CHUSAL,Salamanca,40.964,-5.6731,15.443487325740643,56.62612019438236
37148,GARCIHERNÁNDEZ,411,40.861324,-5.434747,SA_CHUSAL,Salamanca,40.964,-5.6731,6.2875953929752075,23.054516440909094
37154,GUADRAMIRO,124,41.016816,-6.493611,SA_CHUSAL,Salamanca,40.964,-5.6731,18.850064068885295,69.11690158591276
37156,GUIJUELO,5508,40.55564,-5.671621,SA_CHUSAL,Salamanca,40.964,-5.6731,12.383926666220754,45.407731109476096
37157,HERGUIJUELA DE CIUDAD RODRIGO,69,40.458195,-6.521435,SA_CHUSAL,Salamanca,40.964,-5.6731,24.810457816847922,90.97167866177571
37158,HERGUIJUELA DE LA SIERRA,226,40.445536,-6.073537,SA_CHUSAL,Salamanca,40.964,-5.6731,18.219611864811185,66.80524350430768
37161,HORCAJO DE MONTEMAYOR,101,40.42155,-5.894345,SA_CHUSAL,Salamanca,40.964,-5.6731,17.21890838345668,63.13599740600783
37167,JUZBADO,183,41.078285,-5.862836,SA_CHUSAL,Salamanca,40.964,-5.6731,5.554925530841726,20.368060279752996
37011,LA ALBERGUERÍA DE ARGAÑÁN,98,40.412241,-6.813318,SA_CHUSAL,Salamanca,40.964,-5.6731,31.103323726330533,114.04552032987863
37037,LA ATALAYA,100,40.502433,-6.413882,SA_CHUSAL,Salamanca,40.964,-5.6731,22.038608064540007,80.80822956998003
37063,LA CABEZA DE BÉJAR,60,40.497034,-5.662414,SA_CHUSAL,Salamanca,40.964,-5.6731,14.1632881555557,51.9320565703709
37135,LA FUENTE DE SAN ESTEBAN,1279,40.801782,-6.257462,SA_CHUSAL,Salamanca,40.964,-5.6731,14.272715159280738,52.3332889173627
37381,LA ZARZA DE PUMAREDA,133,41.162043,-6.62664,SA_CHUSAL,Salamanca,40.964,-5.6731,22.61493503910828,82.92142847673036
37168,LAGUNILLA,428,40.325143,-5.971469,SA_CHUSAL,Salamanca,40.964,-5.6731,20.55437232581957,75.36603186133843
37169,LARRODRIGO,186,40.736364,-5.449211,SA_CHUSAL,Salamanca,40.964,-5.6731,8.604166892940157,31.54861194078057
37346,LAS VEGUILLAS,275,40.715865,-5.831235,SA_CHUSAL,Salamanca,40.964,-5.6731,8.353861788810688,30.63082655897252
37172,LINARES DE RIOFRÍO,913,40.584127,-5.921219,SA_CHUSAL,Salamanca,40.964,-5.6731,12.852196185142677,47.124719345523154
37175,MACHACÓN,445,40.926241,-5.524237,SA_CHUSAL,Salamanca,40.964,-5.6731,3.5970264996127863,13.189097165246883
37176,MADROÑAL,135,40.464237,-6.062963,SA_CHUSAL,Salamanca,40.964,-5.6731,17.606910592976796,64.55867217424824
37178,MALPARTIDA,80,40.762923,-5.231843,SA_CHUSAL,Salamanca,40.964,-5.6731,11.815177707689402,43.32231826152781
37183,MARTÍN DE YELTES,387,40.776849,-6.291169,SA_CHUSAL,Salamanca,40.964,-5.6731,15.267708868416433,55.981599184193584
37187,MATILLA DE LOS CAÑOS DEL RÍO,613,40.825163,-5.943105,SA_CHUSAL,Salamanca,40.964,-5.6731,7.4858156106596825,27.447990572418835
37193,MIRANDA DEL CASTAÑAR,381,40.484767,-6.001082,SA_CHUSAL,Salamanca,40.964,-5.6731,16.37167736479125,60.02948367090124
37194,MOGARRAZ,252,40.492175,-6.052802,SA_CHUSAL,Salamanca,40.964,-5.6731,16.759372486794827,61.451032451581035
37195,MOLINILLO,43,40.468937,-5.944958,SA_CHUSAL,Salamanca,40.964,-5.6731,16.261710725781395,59.62627266119845
37196,MONFORTE DE LA SIERRA,53,40.483408,-6.056675,SA_CHUSAL,Salamanca,40.964,-5.6731,17.03311520280225,62.454755743608246
37197,MONLEÓN,85,40.58359,-5.846449,SA_CHUSAL,Salamanca,40.964,-5.6731,12.203861966605118,44.747493877552095
37199,MONSAGRO,127,40.502907,-6.269357,SA_CHUSAL,Salamanca,40.964,-5.6731,19.57699839170586,71.78232743625482
37201,MONTEMAYOR DEL RÍO,262,40.348921,-5.892683,SA_CHUSAL,Salamanca,40.964,-5.6731,19.32477697541626,70.85751557652628
37202,MONTERRUBIO DE ARMUÑA,1331,41.027268,-5.642939,SA_CHUSAL,Salamanca,40.964,-5.6731,2.039075698887543,7.47661089592099
37208,MORONTA,76,40.977858,-6.431896,SA_CHUSAL,Salamanca,40.964,-5.6731,17.379430185101434,63.72457734537191
37212,NAVACARROS,133,40.398356,-5.71585,SA_CHUSAL,Salamanca,40.964,-5.6731,17.181807485473133,62.99996078006816
37216,NAVALES,311,40.788491,-5.479534,SA_CHUSAL,Salamanca,40.964,-5.6731,6.93028608248865,25.41104896912505
37218,NAVAMORALES,44,40.477154,-5.477873,SA_CHUSAL,Salamanca,40.964,-5.6731,15.43082778249053,56.579701869131945
37222,NEGRILLA DE PALENCIA,76,41.091817,-5.592797,SA_CHUSAL,Salamanca,40.964,-5.6731,4.289488399376308,15.728124131046465
37223,OLMEDO DE CAMACES,94,40.879005,-6.623887,SA_CHUSAL,Salamanca,40.964,-5.6731,21.93861460131523,80.44158687148918
37228,PALACIOSRUBIOS,299,41.052021,-5.195171,SA_CHUSAL,Salamanca,40.964,-5.6731,11.258153694001226,41.2798968780045
37230,PARADA DE ARRIBA,272,40.986425,-5.792438,SA_CHUSAL,Salamanca,40.964,-5.6731,2.81570286200618,10.324243827355994
37233,PASTORES,56,40.51471,-6.509867,SA_CHUSAL,Salamanca,40.964,-5.6731,23.564923314121387,86.40471881844508
37235,PEDRAZA DE ALBA,220,40.754182,-5.375053,SA_CHUSAL,Salamanca,40.964,-5.6731,9.339051689113198,34.243189526748395
37242,PELAYOS,72,40.648817,-5.576755,SA_CHUSAL,Salamanca,40.964,-5.6731,9.810714758272688,35.972620780333195
37248,PERALEJOS DE ABAJO,171,41.004329,-6.363154,SA_CHUSAL,Salamanca,40.964,-5.6731,15.844454447203905,58.09633297308099
37254,PITIEGUA,182,41.061409,-5.466117,SA_CHUSAL,Salamanca,40.964,-5.6731,5.582046520996757,20.467503910321444
37255,PIZARRAL,64,40.616425,-5.652364,SA_CHUSAL,Salamanca,40.964,-5.6731,10.551267557848329,38.68798104544387
37256,POVEDA DE LAS CINTAS,194,41.046086,-5.260803,SA_CHUSAL,Salamanca,40.964,-5.6731,9.758454773525875,35.78100083626154
37258,PUEBLA DE AZABA,142,40.446846,-6.745221,SA_CHUSAL,Salamanca,40.964,-5.6731,29.21346549595835,107.11604015184729
37263,PUERTO DE BÉJAR,352,40.350445,-5.837014,SA_CHUSAL,Salamanca,40.964,-5.6731,18.984874498632067,69.61120649498424
37265,RÁGAMA,197,40.996751,-5.127972,SA_CHUSAL,Salamanca,40.964,-5.6731,12.519626491081254,45.9052971339646
37274,SALAMANCA,144866,40.967368,-5.665381,SA_CHUSAL,Salamanca,40.964,-5.6731,0.20414620178118423,0.7485360731976755
37277,SALVATIERRA DE TORMES,72,40.590482,-5.599763,SA_CHUSAL,Salamanca,40.964,-5.6731,11.4517789983242,41.98985632718873
37284,SAN ESTEBAN DE LA SIERRA,372,40.506716,-5.906054,SA_CHUSAL,Salamanca,40.964,-5.6731,14.864828769187516,54.504372153687555
37285,SAN FELICES DE LOS GALLEGOS,350,40.848965,-6.70893,SA_CHUSAL,Salamanca,40.964,-5.6731,23.995681975080885,87.98416724196325
37286,SAN MARTÍN DEL CASTAÑAR,234,40.5214,-6.06376,SA_CHUSAL,Salamanca,40.964,-5.6731,16.146906868905166,59.205325185985615
37290,SAN PEDRO DEL VALLE,269,41.033218,-5.860953,SA_CHUSAL,Salamanca,40.964,-5.6731,4.784572073534619,17.543430936293603
37280,SANCHÓN DE LA RIBERA,67,41.087792,-6.413205,SA_CHUSAL,Salamanca,40.964,-5.6731,17.343416386198964,63.59252674939621
37281,SANCHÓN DE LA SAGRADA,51,40.743902,-6.025265,SA_CHUSAL,Salamanca,40.964,-5.6731,10.478721348414526,38.421978277519926
37279,SANCTI-SPÍRITUS,731,40.7064,-6.400728,SA_CHUSAL,Salamanca,40.964,-5.6731,18.432181502234997,67.58466550819499
37283,SANDO,113,40.96691,-6.111699,SA_CHUSAL,Salamanca,40.964,-5.6731,10.043956692976598,36.82784120758086
37296,SANTIAGO DE LA PUEBLA,282,40.800842,-5.27991,SA_CHUSAL,Salamanca,40.964,-5.6731,10.283625908053635,37.70662832952999
37298,SANTIBÁÑEZ DE LA SIERRA,149,40.494079,-5.915348,SA_CHUSAL,Salamanca,40.964,-5.6731,15.299566567815354,56.09841074865629
37302,SAUCELLE,252,41.047859,-6.751371,SA_CHUSAL,Salamanca,40.964,-5.6731,24.80695972357938,90.95885231979105
37306,SERRADILLA DEL ARROYO,246,40.521846,-6.358477,SA_CHUSAL,Salamanca,40.964,-5.6731,20.68258514806989,75.83614554292292
37307,SERRADILLA DEL LLANO,138,40.49971,-6.358421,SA_CHUSAL,Salamanca,40.964,-5.6731,21.124959800152286,77.45818593389173
37311,SOBRADILLO,173,40.916351,-6.796646,SA_CHUSAL,Salamanca,40.964,-5.6731,25.778543547521195,94.52132634091105
37314,TABERA DE ABAJO,99,40.909399,-6.001915,SA_CHUSAL,Salamanca,40.964,-5.6731,7.712723955227511,28.27998783583421
37321,TENEBRÓN,121,40.624347,-6.355422,SA_CHUSAL,Salamanca,40.964,-5.6731,18.748028447716358,68.74277097495997
37332,VALDEHIJADEROS,84,40.418602,-5.848434,SA_CHUSAL,Salamanca,40.964,-5.6731,17.023946993460438,62.421138976021616
37333,VALDELACASA,189,40.505838,-5.763881,SA_CHUSAL,Salamanca,40.964,-5.6731,14.049894393489033,51.51627944279312
37334,VALDELAGEVE,67,40.368858,-5.992302,SA_CHUSAL,Salamanca,40.964,-5.6731,19.484573601389062,71.44343653842657
37336,VALDEMIERQUE,59,40.82204,-5.583892,SA_CHUSAL,Salamanca,40.964,-5.6731,4.766102263629054,17.475708299973196
37339,VALERO,286,40.534885,-5.942157,SA_CHUSAL,Salamanca,40.964,-5.6731,14.406732941710615,52.82468745293892
37345,VEGA DE TIRADOS,149,41.026163,-5.886289,SA_CHUSAL,Salamanca,40.964,-5.6731,5.231152861090552,19.18089382399869
37351,VILLAFLORES,260,41.083543,-5.233754,SA_CHUSAL,Salamanca,40.964,-5.6731,10.685530389652442,39.18027809539229
37354,VILLAMAYOR,7669,40.999644,-5.696926,SA_CHUSAL,Salamanca,40.964,-5.6731,1.2107646651859965,4.43947043901532
37355,VILLANUEVA DEL CONDE,174,40.509221,-6.012144,SA_CHUSAL,Salamanca,40.964,-5.6731,15.839874947299506,58.07954147343152
37357,VILLAR DE CIERVO,253,40.736876,-6.739957,SA_CHUSAL,Salamanca,40.964,-5.6731,25.423330041032315,93.21887681711848
37371,VILLASRUBIAS,236,40.338459,-6.639055,SA_CHUSAL,Salamanca,40.964,-5.6731,29.219464571074422,107.13803676060621
37374,VILLORIA,1258,40.995253,-5.374333,SA_CHUSAL,Salamanca,40.964,-5.6731,6.905412128381453,25.319844470731994
37375,VILLORUELA,731,41.007556,-5.394406,SA_CHUSAL,Salamanca,40.964,-5.6731,6.5152090975164985,23.88910002422716
40002,ADRADA DE PIRÓN,40,41.051588,-4.049899,SG_HGSEG,Segovia,40.9426,-4.1285,3.7630583298246383,13.79788054269034
40012,ALDEA REAL,287,41.18523,-4.165102,SG_HGSEG,Segovia,40.9426,-4.1285,7.405412708765469,27.153179932140052
40013,ALDEASOÑA,67,41.471351,-4.055672,VA_RHORT,Valladolid,41.6288,-4.7115,15.631199747240016,57.31439907321339
40021,AREVALILLO DE CEGA,18,41.16163,-3.88924,SG_HGSEG,Segovia,40.9426,-4.1285,8.605747937051298,31.554409102521426
40022,ARMUÑA,241,41.07786,-4.318659,SG_HGSEG,Segovia,40.9426,-4.1285,5.980072929120902,21.926934073443306
40024,AYLLÓN,1105,41.420809,-3.37688,SG_HGSEG,Segovia,40.9426,-4.1285,22.463252611804997,82.36525957661833
40026,BASARDILLA,136,41.02723,-4.024937,SG_HGSEG,Segovia,40.9426,-4.1285,3.4939336524713247,12.811090059061524
40029,BERCIMUEL,36,41.399779,-3.571794,SG_HGSEG,Segovia,40.9426,-4.1285,18.8074007896133,68.96046956191543
40030,BERNARDOS,463,41.129409,-4.352345,SG_HGSEG,Segovia,40.9426,-4.1285,7.636246593517942,27.99957084289912
40031,BERNUY DE PORREROS,1247,41.000793,-4.115976,SG_HGSEG,Segovia,40.9426,-4.1285,1.7879013442510732,6.555638262253935
40035,CABAÑAS DE POLENDOS,199,41.067169,-4.109837,SG_HGSEG,Segovia,40.9426,-4.1285,3.8017342295356955,13.939692174964216
40037,CALABAZAS DE FUENTIDUEÑA,25,41.445675,-4.010101,SG_HGSEG,Segovia,40.9426,-4.1285,15.49358772730465,56.80982166678372
40039,CAMPO DE SAN PEDRO,259,41.429832,-3.548563,SG_HGSEG,Segovia,40.9426,-4.1285,19.83681486633171,72.73498784321627
40161,CARABIAS,54,41.455839,-3.707322,SG_HGSEG,Segovia,40.9426,-4.1285,18.29232514866606,67.07185887844221
40044,CARRASCAL DEL RÍO,136,41.367534,-3.89817,SG_HGSEG,Segovia,40.9426,-4.1285,13.918355777640555,51.03397118468203
40048,CASTROJIMENO,31,41.395003,-3.848845,SG_HGSEG,Segovia,40.9426,-4.1285,15.132133295513036,55.48448875021447
40051,CASTROSERRACÍN,24,41.392332,-3.803069,SG_HGSEG,Segovia,40.9426,-4.1285,15.530686535574802,56.94585063044094
40054,CEREZO DE ARRIBA,134,41.236916,-3.558063,SG_HGSEG,Segovia,40.9426,-4.1285,15.800269600989512,57.93432187029487
40057,COCA,1703,41.218402,-4.522131,SG_HGSEG,Segovia,40.9426,-4.1285,12.284987669532294,45.044954788285075
40058,CODORNIZ,307,41.067261,-4.598774,SG_HGSEG,Segovia,40.9426,-4.1285,11.40710912896215,41.82606680619455
40060,CONDADO DE CASTILNOVO,79,41.241722,-3.744156,SG_HGSEG,Segovia,40.9426,-4.1285,12.627277843193083,46.300018758374634
40902,COZUELOS DE FUENTIDUEÑA,105,41.391336,-4.095285,SG_HGSEG,Segovia,40.9426,-4.1285,13.629427279732283,49.97456669235171
40062,CUBILLO,73,41.121695,-3.909214,SG_HGSEG,Segovia,40.9426,-4.1285,7.393396407662954,27.10912016143083
40071,ENCINAS,40,41.374769,-3.668523,SG_HGSEG,Segovia,40.9426,-4.1285,16.794625592353803,61.58029383863061
40073,ESCALONA DEL PRADO,468,41.166626,-4.122777,SG_HGSEG,Segovia,40.9426,-4.1285,6.795048090396648,24.915176331454376
40075,ESCOBAR DE POLENDOS,166,41.090844,-4.13094,SG_HGSEG,Segovia,40.9426,-4.1285,4.495977764772428,16.48525180416557
40077,ESPIRDO,1607,40.99774,-4.074144,SG_HGSEG,Segovia,40.9426,-4.1285,2.0845223621242286,7.64324866112217
40082,FUENTE DE SANTA CRUZ,99,41.209381,-4.63422,VA_RHORT,Valladolid,41.6288,-4.7115,12.840091371649564,47.080335029381736
40088,FUENTERREBOLLO,339,41.297367,-3.932921,SG_HGSEG,Segovia,40.9426,-4.1285,11.64953860479349,42.71497488424279
40089,FUENTESAÚCO DE FUENTIDUEÑA,223,41.424504,-4.062501,SG_HGSEG,Segovia,40.9426,-4.1285,14.691590857359323,53.869166476984184
40091,FUENTESOTO,100,41.456727,-3.918604,SG_HGSEG,Segovia,40.9426,-4.1285,16.310361437267296,59.80465860331343
40093,GALLEGOS,93,41.074543,-3.785968,SG_HGSEG,Segovia,40.9426,-4.1285,8.800776750259908,32.269514750953
40095,GOMEZSERRACÍN,625,41.288367,-4.32596,SG_HGSEG,Segovia,40.9426,-4.1285,11.414995785373508,41.85498454636953
40105,JUARROS DE RIOMOROS,45,40.946422,-4.309412,SG_HGSEG,Segovia,40.9426,-4.1285,4.145679916080182,15.200826358960668
40106,JUARROS DE VOLTOYA,184,41.03245,-4.518624,SG_HGSEG,Segovia,40.9426,-4.1285,9.336968846124252,34.235552435788925
40113,LA LOSA,531,40.854462,-4.164652,SG_HGSEG,Segovia,40.9426,-4.1285,2.79837947187841,10.260724730220836
40107,LABAJOS,106,40.843554,-4.52128,AV_SONSESOLES,Ávila,40.6659,-4.6667,6.339165121713566,23.243605446283077
40109,LANGUILLA,84,41.448983,-3.424105,SG_HGSEG,Segovia,40.9426,-4.1285,22.23012689449768,81.51046527982483
40118,MARAZUELA,53,40.977977,-4.36464,SG_HGSEG,Segovia,40.9426,-4.1285,5.513236635198389,20.21520099572743
40131,MONTERRUBIO,56,40.848367,-4.3518,SG_HGSEG,Segovia,40.9426,-4.1285,5.862481681881684,21.495766166899507
40132,MORAL DE HORNUEZ,40,41.464508,-3.616885,SG_HGSEG,Segovia,40.9426,-4.1285,19.666334679650504,72.10989382538517
40140,NAVALILLA,97,41.340726,-3.93226,SG_HGSEG,Segovia,40.9426,-4.1285,12.878493159667258,47.22114158544661
40143,NAVARES DE ENMEDIO,92,41.380953,-3.72311,SG_HGSEG,Segovia,40.9426,-4.1285,16.198069271174464,59.39292066097303
40151,ORTIGOSA DE PESTAÑO,53,41.087144,-4.393957,SG_HGSEG,Segovia,40.9426,-4.1285,7.490681709426632,27.465832934564315
40152,OTERO DE HERREROS,966,40.819471,-4.210451,SG_HGSEG,Segovia,40.9426,-4.1285,4.180121522924982,15.327112250724936
40155,PALAZUELOS DE ERESMA,5968,40.930552,-4.061178,SG_HGSEG,Segovia,40.9426,-4.1285,1.5849828631743892,5.811603831639427
40156,PEDRAZA,349,41.128203,-3.810887,SG_HGSEG,Segovia,40.9426,-4.1285,9.19055974456634,33.69871906340991
40159,PINAREJOS,194,41.259964,-4.293656,SG_HGSEG,Segovia,40.9426,-4.1285,10.33789696731432,37.90562221348584
40163,PUEBLA DE PEDRAZA,51,41.204514,-3.913747,SG_HGSEG,Segovia,40.9426,-4.1285,9.337656692599023,34.23807453952975
40171,RIBOTA,43,41.365788,-3.429448,SG_HGSEG,Segovia,40.9426,-4.1285,20.48112781272133,75.09746864664487
40174,SACRAMENIA,330,41.494661,-3.963347,SG_HGSEG,Segovia,40.9426,-4.1285,17.160369846084823,62.92135610231102
40182,SAN MARTÍN Y MUDRIÁN,251,41.223228,-4.331848,SG_HGSEG,Segovia,40.9426,-4.1285,9.696950349626176,35.555484615295974
40193,SEBÚLCOR,241,41.270534,-3.883648,SG_HGSEG,Segovia,40.9426,-4.1285,11.410680169867378,41.839160622847054
40194,SEGOVIA,51525,40.94987,-4.125241,SG_HGSEG,Segovia,40.9426,-4.1285,0.23276456965111988,0.8534700887207729
40195,SEPÚLVEDA,988,41.298251,-3.750279,SG_HGSEG,Segovia,40.9426,-4.1285,13.819718195268978,50.67230004931959
40196,SEQUERA DE FRESNO,47,41.367311,-3.546771,SG_HGSEG,Segovia,40.9426,-4.1285,18.501829108935276,67.84004006609601
40199,SOTOSALBOS,135,41.034847,-3.942982,SG_HGSEG,Segovia,40.9426,-4.1285,5.085319292229224,18.646170738173822
40200,TABANERA LA LUENGA,53,41.096269,-4.239355,SG_HGSEG,Segovia,40.9426,-4.1285,5.305693641380249,19.454210018394246
40206,TORRE VAL DE SAN PEDRO,180,41.072405,-3.86923,SG_HGSEG,Segovia,40.9426,-4.1285,7.120366289919663,26.108009729705433
40202,TORREADRADA,50,41.443576,-3.840762,SG_HGSEG,Segovia,40.9426,-4.1285,16.550751343440975,60.68608825928358
40218,VALLE DE TABLADILLO,74,41.36238,-3.839956,SG_HGSEG,Segovia,40.9426,-4.1285,14.33415411053725,52.558565071969916
40214,VALSECA,218,41.000293,-4.174479,SG_HGSEG,Segovia,40.9426,-4.1285,2.041918942136331,7.487036121166549
40216,VALVERDE DEL MAJANO,1126,40.956398,-4.233884,SG_HGSEG,Segovia,40.9426,-4.1285,2.4497957042560135,8.982584248938716
40234,ZARZUELA DEL PINAR,408,41.258641,-4.184717,SG_HGSEG,Segovia,40.9426,-4.1285,9.669941017324263,35.45645039685563
42001,ABEJAR,386,41.807928,-2.782914,SO_HSANTA,Soria,41.7715,-2.4715,7.127463325035175,26.134032191795644
42013,ALDEHUELA DE PERIÁÑEZ,30,41.808304,-2.306097,SO_HSANTA,Soria,41.7715,-2.4715,3.9028827480805286,14.31057007629527
42019,ALMARZA,626,41.947814,-2.468533,SO_HSANTA,Soria,41.7715,-2.4715,5.347298732878992,19.606762020556303
42022,ALMENAR DE SORIA,216,41.68248,-2.200037,SO_HSANTA,Soria,41.7715,-2.4715,6.710940181697056,24.60678066622254
42024,ARANCÓN,76,41.79938,-2.280158,SO_HSANTA,Soria,41.7715,-2.4715,4.408527765082162,16.164601805301263
42031,BARCONES,25,41.291637,-2.816464,SO_HSANTA,Soria,41.7715,-2.4715,16.52561564960354,60.59392404854632
42032,BAYUBAS DE ABAJO,144,41.52652,-2.896242,SO_HSANTA,Soria,41.7715,-2.4715,12.158544725640112,44.581330660680415
42033,BAYUBAS DE ARRIBA,60,41.557858,-2.887809,SO_HSANTA,Soria,41.7715,-2.4715,11.442352897389226,41.95529395709383
42036,BLACOS,38,41.681389,-2.85847,SO_HSANTA,Soria,41.7715,-2.4715,9.174756862119871,33.64077516110619
42038,BORJABAD,30,41.553708,-2.364948,SO_HSANTA,Soria,41.7715,-2.4715,7.032063857383318,25.784234143738832
42039,BOROBIA,228,41.665356,-1.896615,SO_HSANTA,Soria,41.7715,-2.4715,13.405258035211235,49.15261279577453
42042,BUITRAGO,74,41.847282,-2.408343,SO_HSANTA,Soria,41.7715,-2.4715,2.7054666994900636,9.9200445647969
42043,BURGO DE OSMA-CIUDAD DE OSMA,5204,41.585776,-3.071508,SO_HSANTA,Soria,41.7715,-2.4715,14.711006187263285,53.94035601996538
42044,CABREJAS DEL CAMPO,53,41.681701,-2.269697,SO_HSANTA,Soria,41.7715,-2.4715,5.317647302738041,19.498040110039483
42046,CALATAÑAZOR,43,41.698348,-2.818858,SO_HSANTA,Soria,41.7715,-2.4715,8.167795011466696,29.948581708711213
42056,CASTILFRÍO DE LA SIERRA,34,41.919904,-2.305467,SO_HSANTA,Soria,41.7715,-2.4715,5.8586107681696715,21.48157281662213
42058,CASTILLEJO DE ROBLEDO,95,41.557388,-3.495627,SG_HGSEG,Segovia,40.9426,-4.1285,23.575525836902557,86.44359473530938
42060,CERBÓN,30,41.929968,-2.171765,SO_HSANTA,Soria,41.7715,-2.4715,8.302908511893412,30.443997876942504
42064,CIRIA,70,41.61899,-1.965548,SO_HSANTA,Soria,41.7715,-2.4715,12.355135457448148,45.302163343976545
42070,CUBILLA,24,41.748859,-2.938485,SO_HSANTA,Soria,41.7715,-2.4715,10.586068361065564,38.815583990573735
42073,CUEVA DE ÁGREDA,69,41.763155,-1.889334,SO_HSANTA,Soria,41.7715,-2.4715,13.170270879741642,48.290993225719355
42160,EL ROYO,251,41.908542,-2.644826,SO_HSANTA,Soria,41.7715,-2.4715,5.710208088644587,20.937429658363488
42083,FRECHILLA DE ALMAZÁN,21,41.426256,-2.515395,SO_HSANTA,Soria,41.7715,-2.4715,10.517047199694527,38.56250639887993
42086,FUENTECAMBRÓN,32,41.504957,-3.328804,SO_HSANTA,Soria,41.7715,-2.4715,21.044268040610785,77.16231614890621
42088,FUENTELMONGE,61,41.421609,-2.188182,SO_HSANTA,Soria,41.7715,-2.4715,12.40453531366888,45.48329615011923
42089,FUENTELSAZ DE SORIA,64,41.867362,-2.414267,SO_HSANTA,Soria,41.7715,-2.4715,3.1818766819747,11.666881167240566
42093,FUENTESTRÚN,52,41.874567,-2.081702,SO_HSANTA,Soria,41.7715,-2.4715,9.34714318028044,34.27285832769495
42141,LA PÓVEDA DE SORIA,110,42.012535,-2.504514,SO_HSANTA,Soria,41.7715,-2.4715,7.347496494344739,26.940820479264044
42157,LA RIBA DE ESCALOTE,8,41.35182,-2.796188,SO_HSANTA,Soria,41.7715,-2.4715,14.705797126429985,53.92125613024328
42014,LAS ALDEHUELAS,60,41.994965,-2.366008,SO_HSANTA,Soria,41.7715,-2.4715,7.183142226372223,26.33818816336482
42149,LOS RÁBANOS,476,41.717243,-2.475802,SO_HSANTA,Soria,41.7715,-2.4715,1.6482685635011565,6.04365139950424
42211,LOS VILLARES DE SORIA,75,41.864416,-2.355386,SO_HSANTA,Soria,41.7715,-2.4715,3.8505335636714944,14.11862306679548
42107,MAGAÑA,64,41.898862,-2.156098,SO_HSANTA,Soria,41.7715,-2.4715,8.105799935931056,29.721266431747207
42113,MEDINACELI,671,41.171735,-2.434771,SO_HSANTA,Soria,41.7715,-2.4715,18.207543773097072,66.76099383468927
42115,MIÑO DE MEDINACELI,78,41.189623,-2.519507,SO_HSANTA,Soria,41.7715,-2.4715,17.679612370593816,64.82524535884399
42118,MOMBLONA,18,41.444416,-2.346359,SO_HSANTA,Soria,41.7715,-2.4715,10.31699741764935,37.828990531380946
42119,MONTEAGUDO DE LAS VICARÍAS,177,41.366293,-2.166643,SO_HSANTA,Soria,41.7715,-2.4715,14.10114780533981,51.704208619579305
42120,MONTEJO DE TIERMES,140,41.368546,-3.199736,SO_HSANTA,Soria,41.7715,-2.4715,20.550166818618855,75.35061166826914
42123,MORÓN DE ALMAZÁN,202,41.414934,-2.413089,SO_HSANTA,Soria,41.7715,-2.4715,10.894028659008535,39.94477174969796
42128,NARROS,71,41.847573,-2.294205,SO_HSANTA,Soria,41.7715,-2.4715,4.624133872657714,16.955157533078285
42135,ONCALA,61,41.970101,-2.313454,SO_HSANTA,Soria,41.7715,-2.4715,7.000819520146427,25.669671573870232
42154,RENIEBLAS,110,41.821427,-2.374987,SO_HSANTA,Soria,41.7715,-2.4715,2.6558636871162964,9.738166852759754
42155,RETORTILLO DE SORIA,130,41.311319,-2.9807,SO_HSANTA,Soria,41.7715,-2.4715,18.120048476762804,66.44017774813028
42156,REZNOS,22,41.591228,-2.028237,SO_HSANTA,Soria,41.7715,-2.4715,11.431433000003668,41.91525433334679
42158,RIOSECO DE SORIA,123,41.639753,-2.841307,SO_HSANTA,Soria,41.7715,-2.4715,9.277023629677219,34.01575330881647
42161,SALDUERO,145,41.889912,-2.799451,SO_HSANTA,Soria,41.7715,-2.4715,8.23470735660752,30.193926974227573
42163,SAN FELICES,59,41.937342,-2.026953,SO_HSANTA,Soria,41.7715,-2.4715,11.230487179609042,41.178452991899825
42164,SAN LEONARDO DE YAGÜE,1949,41.829305,-3.066742,SO_HSANTA,Soria,41.7715,-2.4715,13.570354827926261,49.757967702396286
42165,SAN PEDRO MANRIQUE,619,42.029577,-2.230619,SO_HSANTA,Soria,41.7715,-2.4715,9.529670030947962,34.9421234468092
42168,SANTA MARÍA DE LAS HOYAS,113,41.770075,-3.144148,SO_HSANTA,Soria,41.7715,-2.4715,15.213655778182373,55.78340452000204
42176,TAJAHUERCE,23,41.741041,-2.150749,SO_HSANTA,Soria,41.7715,-2.4715,7.314786506519495,26.820883857238147
42177,TAJUECO,57,41.536323,-2.849461,SO_HSANTA,Soria,41.7715,-2.4715,11.144867782021185,40.86451520074434
42178,TALVEILA,101,41.784079,-2.967284,SO_HSANTA,Soria,41.7715,-2.4715,11.218654946655453,41.13506813773666
42181,TARDELCUENDE,424,41.595474,-2.64468,SO_HSANTA,Soria,41.7715,-2.4715,6.624169891219491,24.28862293447147
42185,TORREBLACOS,26,41.670269,-2.87834,SO_HSANTA,Soria,41.7715,-2.4715,9.707082109011367,35.592634399708345
42188,TRÉVAGO,47,41.873964,-2.102305,SO_HSANTA,Soria,41.7715,-2.4715,8.903337053299559,32.64556919543172
42192,VALDEGEÑA,37,41.817041,-2.175475,SO_HSANTA,Soria,41.7715,-2.4715,6.83390329509489,25.057645415347928
42197,VALDERRODILLA,62,41.563815,-2.808129,SO_HSANTA,Soria,41.7715,-2.4715,9.89052322729758,36.26525183342446
42198,VALTAJEROS,19,41.938821,-2.223136,SO_HSANTA,Soria,41.7715,-2.4715,7.564318069575551,27.735832921777018
42200,VELAMAZÁN,67,41.450548,-2.699467,SO_HSANTA,Soria,41.7715,-2.4715,11.02049344979384,40.408475982577414
42213,VILLASECA DE ARCIEL,24,41.624243,-2.161347,SO_HSANTA,Soria,41.7715,-2.4715,8.322434072114067,30.51559159775158
42215,VINUESA,833,41.911792,-2.762725,SO_HSANTA,Soria,41.7715,-2.4715,7.835203002392397,28.729077675438788
42218,YANGUAS,106,42.101758,-2.339304,SO_HSANTA,Soria,41.7715,-2.4715,10.44993014120948,38.31641051776809
42219,YELO,37,41.210319,-2.527312,SO_HSANTA,Soria,41.7715,-2.4715,17.06547093966644,62.573393445443614
47001,ADALIA,50,41.650252,-5.120514,VA_RHORT,Valladolid,41.6288,-4.7115,9.292580590421224,34.07279549821116
47003,AGUILAR DE CAMPOS,259,41.984857,-5.179385,ZA_BENAV,Benavente,42.0023,-5.6783,11.257365088179917,41.277005323326364
47008,ALMENARA DE ADAJA,22,41.214056,-4.676157,VA_RHORT,Valladolid,41.6288,-4.7115,12.603132819795274,46.211487005916005
47010,ARROYO DE LA ENCOMIENDA,22268,41.609108,-4.797806,VA_RHORT,Valladolid,41.6288,-4.7115,2.0457435828258013,7.501059803694604
47011,ATAQUINES,573,41.181675,-4.803735,VA_RHORT,Valladolid,41.6288,-4.7115,13.720803780117423,50.30961386043055
47013,BARCIAL DE LA LOMA,100,41.951994,-5.282214,ZA_BENAV,Benavente,42.0023,-5.6783,9.058979979157154,33.21625992357623
47019,BERRUECES,93,41.945744,-5.097189,PA_CAUPA,Palencia,42.0006,-4.5397,12.678748005354164,46.4887426862986
47020,BOBADILLA DEL CAMPO,284,41.20507,-5.022552,VA_RHORT,Valladolid,41.6288,-4.7115,14.668383101908889,53.78407137366593
47027,CABEZÓN DE PISUERGA,3895,41.733648,-4.647278,VA_RHORT,Valladolid,41.6288,-4.7115,3.4965241443009583,12.820588529103514
47032,CAMPORREDONDO,147,41.473792,-4.504557,VA_RHORT,Valladolid,41.6288,-4.7115,6.644873214948273,24.364535121477
47035,CARPIO,938,41.215092,-5.11199,SA_CHUSAL,Salamanca,40.964,-5.6731,14.91495578963407,54.688171228658256
47040,CASTROBOL,45,42.136174,-5.314957,ZA_BENAV,Benavente,42.0023,-5.6783,9.131680646129814,33.48282903580932
47042,CASTROMEMBIBRE,49,41.673873,-5.305383,ZA_BENAV,Benavente,42.0023,-5.6783,13.045630514973778,47.83397855490386
47043,CASTROMONTE,326,41.773392,-5.040743,VA_RHORT,Valladolid,41.6288,-4.7115,8.648714388382865,31.711952757403836
47047,CASTROVERDE DE CERRATO,189,41.756917,-4.220412,PA_CAUPA,Palencia,42.0006,-4.5397,10.323995502237887,37.854650174872255
47055,CORCOS,210,41.811446,-4.694451,VA_RHORT,Valladolid,41.6288,-4.7115,5.552329751300979,20.358542421436926
47057,CUBILLAS DE SANTA MARTA,404,41.834422,-4.613114,PA_CAUPA,Palencia,42.0006,-4.5397,5.304805756409916,19.450954440169692
47063,FOMPEDRAZA,111,41.53717,-4.145692,VA_RHORT,Valladolid,41.6288,-4.7115,13.131911111432558,48.15034074191938
47065,FRESNO EL VIEJO,836,41.196731,-5.146327,SA_CHUSAL,Salamanca,40.964,-5.6731,13.957537000407354,51.1776356681603
47070,GATÓN DE CAMPOS,41,42.050046,-4.978973,PA_CAUPA,Palencia,42.0006,-4.5397,10.00869945791028,36.69856467900436
47074,HORNILLOS DE ERESMA,171,41.366127,-4.719939,VA_RHORT,Valladolid,41.6288,-4.7115,7.968098113261264,29.216359748624637
47111,LA PEDRAJA DE PORTILLO,1175,41.472532,-4.647134,VA_RHORT,Valladolid,41.6288,-4.7115,4.959000473819587,18.183001737338486
47232,LA ZARZA,118,41.261586,-4.771292,VA_RHORT,Valladolid,41.6288,-4.7115,11.21872978269227,41.135342536538325
47076,LAGUNA DE DUERO,22907,41.583318,-4.722149,VA_RHORT,Valladolid,41.6288,-4.7115,1.4002598215854567,5.134286012480008
47080,MANZANILLO,48,41.585823,-4.188587,VA_RHORT,Valladolid,41.6288,-4.7115,11.928485508103927,43.73778019638107
47081,MARZALES,41,41.58754,-5.133612,VA_RHORT,Valladolid,41.6288,-4.7115,9.652723305487582,35.3933187867878
47084,MAYORGA,1409,42.16649,-5.262508,ZA_BENAV,Benavente,42.0023,-5.6783,10.600264265922952,38.86763564171749
47090,MOJADOS,3393,41.432809,-4.661593,VA_RHORT,Valladolid,41.6288,-4.7115,6.05062387578445,22.185620877876318
47092,MONTEALEGRE DE CAMPOS,105,41.902443,-4.898492,PA_CAUPA,Palencia,42.0006,-4.5397,8.62220336654869,31.6147456773452
47094,MORAL DE LA REINA,146,41.985616,-5.067824,PA_CAUPA,Palencia,42.0006,-4.5397,11.912021223660279,43.677411153421026
47098,MUCIENTES,691,41.743862,-4.760791,VA_RHORT,Valladolid,41.6288,-4.7115,3.6635713905959566,13.43309509885184
47102,NUEVA VILLA DE LAS TORRES,278,41.268017,-5.056775,VA_RHORT,Valladolid,41.6288,-4.7115,13.464893108188216,49.37127473002346
47103,OLIVARES DE DUERO,327,41.638349,-4.366923,VA_RHORT,Valladolid,41.6288,-4.7115,7.81548851496379,28.656791221533897
47104,OLMEDO,3564,41.288881,-4.684735,VA_RHORT,Valladolid,41.6288,-4.7115,10.326277725166689,37.86301832561119
47105,OLMOS DE ESGUEVA,197,41.68761,-4.520828,VA_RHORT,Valladolid,41.6288,-4.7115,4.67374653418801,17.137070625356035
47106,OLMOS DE PEÑAFIEL,38,41.572402,-4.041974,VA_RHORT,Valladolid,41.6288,-4.7115,15.279116312552123,56.02342647935779
47115,PEÑAFLOR DE HORNIJA,350,41.711656,-4.984002,VA_RHORT,Valladolid,41.6288,-4.7115,6.664766594080667,24.437477511629112
47124,POZALDEZ,500,41.371983,-4.846038,VA_RHORT,Valladolid,41.6288,-4.7115,8.366207265637215,30.676093307336455
47130,QUINTANILLA DE TRIGUEROS,101,41.853786,-4.659283,PA_CAUPA,Palencia,42.0006,-4.5397,5.205978730523266,19.088588678585307
47137,ROTURAS,26,41.667032,-4.11838,VA_RHORT,Valladolid,41.6288,-4.7115,13.490458689216084,49.46501519379231
47139,RUEDA,1103,41.413679,-4.960717,VA_RHORT,Valladolid,41.6288,-4.7115,8.635862556018013,31.664829372066052
47140,SAELICES DE MAYORGA,111,42.212059,-5.206132,ZA_BENAV,Benavente,42.0023,-5.6783,12.381969807713158,45.40055596161491
47144,SAN MARTÍN DE VALVENÍ,84,41.753516,-4.566199,VA_RHORT,Valladolid,41.6288,-4.7115,5.013116886436462,18.38142858360036
47145,SAN MIGUEL DEL ARROYO,646,41.442199,-4.460903,VA_RHORT,Valladolid,41.6288,-4.7115,8.023890889422386,29.420933261215417
47148,SAN PEDRO DE LATARCE,434,41.735356,-5.326939,ZA_BENAV,Benavente,42.0023,-5.6783,11.335520917806036,41.563576698622136
47152,SANTA EUFEMIA DEL ARROYO,73,41.894811,-5.265169,ZA_BENAV,Benavente,42.0023,-5.6783,9.87176053598232,36.19645529860184
47154,SANTIBÁÑEZ DE VALCORBA,187,41.570067,-4.451421,VA_RHORT,Valladolid,41.6288,-4.7115,6.161099698627971,22.590698894969226
47159,SERRADA,1109,41.457369,-4.862274,VA_RHORT,Valladolid,41.6288,-4.7115,6.224066399882576,22.821576799569442
47163,TIEDRA,282,41.652308,-5.269345,VA_RHORT,Valladolid,41.6288,-4.7115,12.662717636321,46.42996466651034
47165,TORDESILLAS,8638,41.502023,-5.001276,VA_RHORT,Valladolid,41.6288,-4.7115,7.616502278216962,27.92717502012886
47166,TORRECILLA DE LA ABADESA,250,41.485726,-5.08904,VA_RHORT,Valladolid,41.6288,-4.7115,9.60340662934798,35.21249097427592
47168,TORRECILLA DE LA TORRE,28,41.665532,-5.050257,VA_RHORT,Valladolid,41.6288,-4.7115,7.756986084512503,28.442282309879175
47174,TRIGUEROS DEL VALLE,314,41.830167,-4.651435,PA_CAUPA,Palencia,42.0006,-4.5397,5.75078191244174,21.086200345619712
47180,VALDEARCOS DE LA VEGA,64,41.642407,-4.048624,VA_RHORT,Valladolid,41.6288,-4.7115,15.029796779898513,55.10925485962788
47181,VALDENEBRO DE LOS VALLES,185,41.855907,-4.96906,VA_RHORT,Valladolid,41.6288,-4.7115,9.022120725535604,33.08110932696388
47183,VALDUNQUILLO,116,42.039327,-5.312196,ZA_BENAV,Benavente,42.0023,-5.6783,8.324089711674613,30.52166227614025
47188,VEGA DE VALDETRONCO,91,41.593065,-5.11389,VA_RHORT,Valladolid,41.6288,-4.7115,9.187835751144426,33.68873108752956
47192,VENTOSA DE LA CUESTA,101,41.412759,-4.831303,VA_RHORT,Valladolid,41.6288,-4.7115,7.093890789130801,26.010932893479602
47193,VIANA DE CEGA,2292,41.529431,-4.754222,VA_RHORT,Valladolid,41.6288,-4.7115,3.1654615872694656,11.606692486654707
47197,VILLABRÁGIMA,1048,41.822891,-5.117809,VA_RHORT,Valladolid,41.6288,-4.7115,10.918486088802348,40.03444899227527
47198,VILLACARRALÓN,66,42.190792,-5.043635,PA_CAUPA,Palencia,42.0006,-4.5397,12.722352670349114,46.64862645794675
47199,VILLACID DE CAMPOS,82,42.081421,-5.125034,ZA_BENAV,Benavente,42.0023,-5.6783,12.689379199554915,46.52772373170136
47200,VILLACO,75,41.739745,-4.269896,PA_CAUPA,Palencia,42.0006,-4.5397,9.985035322378907,36.611796182056
47209,VILLALÁN DE CAMPOS,32,42.015225,-5.235106,ZA_BENAV,Benavente,42.0023,-5.6783,9.994356078406502,36.64597228749051
47210,VILLALAR DE LOS COMUNEROS,490,41.548974,-5.137463,VA_RHORT,Valladolid,41.6288,-4.7115,9.960149674314161,36.52054880581859
47212,VILLALBA DE LOS ALCORES,392,41.863127,-4.861809,VA_RHORT,Valladolid,41.6288,-4.7115,7.878071117388308,28.88626076375713
47213,VILLALBARBA,100,41.602948,-5.213245,VA_RHORT,Valladolid,41.6288,-4.7115,11.402561242108124,41.80939122106312
47214,VILLALÓN DE CAMPOS,1496,42.098539,-5.034294,PA_CAUPA,Palencia,42.0006,-4.5397,11.526938679425061,42.26544182455856
47217,VILLANUBLA,2915,41.699577,-4.841232,VA_RHORT,Valladolid,41.6288,-4.7115,3.6393899074751475,13.344429660742207
47221,VILLANUEVA DE LOS INFANTES,112,41.703252,-4.48383,VA_RHORT,Valladolid,41.6288,-4.7115,5.63027049267798,20.64432513981926
47223,VILLARDEFRADES,136,41.720387,-5.250124,VA_RHORT,Valladolid,41.6288,-4.7115,12.512719464400524,45.879971369468585
47224,VILLARMENTERO DE ESGUEVA,102,41.685773,-4.547158,VA_RHORT,Valladolid,41.6288,-4.7115,4.104896467297889,15.051287046758928
47226,VILLAVAQUERÍN,145,41.663152,-4.462227,VA_RHORT,Valladolid,41.6288,-4.7115,5.744148253743584,21.061876930393144
49002,ABEZAMES,60,41.625537,-5.425556,ZA_BENAV,Benavente,42.0023,-5.6783,12.774167763778053,46.83861513385286
49005,ALFARAZ DE SAYAGO,124,41.22741,-5.98281,SA_CHUSAL,Salamanca,40.964,-5.6731,10.67284584833505,39.13376811056185
49007,ALMARAZ DE DUERO,397,41.4741,-5.915668,SA_CHUSAL,Salamanca,40.964,-5.6731,16.429032422784694,60.23978555021054
49012,ARGAÑÍN,80,41.438872,-6.210181,SA_CHUSAL,Salamanca,40.964,-5.6731,18.909249021278505,69.3339130780212
49013,ARGUJILLO,218,41.311744,-5.587089,SA_CHUSAL,Salamanca,40.964,-5.6731,10.727049838079182,39.332516072957
49015,ARRABALDE,194,42.107994,-5.893165,ZA_BENAV,Benavente,42.0023,-5.6783,5.803534736598816,21.27962736752899
49016,ASPARIEGOS,225,41.673541,-5.598533,ZA_BENAV,Benavente,42.0023,-5.6783,10.131492162310556,37.14880459513871
49017,ASTURIANOS,260,42.051862,-6.489204,LE_BIERZO,Ponferrada,42.5461,-6.5908,15.160452018572677,55.58832406809982
49020,BELVER DE LOS MONTES,253,41.722693,-5.452048,ZA_BENAV,Benavente,42.0023,-5.6783,9.900016427648476,36.300060234711076
49022,BENEGILES,268,41.627677,-5.635101,ZA_BENAV,Benavente,42.0023,-5.6783,11.40265448049704,41.80973309515581
49026,BRETOCINO,195,41.88379,-5.754672,ZA_BENAV,Benavente,42.0023,-5.6783,3.9854683825530293,14.613384069361107
49027,BRIME DE SOG,116,42.061129,-6.04653,ZA_BENAV,Benavente,42.0023,-5.6783,8.484174318749616,31.108639168748592
49029,BURGANES DE VALVERDE,618,41.921624,-5.782226,ZA_BENAV,Benavente,42.0023,-5.6783,3.3878967066980645,12.42228792455957
49030,BUSTILLO DEL ORO,79,41.675185,-5.462556,ZA_BENAV,Benavente,42.0023,-5.6783,11.052928138977132,40.52740317624948
49031,CABAÑAS DE SAYAGO,151,41.333304,-5.791677,SA_CHUSAL,Salamanca,40.964,-5.6731,11.522157409846688,42.24791050277119
49033,CAMARZANA DE TERA,746,41.995064,-6.026896,ZA_BENAV,Benavente,42.0023,-5.6783,7.8593646515671125,28.817670389079414
49038,CASASECA DE CAMPEÁN,86,41.374446,-5.74561,SA_CHUSAL,Salamanca,40.964,-5.6731,12.556720227304305,46.041307500115785
49042,CASTRONUEVO,218,41.721607,-5.543368,ZA_BENAV,Benavente,42.0023,-5.6783,9.041336326244672,33.151566529563794
49043,CASTROVERDE DE CAMPOS,256,41.969999,-5.317602,ZA_BENAV,Benavente,42.0023,-5.6783,8.189437640437367,30.027938014937014
49047,CERECINOS DEL CARRIZAL,108,41.682681,-5.651762,ZA_BENAV,Benavente,42.0023,-5.6783,9.711255404495615,35.60793648315059
49054,CORRALES DEL VINO,929,41.35782,-5.725187,SA_CHUSAL,Salamanca,40.964,-5.6731,12.00200246419177,44.00734236870316
49059,CUELGAMURES,80,41.306976,-5.65797,SA_CHUSAL,Salamanca,40.964,-5.6731,10.406791231952305,38.158234517158455
49146,EL PEGO,284,41.333303,-5.466657,SA_CHUSAL,Salamanca,40.964,-5.6731,12.151184096090434,44.55434168566492
49151,EL PERDIGÓN,650,41.41341,-5.75455,SA_CHUSAL,Salamanca,40.964,-5.6731,13.754933175104174,50.43475497538197
49062,ESPADAÑEDO,104,42.116383,-6.394126,LE_BIERZO,Ponferrada,42.5461,-6.5908,13.757254041160738,50.44326481758937
49064,FARIZA,496,41.42006,-6.270811,SA_CHUSAL,Salamanca,40.964,-5.6731,19.42490350731405,71.22464619348484
49065,FERMOSELLE,1149,41.318564,-6.399301,SA_CHUSAL,Salamanca,40.964,-5.6731,19.76550692400587,72.47352538802153
49068,FERRERUELA,419,41.766392,-6.071531,ZA_BENAV,Benavente,42.0023,-5.6783,11.401862166567572,41.8068279440811
49069,FIGUERUELA DE ARRIBA,318,41.868799,-6.445423,ZA_BENAV,Benavente,42.0023,-5.6783,17.772970581644955,65.16755879936484
49077,FRESNO DE SAYAGO,143,41.318667,-5.971441,SA_CHUSAL,Salamanca,40.964,-5.6731,12.732106907655071,46.68439199473526
49083,FUENTESECAS,44,41.628757,-5.475193,ZA_BENAV,Benavente,42.0023,-5.6783,12.222815090243335,44.81698866422556
49086,GALLEGOS DEL PAN,116,41.599915,-5.580577,ZA_BENAV,Benavente,42.0023,-5.6783,12.401048269591673,45.47051032183614
49090,GEMA,197,41.419497,-5.648797,SA_CHUSAL,Salamanca,40.964,-5.6731,13.824480589495838,50.689762161484744
49024,LA BÓVEDA DE TORO,676,41.342867,-5.408458,SA_CHUSAL,Salamanca,40.964,-5.6731,12.981645641360416,47.599367351654855
49100,LUBIÁN,290,42.03546,-6.906032,LE_BIERZO,Ponferrada,42.5461,-6.5908,17.023854532204908,62.420799951418
49104,MAHIDE,310,41.869063,-6.377211,ZA_BENAV,Benavente,42.0023,-5.6783,16.27637707121001,59.68004926110338
49107,MALVA,100,41.653463,-5.488447,ZA_BENAV,Benavente,42.0023,-5.6783,11.415616338941055,41.85725990945053
49109,MANGANESES DE LA POLVOROSA,641,42.035274,-5.746713,ZA_BENAV,Benavente,42.0023,-5.6783,1.8372938267844279,6.736744031542902
49114,MATILLA LA SECA,36,41.578904,-5.500276,ZA_BENAV,Benavente,42.0023,-5.6783,13.456007390196408,49.338693764053495
49116,MELGAR DE TERA,351,41.96624,-6.014163,ZA_BENAV,Benavente,42.0023,-5.6783,7.649619098429545,28.048603360908334
49117,MICERECES DE TERA,414,41.989068,-5.872077,ZA_BENAV,Benavente,42.0023,-5.6783,4.3857516004126085,16.081089201512896
49124,MORAL DE SAYAGO,262,41.473095,-6.100941,SA_CHUSAL,Salamanca,40.964,-5.6731,18.264775003618514,66.97084167993455
49127,MORALES DEL VINO,3085,41.446216,-5.730921,SA_CHUSAL,Salamanca,40.964,-5.6731,14.683013106922694,53.83771472538321
49136,MUGA DE SAYAGO,317,41.3886,-6.198281,SA_CHUSAL,Salamanca,40.964,-5.6731,17.59273032172727,64.50667784633333
49143,PALACIOS DE SANABRIA,230,42.053217,-6.530843,LE_BIERZO,Ponferrada,42.5461,-6.5908,15.007491828536953,55.02747003796883
49147,PELEAGONZALO,294,41.481571,-5.482456,SA_CHUSAL,Salamanca,40.964,-5.6731,16.28703386204875,59.71912416084541
49148,PELEAS DE ABAJO,255,41.392801,-5.689214,SA_CHUSAL,Salamanca,40.964,-5.6731,13.008972031843546,47.699564116759674
49149,PEÑAUSENDE,375,41.286637,-5.867299,SA_CHUSAL,Salamanca,40.964,-5.6731,10.742973094467095,39.390901346379344
49153,PERILLA DE CASTRO,148,41.725449,-5.876645,ZA_BENAV,Benavente,42.0023,-5.6783,9.51603671348747,34.89213461612072
49157,PINO DEL ORO,175,41.576952,-6.121489,ZA_BENAV,Benavente,42.0023,-5.6783,16.334080427439346,59.891628233944274
49160,POBLADURA DE VALDERADUEY,35,41.700012,-5.542517,ZA_BENAV,Benavente,42.0023,-5.6783,9.666668188548918,35.44445002467937
49159,POBLADURA DEL VALLE,273,42.102439,-5.734194,ZA_BENAV,Benavente,42.0023,-5.6783,3.2872939177019376,12.053411031573772
49168,QUINTANILLA DEL MONTE,95,41.868904,-5.350995,ZA_BENAV,Benavente,42.0023,-5.6783,8.419317596139967,30.870831185846548
49173,RÁBANO DE ALISTE,314,41.742251,-6.432775,ZA_BENAV,Benavente,42.0023,-5.6783,18.773906703993813,68.83765791464398
49178,ROALES,1022,41.552448,-5.773998,ZA_BENAV,Benavente,42.0023,-5.6783,13.812761783581044,50.646793206463826
49183,SALCE,85,41.270208,-6.218572,SA_CHUSAL,Salamanca,40.964,-5.6731,15.54135097950935,56.984953591534286
49184,SAMIR DE LOS CAÑOS,156,41.672715,-6.164073,ZA_BENAV,Benavente,42.0023,-5.6783,14.844540846638537,54.429983104341304
49185,SAN AGUSTÍN DEL POZO,166,41.886411,-5.593888,ZA_BENAV,Benavente,42.0023,-5.6783,3.9970663620672315,14.655909994246517
49186,SAN CEBRIÁN DE CASTRO,249,41.706371,-5.754891,ZA_BENAV,Benavente,42.0023,-5.6783,9.139543695552867,33.51166021702718
49188,SAN ESTEBAN DEL MOLAR,109,41.936665,-5.551598,ZA_BENAV,Benavente,42.0023,-5.6783,3.481825239160154,12.766692543587233
49208,SAN VICENTE DE LA CABEZA,323,41.80438,-6.253115,ZA_BENAV,Benavente,42.0023,-5.6783,14.295051889212356,52.41519026044531
49209,SAN VITERO,429,41.778447,-6.349144,ZA_BENAV,Benavente,42.0023,-5.6783,16.59633652996842,60.85323394321754
49199,SANTA COLOMBA DE LAS MONJAS,232,41.957518,-5.683644,ZA_BENAV,Benavente,42.0023,-5.6783,1.3633870933307728,4.9990860088795
49224,TREFACIO,165,42.122584,-6.649728,LE_BIERZO,Ponferrada,42.5461,-6.5908,12.911257530446532,47.34127761163728
49225,UÑA DE QUINTANA,121,42.086562,-6.143883,ZA_BENAV,Benavente,42.0023,-5.6783,10.792160348921847,39.57125461271344
49228,VALDEFINJAS,59,41.452477,-5.453213,SA_CHUSAL,Salamanca,40.964,-5.6731,15.639893090228803,57.346274664172284
49232,VEGA DE VILLALOBOS,91,41.971014,-5.463363,ZA_BENAV,Benavente,42.0023,-5.6783,4.936972130847263,18.102231146439962
49235,VEZDEMARBÁN,439,41.653124,-5.365947,ZA_BENAV,Benavente,42.0023,-5.6783,12.725902618556074,46.661642934705604
49236,VIDAYANES,76,41.909591,-5.574331,ZA_BENAV,Benavente,42.0023,-5.6783,3.6608948265809618,13.42328103079686
49239,VILLABUENA DEL PUENTE,586,41.38096,-5.406575,SA_CHUSAL,Salamanca,40.964,-5.6731,14.03220816143128,51.45142992524803
49240,VILLADEPERA,179,41.54861,-6.131441,ZA_BENAV,Benavente,42.0023,-5.6783,17.15578341608794,62.90453919232243
49241,VILLAESCUSA,237,41.206823,-5.463688,SA_CHUSAL,Salamanca,40.964,-5.6731,8.78281014113045,32.20363718414499
49246,VILLALBA DE LA LAMPREANA,212,41.743269,-5.641027,ZA_BENAV,Benavente,42.0023,-5.6783,7.900308485707964,28.9677977809292
49248,VILLALOBOS,193,41.948233,-5.475756,ZA_BENAV,Benavente,42.0023,-5.6783,4.85185445461396,17.79013300025119
49250,VILLALPANDO,1399,41.864879,-5.414703,ZA_BENAV,Benavente,42.0023,-5.6783,7.261623167269832,26.625951613322716
49252,VILLAMAYOR DE CAMPOS,339,41.897478,-5.362892,ZA_BENAV,Benavente,42.0023,-5.6783,7.79171915580208,28.569636904607627
49255,VILLAMOR DE LOS ESCUDEROS,365,41.253031,-5.574626,SA_CHUSAL,Salamanca,40.964,-5.6731,9.04932061624675,33.18084225957141
49256,VILLANÁZAR,249,41.974128,-5.780287,ZA_BENAV,Benavente,42.0023,-5.6783,2.452477899815081,8.99241896598863
49262,VILLARDECIERVOS,392,41.942316,-6.289652,ZA_BENAV,Benavente,42.0023,-5.6783,13.903229123599894,50.97850678653295
49265,VILLARDIEGUA DE LA RIBERA,116,41.53635,-6.182029,ZA_BENAV,Benavente,42.0023,-5.6783,18.15138178719899,66.55506655306296
49267,VILLARDONDIEGO,127,41.584417,-5.378432,ZA_BENAV,Benavente,42.0023,-5.6783,14.37229131446265,52.69840148636305
49268,VILLARRÍN DE CAMPOS,415,41.796464,-5.638397,ZA_BENAV,Benavente,42.0023,-5.6783,6.306806433672173,23.124956923464634
49270,VILLAVENDIMIO,156,41.578619,-5.342834,VA_RHORT,Valladolid,41.6288,-4.7115,14.396963390619412,52.78886576560451
5001,ADANERO,208,40.944236,-4.603775,AV_SONSESOLES,Ávila,40.6659,-4.6667,8.563483262669505,31.39943862978819
5005,ALBORNOS,175,40.835453,-4.886271,AV_SONSESOLES,Ávila,40.6659,-4.6667,7.203042836593756,26.411157067510437
5015,AREVALILLO,58,40.587063,-5.371997,SA_CHUSAL,Salamanca,40.964,-5.6731,13.359675144520128,48.985475529907134
5023,BARROMÁN,175,41.06568,-4.931357,AV_SONSESOLES,Ávila,40.6659,-4.6667,13.558136495988794,49.71316715195891
5029,BERNUY-ZAPARDIEL,84,40.976025,-4.943348,AV_SONSESOLES,Ávila,40.6659,-4.6667,11.347178424688199,41.60632089052339
5030,BERROCALEJO DE ARAGONA,56,40.699531,-4.592236,AV_SONSESOLES,Ávila,40.6659,-4.6667,1.9931561090549594,7.308239066534851
5045,CABIZUELA,88,40.90119,-4.801294,AV_SONSESOLES,Ávila,40.6659,-4.6667,7.775941210536232,28.51178443863285
5046,CANALES,35,41.003967,-4.901173,AV_SONSESOLES,Ávila,40.6659,-4.6667,11.577988319718187,42.45262383896669
5054,CASAVIEJA,1394,40.279297,-4.765808,AV_SONSESOLES,Ávila,40.6659,-4.6667,11.944933413412121,43.79808918251111
5057,CEBREROS,3239,40.454779,-4.464399,AV_SONSESOLES,Ávila,40.6659,-4.6667,7.919258944014105,29.037282794718383
5062,COLLADO DE CONTRERAS,145,40.88773,-4.930021,AV_SONSESOLES,Ávila,40.6659,-4.6667,9.04553902922611,33.16697644049573
5064,CONSTANZANA,99,40.938421,-4.874063,AV_SONSESOLES,Ávila,40.6659,-4.6667,9.53730547431849,34.97012007250113
5013,EL ARENAL,978,40.265212,-5.086854,AV_SONSESOLES,Ávila,40.6659,-4.6667,15.544096235737745,56.995019531038395
5112,EL LOSAR DEL BARCO,63,40.392406,-5.539015,SA_CHUSAL,Salamanca,40.964,-5.6731,17.606256664958526,64.55627443818126
5129,EL MIRÓN,98,40.531673,-5.405187,SA_CHUSAL,Salamanca,40.964,-5.6731,14.483653082606736,53.10672796955803
5078,FUENTES DE AÑO,88,41.017549,-4.898007,AV_SONSESOLES,Ávila,40.6659,-4.6667,11.911457217872607,43.675343132199565
5079,GALLEGOS DE ALTAMIROS,60,40.709599,-4.89866,AV_SONSESOLES,Ávila,40.6659,-4.6667,5.496150784189786,20.15255287536255
5085,GIL GARCÍA,47,40.297222,-5.59615,SA_CHUSAL,Salamanca,40.964,-5.6731,20.298040731278896,74.42614934802262
5087,GOTARRENDURA,167,40.827136,-4.739094,AV_SONSESOLES,Ávila,40.6659,-4.6667,5.16476942076127,18.937487876124656
5088,GRANDES Y SAN MARTÍN,32,40.755002,-4.958777,AV_SONSESOLES,Ávila,40.6659,-4.6667,7.2374463138223115,26.537303150681808
5089,GUISANDO,474,40.221963,-5.140112,AV_SONSESOLES,Ávila,40.6659,-4.6667,17.338445954530656,63.574301833279065
5090,GUTIERRE-MUÑOZ,64,40.982699,-4.636491,AV_SONSESOLES,Ávila,40.6659,-4.6667,9.632190196184354,35.31803071934263
5094,HERREROS DE SUSO,140,40.802534,-5.038494,AV_SONSESOLES,Ávila,40.6659,-4.6667,9.495324126015785,34.81618846205787
5002,LA ADRADA,2796,40.301364,-4.63746,AV_SONSESOLES,Ávila,40.6659,-4.6667,11.075432123038528,40.609917784474604
5096,LA HIJA DE DIOS,75,40.533872,-4.972665,AV_SONSESOLES,Ávila,40.6659,-4.6667,8.103290315214537,29.712064489119967
5097,LA HORCAJADA,457,40.435305,-5.466432,SA_CHUSAL,Salamanca,40.964,-5.6731,16.722393967661787,61.31544454809322
5118,MANCERA DE ARRIBA,70,40.790929,-5.148302,AV_SONSESOLES,Ávila,40.6659,-4.6667,11.699266557947766,42.89731071247515
5119,MANJABÁLAGO Y ORTIGOSA DE RIOALMAR,26,40.665623,-5.077413,AV_SONSESOLES,Ávila,40.6659,-4.6667,9.447589730304363,34.641162344449334
5121,MARTIHERRERO,361,40.673934,-4.781796,AV_SONSESOLES,Ávila,40.6659,-4.6667,2.6585652525034167,9.748072592512528
5122,MARTÍNEZ,108,40.630813,-5.34692,SA_CHUSAL,Salamanca,40.964,-5.6731,12.576491935507674,46.11380376352813
5126,MESEGAR DE CORNEJA,66,40.501572,-5.301507,AV_SONSESOLES,Ávila,40.6659,-4.6667,15.446279214001747,56.6363571180064
5127,MIJARES,731,40.297768,-4.838469,AV_SONSESOLES,Ávila,40.6659,-4.6667,11.846143093272557,43.435858008666045
5128,MINGORRÍA,410,40.751028,-4.665175,AV_SONSESOLES,Ávila,40.6659,-4.6667,2.581820305483703,9.466674453440243
5130,MIRONCILLO,112,40.554959,-4.825349,AV_SONSESOLES,Ávila,40.6659,-4.6667,4.965803060535574,18.207944555297104
5131,MIRUEÑA DE LOS INFANZONES,95,40.737499,-5.093717,AV_SONSESOLES,Ávila,40.6659,-4.6667,10.0545748547453,36.86677446739944
5133,MONSALUPE,59,40.769202,-4.781304,AV_SONSESOLES,Ávila,40.6659,-4.6667,4.093024492525751,15.00775647259442
5135,MUÑANA,502,40.590961,-5.014648,AV_SONSESOLES,Ávila,40.6659,-4.6667,8.32450320320392,30.523178411747704
5138,MUÑOGALINDO,300,40.603862,-4.901397,AV_SONSESOLES,Ávila,40.6659,-4.6667,5.719491511860947,20.971468876823472
5139,MUÑOGRANDE,74,40.821577,-4.921427,AV_SONSESOLES,Ávila,40.6659,-4.6667,7.5193855463966965,27.571080336787887
5140,MUÑOMER DEL PECO,111,40.859571,-4.880465,AV_SONSESOLES,Ávila,40.6659,-4.6667,7.655299947999706,28.069433142665588
5142,MUÑOSANCHO,88,40.921973,-5.035046,AV_SONSESOLES,Ávila,40.6659,-4.6667,11.481328092726686,42.09820300666452
5143,MUÑOTELLO,49,40.542697,-5.040689,AV_SONSESOLES,Ávila,40.6659,-4.6667,9.386397578694886,34.41679112188125
5144,NARRILLOS DEL ÁLAMO,59,40.567055,-5.466694,SA_CHUSAL,Salamanca,40.964,-5.6731,12.937605036546264,47.43788513400297
5157,NAVALACRUZ,204,40.439978,-4.932213,AV_SONSESOLES,Ávila,40.6659,-4.6667,9.18523450491821,33.679193184700104
5160,NAVALOSA,324,40.401826,-4.931181,AV_SONSESOLES,Ávila,40.6659,-4.6667,10.064375974065797,36.902711904907925
5161,NAVALPERAL DE PINARES,826,40.594486,-4.409132,AV_SONSESOLES,Ávila,40.6659,-4.6667,6.31118403289412,23.141008120611772
5162,NAVALPERAL DE TORMES,77,40.352879,-5.30008,AV_SONSESOLES,Ávila,40.6659,-4.6667,17.417674116495334,63.86480509381623
5163,NAVALUENGA,2172,40.412733,-4.708148,AV_SONSESOLES,Ávila,40.6659,-4.6667,7.7367103010037255,28.367937770346995
5164,NAVAQUESERA,43,40.425026,-4.908764,AV_SONSESOLES,Ávila,40.6659,-4.6667,9.19103623272028,33.70046618664103
5169,NAVATALGORDO,237,40.415394,-4.869799,AV_SONSESOLES,Ávila,40.6659,-4.6667,8.922988651334645,32.7176250548937
5171,NEILA DE SAN MIGUEL,62,40.424615,-5.651008,SA_CHUSAL,Salamanca,40.964,-5.6731,16.365214767857072,60.0057874821426
5172,NIHARRA,183,40.588588,-4.839461,AV_SONSESOLES,Ávila,40.6659,-4.6667,4.616046875163852,16.925505208934126
5174,ORBITA,69,40.998381,-4.647247,AV_SONSESOLES,Ávila,40.6659,-4.6667,10.092656962564778,37.00640886273752
5176,PADIERNOS,275,40.621932,-4.844785,AV_SONSESOLES,Ávila,40.6659,-4.6667,4.309286576129004,15.800717445806347
5177,PAJARES DE ADAJA,127,40.923697,-4.640356,AV_SONSESOLES,Ávila,40.6659,-4.6667,7.841283212424784,28.751371778890878
5181,PASCUALCOBO,39,40.655339,-5.277265,SA_CHUSAL,Salamanca,40.964,-5.6731,13.044779326638858,47.830857531009144
5186,PIEDRAHÍTA,1637,40.463777,-5.32792,AV_SONSESOLES,Ávila,40.6659,-4.6667,16.41990411497214,60.20631508823119
5195,RIOFRÍO,191,40.547284,-4.777999,AV_SONSESOLES,Ávila,40.6659,-4.6667,4.416518341282995,16.193900584704313
5196,RIVILLA DE BARAJAS,56,40.901297,-4.987756,AV_SONSESOLES,Ávila,40.6659,-4.6667,10.26198586689998,37.62728151196659
5201,SAN BARTOLOMÉ DE PINARES,489,40.543187,-4.540079,AV_SONSESOLES,Ávila,40.6659,-4.6667,4.727343263956298,17.33359196783976
5209,SAN GARCÍA DE INGELMOS,66,40.769932,-5.11618,AV_SONSESOLES,Ávila,40.6659,-4.6667,10.80220990383471,39.60810298072727
5213,SAN JUAN DEL OLMO,81,40.653173,-5.05025,AV_SONSESOLES,Ávila,40.6659,-4.6667,8.832020075331181,32.38407360954766
5218,SAN MIGUEL DE SERREZUELA,106,40.670366,-5.288092,SA_CHUSAL,Salamanca,40.964,-5.6731,12.544762003294105,45.99746067874505
5220,SAN PEDRO DEL ARROYO,501,40.805112,-4.867618,AV_SONSESOLES,Ávila,40.6659,-4.6667,6.256065762960821,22.93890779752301
5205,SANCHORREJA,79,40.664841,-4.914851,AV_SONSESOLES,Ávila,40.6659,-4.6667,5.708317278701019,20.9304966885704
5222,SANTA CRUZ DE PINARES,170,40.542215,-4.579379,AV_SONSESOLES,Ávila,40.6659,-4.6667,4.255703826759592,15.604247364785172
5225,SANTA MARÍA DEL BERROCAL,382,40.509532,-5.406048,SA_CHUSAL,Salamanca,40.964,-5.6731,15.086505318485939,55.31718616778177
5902,SANTA MARÍA DEL CUBILLO,322,40.742212,-4.472778,AV_SONSESOLES,Ávila,40.6659,-4.6667,5.023072730717876,18.417933345965547
5228,SANTIAGO DEL COLLADO,162,40.433561,-5.356583,AV_SONSESOLES,Ávila,40.6659,-4.6667,17.388310835430058,63.757139729910214
5229,SANTO DOMINGO DE LAS POSADAS,69,40.812408,-4.633024,AV_SONSESOLES,Ávila,40.6659,-4.6667,4.509864004406311,16.536168016156477
5230,SANTO TOMÉ DE ZABARCOS,71,40.787784,-4.910307,AV_SONSESOLES,Ávila,40.6659,-4.6667,6.708630968637954,24.5983135516725
5236,SOLANA DE ÁVILA,100,40.314719,-5.614766,SA_CHUSAL,Salamanca,40.964,-5.6731,19.735727977848786,72.36433591877889
5237,SOLANA DE RIOALMAR,138,40.737923,-5.010111,AV_SONSESOLES,Ávila,40.6659,-4.6667,8.19171253250095,30.03627928583682
5240,SOTILLO DE LA ADRADA,5003,40.292542,-4.580612,AV_SONSESOLES,Ávila,40.6659,-4.6667,11.495234289332155,42.1491923942179
5243,TOLBAÑOS,86,40.751776,-4.581197,AV_SONSESOLES,Ávila,40.6659,-4.6667,3.2627555850369543,11.963437145135499
5244,TORMELLAS,35,40.304933,-5.509627,SA_CHUSAL,Salamanca,40.964,-5.6731,20.337770702540023,74.57182590931342
5252,VALDECASA,56,40.659187,-5.011577,AV_SONSESOLES,Ávila,40.6659,-4.6667,7.936164114286111,29.099268419049075
5257,VILLAFRANCA DE LA SIERRA,134,40.497326,-5.229974,AV_SONSESOLES,Ávila,40.6659,-4.6667,13.9441409635212,51.128516866244404
5265,VITA,71,40.812382,-5.005955,AV_SONSESOLES,Ávila,40.6659,-4.6667,8.972123950243388,32.89778781755909
9007,AGUILAR DE BUREBA,50,42.590132,-3.328516,BU_HUBU,Burgos,42.3619,-3.684,10.541614239537289,38.65258554497006
9009,ALBILLOS,214,42.276171,-3.791095,BU_HUBU,Burgos,42.3619,-3.684,3.53917709171181,12.97698266960997
9012,ALFOZ DE SANTA GADEA,101,42.955776,-3.952068,BU_HUBU,Burgos,42.3619,-3.684,18.976125155308278,69.57912556946368
9016,AMEYUGO,108,42.656227,-3.061089,BU_HUBU,Burgos,42.3619,-3.684,16.54033917386687,60.64791030417852
9017,ANGUIX,156,41.752741,-3.931087,PA_CAUPA,Palencia,42.0006,-4.5397,15.66381241679551,57.43397886158353
9018,ARANDA DE DUERO,33757,41.67155,-3.689244,BU_HUBU,Burgos,42.3619,-3.684,20.935810907512366,76.764639994212
9021,ARAUZO DE SALCE,46,41.819942,-3.41129,BU_HUBU,Burgos,42.3619,-3.684,17.543790210917273,64.32723077336334
9025,ARIJA,115,42.993881,-3.944988,BU_HUBU,Burgos,42.3619,-3.684,20.029177884813368,73.44031891098236
9027,ARRAYA DE OCA,53,42.415773,-3.398138,BU_HUBU,Burgos,42.3619,-3.684,6.607965937871498,24.22920843886216
9029,ATAPUERCA,180,42.378193,-3.507224,BU_HUBU,Burgos,42.3619,-3.684,3.991366782091222,14.635011534334483
9033,BAHABÓN DE ESGUEVA,84,41.861384,-3.728434,BU_HUBU,Burgos,42.3619,-3.684,15.211473075310618,55.775401276138936
9035,BAÑOS DE VALDEARADOS,318,41.771227,-3.556407,BU_HUBU,Burgos,42.3619,-3.684,18.14153269556435,66.51895321706928
9037,BARBADILLO DE HERREROS,104,42.149517,-3.1771,BU_HUBU,Burgos,42.3619,-3.684,13.074206323287312,47.93875651872015
9044,BARRIOS DE COLINA,55,42.395947,-3.461802,BU_HUBU,Burgos,42.3619,-3.684,5.083599232445351,18.639863852299623
9045,BASCONCILLOS DEL TOZO,294,42.701617,-3.990265,BU_HUBU,Burgos,42.3619,-3.684,12.368424767489138,45.350890814126835
9046,BASCUÑANA,18,42.424312,-3.082748,BU_HUBU,Burgos,42.3619,-3.684,13.598437303059331,49.86093677788421
9048,BELORADO,1834,42.420584,-3.189708,BU_HUBU,Burgos,42.3619,-3.684,11.212985160098302,41.11427892036045
9054,BOZOÓ,102,42.726249,-3.085279,BU_HUBU,Burgos,42.3619,-3.684,17.35019870413675,63.617395248501424
9055,BRAZACORTA,45,41.717094,-3.367476,SO_HSANTA,Soria,41.7715,-2.4715,20.34005986369775,74.58021950022508
9056,BRIVIESCA,6560,42.54898,-3.323904,BU_HUBU,Burgos,42.3619,-3.684,9.854016072342972,36.13139226525757
9061,CABAÑES DE ESGUEVA,149,41.831291,-3.784695,BU_HUBU,Burgos,42.3619,-3.684,16.249935821217267,59.58309801112998
9066,CAMPOLARA,48,42.119136,-3.427732,BU_HUBU,Burgos,42.3619,-3.684,9.343566396414301,34.25974345351911
9070,CARAZO,39,41.967561,-3.356685,BU_HUBU,Burgos,42.3619,-3.684,14.04068467969206,51.48251049220422
9072,CARCEDO DE BURGOS,484,42.286212,-3.622927,BU_HUBU,Burgos,42.3619,-3.684,2.6727375428063946,9.80003765695678
9076,CARRIAS,24,42.48163,-3.284185,BU_HUBU,Burgos,42.3619,-3.684,9.658900118451667,35.41596710098944
9083,CASTIL DE PEONES,35,42.48291,-3.385787,BU_HUBU,Burgos,42.3619,-3.684,7.618029499526347,27.932774831596607
9082,CASTILDELGADO,28,42.436243,-3.085195,BU_HUBU,Burgos,42.3619,-3.684,13.598191656194123,49.860036072711786
9084,CASTRILLO DE LA REINA,158,41.986884,-3.236529,BU_HUBU,Burgos,42.3619,-3.684,15.18140553325131,55.66515362192147
9088,CASTRILLO DE RIOPISUERGA,58,42.515748,-4.253352,BU_HUBU,Burgos,42.3619,-3.684,13.569609244880104,49.75523389789371
9090,CASTRILLO MOTA DE JUDÍOS,52,42.307578,-4.172776,BU_HUBU,Burgos,42.3619,-3.684,11.080309358282957,40.627800980370836
9095,CELADA DEL CAMINO,90,42.263839,-3.934014,BU_HUBU,Burgos,42.3619,-3.684,6.346495121116728,23.270482110761336
9103,CILLERUELO DE ABAJO,209,41.884436,-3.794648,BU_HUBU,Burgos,42.3619,-3.684,14.691849983074595,53.87011660460685
9104,CILLERUELO DE ARRIBA,49,41.904822,-3.661674,BU_HUBU,Burgos,42.3619,-3.684,13.870387215207284,50.858086455760045
9109,CONDADO DE TREVIÑO,1489,42.735329,-2.747459,BU_HUBU,Burgos,42.3619,-3.684,23.791313454764026,87.23481600080143
9113,COVARRUBIAS,505,42.057516,-3.518868,BU_HUBU,Burgos,42.3619,-3.684,9.948077613789904,36.476284583896316
9115,CUBO DE BUREBA,101,42.640333,-3.207594,BU_HUBU,Burgos,42.3619,-3.684,13.592334114823997,49.83855842102132
9119,CUEVAS DE SAN CLEMENTE,45,42.129783,-3.568761,BU_HUBU,Burgos,42.3619,-3.684,7.499492187191189,27.498138019701024
9124,ESPINOSA DE LOS MONTEROS,1648,43.076359,-3.552854,BU_HUBU,Burgos,42.3619,-3.684,21.862733052768277,80.16335452681702
9125,ESTÉPAR,634,42.276288,-3.897513,BU_HUBU,Burgos,42.3619,-3.684,5.446284508131579,19.96970986314912
9129,FRESNEDA DE LA SIERRA TIRÓN,97,42.314386,-3.136604,BU_HUBU,Burgos,42.3619,-3.684,12.354924541116173,45.30138998409264
9130,FRESNEÑA,66,42.414131,-3.134692,BU_HUBU,Burgos,42.3619,-3.684,12.405240836620703,45.485883067609244
9131,FRESNILLO DE LAS DUEÑAS,693,41.647427,-3.644482,BU_HUBU,Burgos,42.3619,-3.684,21.685321250600346,79.5128445855346
9132,FRESNO DE RÍO TIRÓN,160,42.459782,-3.175839,BU_HUBU,Burgos,42.3619,-3.684,11.758759564866498,43.11545173784383
9135,FUENTEBUREBA,56,42.633797,-3.234478,BU_HUBU,Burgos,42.3619,-3.684,13.000413701593477,47.66818357250941
9137,FUENTELCÉSPED,273,41.591514,-3.640806,SG_HGSEG,Segovia,40.9426,-4.1285,22.601625263471362,82.87262596606166
9138,FUENTELISENDO,99,41.623606,-3.901042,VA_RHORT,Valladolid,41.6288,-4.7115,18.372419392128254,67.36553777113693
9141,FUENTESPINA,816,41.631349,-3.683701,BU_HUBU,Burgos,42.3619,-3.684,22.154609621669234,81.2335686127872
9143,GALBARROS,27,42.528457,-3.43745,BU_HUBU,Burgos,42.3619,-3.684,7.480203737699817,27.42741370489933
9149,GRISALEÑA,53,42.591522,-3.264364,BU_HUBU,Burgos,42.3619,-3.684,11.686998172121637,42.85232663111267
9154,HACINAS,149,41.985985,-3.287554,BU_HUBU,Burgos,42.3619,-3.684,14.468825694304705,53.05236087911725
9160,HONTANGAS,99,41.582757,-3.796042,VA_RHORT,Valladolid,41.6288,-4.7115,20.805377565657864,76.28638440741217
9164,HONTORIA DE VALDEARADOS,164,41.743167,-3.520242,BU_HUBU,Burgos,42.3619,-3.684,19.122522312931174,70.11591514741431
9163,HONTORIA DEL PINAR,610,41.848031,-3.164524,SO_HSANTA,Soria,41.7715,-2.4715,15.83590721531925,58.06499312283725
9167,HORNILLOS DEL CAMINO,46,42.339102,-3.926326,BU_HUBU,Burgos,42.3619,-3.684,5.474830718206605,20.074379300090886
9170,HOYALES DE ROA,212,41.659345,-3.862192,PA_CAUPA,Palencia,42.0006,-4.5397,18.478997082267682,67.7563226349815
9173,HUERTA DE ARRIBA,128,42.11675,-3.082353,BU_HUBU,Burgos,42.3619,-3.684,15.418572372658314,56.534765366413815
9174,HUERTA DE REY,881,41.840641,-3.348187,BU_HUBU,Burgos,42.3619,-3.684,17.520653854322777,64.24239746585019
9177,IBEAS DE JUARROS,1445,42.330328,-3.536577,BU_HUBU,Burgos,42.3619,-3.684,3.4401904756742963,12.614031744139085
9179,IGLESIARRUBIA,45,41.974404,-3.846552,BU_HUBU,Burgos,42.3619,-3.684,12.306048906140317,45.1221793225145
9190,JUNTA DE VILLALBA DE LOSA,78,42.935379,-3.087829,BU_HUBU,Burgos,42.3619,-3.684,21.892504960072458,80.27251818693234
9168,LA HORRA,303,41.741033,-3.873493,PA_CAUPA,Palencia,42.0006,-4.5397,16.979241409124334,62.25721850012256
9276,LA PUEBLA DE ARGANZÓN,557,42.766841,-2.83136,BU_HUBU,Burgos,42.3619,-3.684,22.660009468346033,83.08670138393545
9312,LA REVILLA Y AHEDO,101,42.013629,-3.330408,BU_HUBU,Burgos,42.3619,-3.684,13.216394926517436,48.46011473056394
9421,LA VID Y BARRIOS,245,41.628684,-3.487962,BU_HUBU,Burgos,42.3619,-3.684,22.670135574498836,83.12383043982906
9297,LAS QUINTANILLAS,388,42.372133,-3.843807,BU_HUBU,Burgos,42.3619,-3.684,3.5940706717564046,13.178259129773483
9194,LERMA,2556,42.02736,-3.759314,BU_HUBU,Burgos,42.3619,-3.684,10.28536691496682,37.71301202154501
9030,LOS AUSINES,165,42.225586,-3.591431,BU_HUBU,Burgos,42.3619,-3.684,4.62607973831289,16.96229237381393
9198,MAHAMUD,105,42.120352,-3.941882,BU_HUBU,Burgos,42.3619,-3.684,9.336929909035641,34.23540966646402
9200,MAMBRILLAS DE LARA,56,42.095596,-3.45962,BU_HUBU,Burgos,42.3619,-3.684,9.518762577243102,34.902129449891376
9213,MERINDAD DE CUESTA-URRIA,270,42.841895,-3.418599,BU_HUBU,Burgos,42.3619,-3.684,15.715656884510661,57.62407524320575
9214,MERINDAD DE MONTIJA,736,43.067273,-3.470112,BU_HUBU,Burgos,42.3619,-3.684,21.915503668727414,80.35684678533384
9906,MERINDAD DE RÍO UBIERNA,1411,42.437085,-3.680833,BU_HUBU,Burgos,42.3619,-3.684,2.2811547758595814,8.364234178151799
9220,MIRAVECHE,95,42.67318,-3.200843,BU_HUBU,Burgos,42.3619,-3.684,14.343722208468378,52.593648097717384
9225,MONCALVILLO,76,41.954034,-3.199486,BU_HUBU,Burgos,42.3619,-3.684,16.48107349915801,60.43060283024604
9226,MONTERRUBIO DE LA DEMANDA,56,42.149598,-3.112652,BU_HUBU,Burgos,42.3619,-3.684,14.34966776113566,52.61544845749742
9227,MONTORIO,149,42.584723,-3.776397,BU_HUBU,Burgos,42.3619,-3.684,7.066300854337559,25.909769799237715
9229,NAVA DE ROA,199,41.612643,-3.963636,VA_RHORT,Valladolid,41.6288,-4.7115,16.96137052827657,62.1916919370141
9239,OQUILLAS,49,41.830809,-3.706049,BU_HUBU,Burgos,42.3619,-3.684,16.113447019963345,59.08263907319893
9241,ORBANEJA RIOPICO,350,42.361152,-3.585219,BU_HUBU,Burgos,42.3619,-3.684,2.213604806159673,8.1165509559188
9249,PALAZUELOS DE MUÑÓ,54,42.198079,-3.989669,BU_HUBU,Burgos,42.3619,-3.684,8.468627900883646,31.051635636573376
9253,PARDILLA,102,41.552556,-3.71057,SG_HGSEG,Segovia,40.9426,-4.1285,20.807677832833473,76.2948187203894
9257,PEDROSA DEL PÁRAMO,89,42.439456,-3.976085,BU_HUBU,Burgos,42.3619,-3.684,6.950967569933801,25.48688108975727
9261,PEÑARANDA DE DUERO,465,41.688537,-3.479138,BU_HUBU,Burgos,42.3619,-3.684,20.935323253476454,76.76285192941367
9266,PINEDA DE LA SIERRA,94,42.216142,-3.296928,BU_HUBU,Burgos,42.3619,-3.684,9.743813586065565,35.727316482240404
9268,PINILLA DE LOS BARRUECOS,98,41.918199,-3.304483,BU_HUBU,Burgos,42.3619,-3.684,15.9337431564718,58.42372490706327
9273,PRÁDANOS DE BUREBA,56,42.503223,-3.347719,BU_HUBU,Burgos,42.3619,-3.684,8.66148159427851,31.75876584568787
9277,PUENTEDURA,122,42.041902,-3.582175,BU_HUBU,Burgos,42.3619,-3.684,9.970180936871122,36.55733010186078
9281,QUINTANA DEL PIDIO,149,41.759125,-3.751338,BU_HUBU,Burgos,42.3619,-3.684,18.34245170963306,67.25565626865455
9280,QUINTANABUREBA,31,42.586767,-3.366316,BU_HUBU,Burgos,42.3619,-3.684,9.848654943560105,36.11173479305372
9289,QUINTANAR DE LA SIERRA,1513,41.979978,-3.041477,SO_HSANTA,Soria,41.7715,-2.4715,14.339318815524782,52.57750232359087
9302,RABANERA DEL PINAR,99,41.892791,-3.196583,SO_HSANTA,Soria,41.7715,-2.4715,16.791646919199696,61.56937203706555
9303,RÁBANOS,79,42.319106,-3.269499,BU_HUBU,Burgos,42.3619,-3.684,9.381448276001528,34.39864367867227
9308,REDECILLA DEL CAMPO,67,42.466164,-3.113821,BU_HUBU,Burgos,42.3619,-3.684,13.15162901103475,48.22263970712741
9321,ROA,2244,41.697195,-3.927859,PA_CAUPA,Palencia,42.0006,-4.5397,16.603899610674006,60.880965239138014
9323,ROJAS,60,42.5776,-3.442423,BU_HUBU,Burgos,42.3619,-3.684,8.484744453113029,31.110729661414435
9325,ROYUELA DE RÍO FRANCO,170,41.997829,-3.958028,BU_HUBU,Burgos,42.3619,-3.684,12.642038159547397,46.35413991834046
9327,RUBLACEDO DE ABAJO,33,42.55491,-3.50256,BU_HUBU,Burgos,42.3619,-3.684,7.123127334997178,26.118133561656318
9330,SALAS DE LOS INFANTES,1984,42.022314,-3.282137,BU_HUBU,Burgos,42.3619,-3.684,13.695964703587796,50.21853724648859
9340,SAN MILLÁN DE LARA,61,42.135626,-3.344955,BU_HUBU,Burgos,42.3619,-3.684,10.24757468240382,37.57444050214734
9360,SAN VICENTE DEL VALLE,28,42.336869,-3.161841,BU_HUBU,Burgos,42.3619,-3.684,11.72739511565775,43.000448757411746
9348,SANTA INÉS,155,42.040327,-3.702984,BU_HUBU,Burgos,42.3619,-3.684,9.761308076779793,35.791462948192574
9361,SARGENTES DE LA LORA,133,42.769086,-3.874035,BU_HUBU,Burgos,42.3619,-3.684,13.057378580075687,47.87705479361085
9363,SASAMÓN,912,42.418242,-4.044174,BU_HUBU,Burgos,42.3619,-3.684,8.24607754220516,30.23561765475225
9368,SORDILLOS,22,42.462676,-4.107552,BU_HUBU,Burgos,42.3619,-3.684,9.963562317644788,36.53306183136422
9369,SOTILLO DE LA RIBERA,470,41.776969,-3.824946,PA_CAUPA,Palencia,42.0006,-4.5397,17.50334576209265,64.17893446100638
9372,SOTRAGERO,301,42.409518,-3.713469,BU_HUBU,Burgos,42.3619,-3.684,1.5877722060405506,5.821831422148685
9374,SUSINOS DEL PÁRAMO,118,42.471035,-3.926748,BU_HUBU,Burgos,42.3619,-3.684,6.363174844644592,23.33164109703017
9375,TAMARÓN,55,42.272819,-3.990838,BU_HUBU,Burgos,42.3619,-3.684,7.391797216808568,27.103256461631418
9382,TOBAR,27,42.48399,-3.93941,BU_HUBU,Burgos,42.3619,-3.684,6.811736489500414,24.976367128168185
9386,TORRECILLA DEL MONTE,79,42.09532,-3.694219,BU_HUBU,Burgos,42.3619,-3.684,8.087531602809129,29.654282543633467
9387,TORREGALINDO,123,41.582486,-3.753342,SG_HGSEG,Segovia,40.9426,-4.1285,21.205968703560558,77.75521857972205
9390,TORRESANDINO,574,41.829444,-3.909639,PA_CAUPA,Palencia,42.0006,-4.5397,15.136064376573744,55.49890271410372
9396,TUBILLA DEL LAGO,171,41.801115,-3.586698,BU_HUBU,Burgos,42.3619,-3.684,17.146734402580382,62.87135947612806
9398,ÚRBEL DEL CASTILLO,58,42.619362,-3.844807,BU_HUBU,Burgos,42.3619,-3.684,8.59604577130815,31.518834494796547
9403,VALDEANDE,98,41.832749,-3.528794,BU_HUBU,Burgos,42.3619,-3.684,16.422615290716504,60.21625606596051
9405,VALDEZATE,121,41.602553,-3.931026,VA_RHORT,Valladolid,41.6288,-4.7115,17.71284207717326,64.94708761630194
9408,VALLARTA DE BUREBA,42,42.58807,-3.203619,BU_HUBU,Burgos,42.3619,-3.684,12.747395184127258,46.74044900846661
9904,VALLE DE LAS NAVAS,543,42.452602,-3.637037,BU_HUBU,Burgos,42.3619,-3.684,2.9447799567027477,10.797526507910074
9409,VALLE DE MANZANEDO,115,42.897273,-3.691368,BU_HUBU,Burgos,42.3619,-3.684,16.23649448186071,59.533813100155925
9905,VALLE DE SEDANO,409,42.716832,-3.749952,BU_HUBU,Burgos,42.3619,-3.684,10.864039847976228,39.83481277591284
9412,VALLE DE TOBALINA,863,42.791907,-3.271532,BU_HUBU,Burgos,42.3619,-3.684,15.965237660998481,58.53920475699443
9414,VALLE DE VALDELAGUNA,191,42.115335,-3.147067,BU_HUBU,Burgos,42.3619,-3.684,14.185726311856495,52.01432981014048
9415,VALLE DE VALDELUCIO,330,42.717861,-4.120628,BU_HUBU,Burgos,42.3619,-3.684,14.550249584301035,53.35091514243713
9416,VALLE DE ZAMANZAS,45,42.849353,-3.756044,BU_HUBU,Burgos,42.3619,-3.684,14.86965229295922,54.522058407517136
9407,VALMALA,26,42.30518,-3.25488,BU_HUBU,Burgos,42.3619,-3.684,9.772576957944052,35.83278217912819
9423,VILEÑA,27,42.621598,-3.322169,BU_HUBU,Burgos,42.3619,-3.684,11.291148339918353,41.400877246367294
9427,VILLADIEGO,1455,42.515812,-4.009884,BU_HUBU,Burgos,42.3619,-3.684,8.659078478055433,31.74995441953659
9428,VILLAESCUSA DE ROA,90,41.727242,-4.017407,PA_CAUPA,Palencia,42.0006,-4.5397,14.417384073967986,52.86374160454928
9437,VILLAHOZ,287,42.077121,-3.914042,BU_HUBU,Burgos,42.3619,-3.684,10.063562580310363,36.899729461137994
9438,VILLALBA DE DUERO,706,41.682696,-3.743865,PA_CAUPA,Palencia,42.0006,-4.5397,20.401370889725367,74.80502659565968
9444,VILLAMAYOR DE TREVIÑO,56,42.459856,-4.119665,BU_HUBU,Burgos,42.3619,-3.684,10.197004507303975,37.38901652678124
9450,VILLANUEVA DE CARAZO,27,41.983698,-3.324519,BU_HUBU,Burgos,42.3619,-3.684,14.02929702229773,51.440755748425005
9454,VILLANUEVA DE TEBA,42,42.649823,-3.16417,BU_HUBU,Burgos,42.3619,-3.684,14.536130092547262,53.299143672673296
9903,VILLARCAYO DE MERINDAD DE CASTILLA LA VIEJA,4047,42.938486,-3.57246,BU_HUBU,Burgos,42.3619,-3.684,17.661581776364297,64.75913318000242
9471,VILLAYERNO MORQUILLAS,205,42.39598,-3.639004,BU_HUBU,Burgos,42.3619,-3.684,1.4436704856425757,5.293458447356111
9472,VILLAZOPEQUE,52,42.199186,-4.017545,BU_HUBU,Burgos,42.3619,-3.684,8.964070779425345,32.868259524559605
9473,VILLEGAS,79,42.468468,-4.01703,BU_HUBU,Burgos,42.3619,-3.684,8.126421788017982,29.796879889399268
9482,ZARZOSA DE RÍO PISUERGA,31,42.536209,-4.26807,BU_HUBU,Burgos,42.3619,-3.684,14.098097237831418,51.69302320538186
9483,ZAZUAR,209,41.695618,-3.555287,BU_HUBU,Burgos,42.3619,-3.684,20.412555279680475,74.84603602549508
24006,ARDÓN,550,42.435878,-5.558092,LE_HULEON,León,42.6132,-5.5577,5.377454441252985,19.717332951260946
24009,BALBOA,263,42.706199,-6.920859,LE_BIERZO,Ponferrada,42.5461,-6.5908,8.821096494870192,32.344020481190704
24014,BEMBIBRE,8158,42.615067,-6.416706,LE_BIERZO,Ponferrada,42.5461,-6.5908,4.414382257335714,16.18606827689762
24015,BENAVIDES,2342,42.501845,-5.896421,LE_HULEON,León,42.6132,-5.5577,8.285727574533544,30.381001106623
24018,BERCIANOS DEL REAL CAMINO,186,42.38714,-5.14673,LE_HULEON,León,42.6132,-5.5577,11.46424258133975,42.035556131579085
24027,CABAÑAS RARAS,1302,42.619909,-6.636463,LE_BIERZO,Ponferrada,42.5461,-6.5908,2.4596105322112365,9.018571951441201
24028,CABREROS DEL RÍO,408,42.402403,-5.544824,LE_HULEON,León,42.6132,-5.5577,6.399084020659296,23.46330807575075
24034,CAMPONARAYA,4104,42.580365,-6.671347,LE_BIERZO,Ponferrada,42.5461,-6.5908,2.0776202320699517,7.617940850923157
24051,CEA,378,42.463411,-5.01311,LE_HULEON,León,42.6132,-5.5577,12.98896149710793,47.62619215606241
24053,CEBRONES DEL RÍO,435,42.257875,-5.825095,ZA_BENAV,Benavente,42.0023,-5.6783,8.424401911839396,30.88947367674445
24065,CHOZAS DE ABAJO,2678,42.506675,-5.687187,LE_HULEON,León,42.6132,-5.5577,4.33609276967874,15.899006822155382
24055,CIMANES DEL TEJAR,738,42.618004,-5.806214,LE_HULEON,León,42.6132,-5.5577,5.548049779110297,20.34284919007109
24061,CUADROS,2090,42.71095,-5.638963,LE_HULEON,León,42.6132,-5.5577,3.4744069935853767,12.739492309813048
24062,CUBILLAS DE LOS OTEROS,137,42.371707,-5.507514,LE_HULEON,León,42.6132,-5.5577,7.408973216572963,27.1662351274342
24063,CUBILLAS DE RUEDA,385,42.655444,-5.173623,LE_HULEON,León,42.6132,-5.5577,8.6641755180082,31.76864356603006
24070,FABERO,4061,42.763088,-6.628094,LE_BIERZO,Ponferrada,42.5461,-6.5908,6.63271501567955,24.319955057491683
24071,FOLGOSO DE LA RIBERA,982,42.643089,-6.319423,LE_BIERZO,Ponferrada,42.5461,-6.5908,6.734649236544113,24.693713867328416
24078,GORDONCILLO,308,42.1355,-5.401977,ZA_BENAV,Benavente,42.0023,-5.6783,7.417058766686042,27.195882144515487
24079,GRADEFES,925,42.623816,-5.226177,LE_HULEON,León,42.6132,-5.5577,7.405319110201874,27.152836737406872
24080,GRAJAL DE CAMPOS,209,42.320539,-5.020685,PA_CAUPA,Palencia,42.0006,-4.5397,14.527301973535176,53.26677390296231
24082,HOSPITAL DE ÓRBIGO,956,42.463565,-5.882493,LE_HULEON,León,42.6132,-5.5577,8.559336071397619,31.384232261791272
24086,JOARILLA DE LAS MATAS,245,42.287929,-5.17853,LE_HULEON,León,42.6132,-5.5577,13.010974531408323,47.706906615163845
24010,LA BAÑEZA,10023,42.29655,-5.899119,ZA_BENAV,Benavente,42.0023,-5.6783,10.211556475983306,37.44237374527212
24114,LA POLA DE GORDÓN,2842,42.854769,-5.669558,LE_HULEON,León,42.6132,-5.5577,7.737915866564953,28.372358177404827
24104,LAS OMAÑAS,259,42.682437,-5.869651,LE_HULEON,León,42.6132,-5.5577,7.268157454403542,26.64991066614632
24012,LOS BARRIOS DE LUNA,294,42.84541,-5.861891,LE_HULEON,León,42.6132,-5.5577,9.772777478893923,35.83351742261105
24090,LUCILLO,356,42.409487,-6.303396,LE_BIERZO,Ponferrada,42.5461,-6.5908,7.6475971908153,28.0411896996561
24091,LUYEGO,554,42.376635,-6.236308,LE_BIERZO,Ponferrada,42.5461,-6.5908,9.450346964158738,34.651272201915376
24094,MANSILLA DE LAS MULAS,1663,42.498659,-5.416444,LE_HULEON,León,42.6132,-5.5577,4.692814462577325,17.206986362783528
24095,MANSILLA MAYOR,324,42.508341,-5.443959,LE_HULEON,León,42.6132,-5.5577,4.07022763503491,14.924167995128002
24096,MARAÑA,111,43.048919,-5.175805,LE_HULEON,León,42.6132,-5.5577,15.707731007683778,57.59501369484052
24103,OENCIA,277,42.546796,-6.970608,LE_BIERZO,Ponferrada,42.5461,-6.5908,8.485679789444486,31.11415922796311
24109,PALACIOS DEL SIL,844,42.87538,-6.433875,LE_BIERZO,Ponferrada,42.5461,-6.5908,10.580249349383404,38.79424761440582
24110,PÁRAMO DEL SIL,1169,42.82003,-6.490129,LE_BIERZO,Ponferrada,42.5461,-6.5908,8.60498436805513,31.551609349535475
24120,PRIORO,349,42.893396,-4.962127,LE_HULEON,León,42.6132,-5.5577,15.75066931565942,57.75245415741787
24122,PUENTE DE DOMINGO FLÓREZ,1385,42.410721,-6.818355,LE_BIERZO,Ponferrada,42.5461,-6.5908,6.53901024608866,23.976370902325087
24123,QUINTANA DEL CASTILLO,717,42.661303,-6.045955,LE_HULEON,León,42.6132,-5.5577,10.989929449634698,40.29640798199389
24124,QUINTANA DEL MARCO,319,42.206083,-5.851007,ZA_BENAV,Benavente,42.0023,-5.6783,7.300057422366665,26.76687721534444
24125,QUINTANA Y CONGOSTO,416,42.256138,-6.037687,ZA_BENAV,Benavente,42.0023,-5.6783,11.161961006234032,40.92719035619145
24130,RIAÑO,474,42.973051,-5.016162,LE_HULEON,León,42.6132,-5.5577,16.257804249889215,59.611948916260445
24131,RIEGO DE LA VEGA,714,42.388788,-5.982322,LE_HULEON,León,42.6132,-5.5577,11.681025579650692,42.83042712538587
24136,ROPERUELOS DEL PÁRAMO,499,42.237478,-5.782739,ZA_BENAV,Benavente,42.0023,-5.6783,7.508936510992909,27.532767206974
24139,SAHAGÚN,2398,42.371199,-5.033238,LE_HULEON,León,42.6132,-5.5577,13.834631759917395,50.72698311969712
24144,SAN CRISTÓBAL DE LA POLANTERA,625,42.390533,-5.907452,LE_HULEON,León,42.6132,-5.5577,10.331750107418964,37.883083727202866
24149,SAN MILLÁN DE LOS CABALLEROS,191,42.284971,-5.561072,ZA_BENAV,Benavente,42.0023,-5.6783,8.968366146902866,32.88400920531051
24154,SANTA ELENA DE JAMUZ,1015,42.259454,-5.888204,ZA_BENAV,Benavente,42.0023,-5.6783,9.115969441266364,33.425221284643335
24158,SANTA MARÍA DE ORDÁS,2999,42.726353,-5.823676,LE_HULEON,León,42.6132,-5.5577,6.8518460934532,25.12343567599507
24159,SANTA MARINA DEL REY,1745,42.512796,-5.861994,LE_HULEON,León,42.6132,-5.5577,7.447580038405144,27.307793474152195
24174,URDIALES DEL PÁRAMO,449,42.37239,-5.771081,LE_HULEON,León,42.6132,-5.5577,8.723367737925267,31.985681705725984
24185,VAL DE SAN LORENZO,492,42.417871,-6.122684,LE_BIERZO,Ponferrada,42.5461,-6.5908,11.168266142707123,40.95030918992612
24175,VALDEFRESNO,2335,42.593744,-5.49251,LE_HULEON,León,42.6132,-5.5577,1.5702110335391801,5.757440456310327
24179,VALDEPIÉLAGO,308,42.869327,-5.398413,LE_HULEON,León,42.6132,-5.5577,8.53911189721577,31.310076956457827
24187,VALDEVIMBRE,894,42.41962,-5.620023,LE_HULEON,León,42.6132,-5.5577,6.033513967050321,22.122884545851175
24188,VALENCIA DE DON JUAN,5094,42.293802,-5.520189,ZA_BENAV,Benavente,42.0023,-5.6783,9.528081218463578,34.93629780103312
24191,VALLECILLO,101,42.355757,-5.210621,LE_HULEON,León,42.6132,-5.5577,11.009191674227443,40.36703613883396
24189,VALVERDE DE LA VIRGEN,7806,42.56918,-5.682925,LE_HULEON,León,42.6132,-5.5577,3.098127488239522,11.359800790211581
24201,VEGAS DEL CONDADO,1154,42.68479,-5.364936,LE_HULEON,León,42.6132,-5.5577,4.816670944531662,17.661126796616095
24202,VILLABLINO,7709,42.939834,-6.317,LE_BIERZO,Ponferrada,42.5461,-6.5908,13.407306852808734,49.16012512696536
24210,VILLAGATÓN,636,42.634792,-6.161846,LE_BIERZO,Ponferrada,42.5461,-6.5908,9.94743497210442,36.47392823104954
24901,VILLAMANÍN,876,42.937028,-5.655952,LE_HULEON,León,42.6132,-5.5577,10.060964313487924,36.89020248278906
24212,VILLAMAÑÁN,1076,42.321792,-5.585622,LE_HULEON,León,42.6132,-5.5577,8.859253380344438,32.48392906126294
24213,VILLAMARTÍN DE DON SANCHO,144,42.570625,-5.061023,LE_HULEON,León,42.6132,-5.5577,11.163556906422995,40.933041990217646
24215,VILLAMOL,136,42.428552,-5.04907,LE_HULEON,León,42.6132,-5.5577,12.672671930288102,46.466463744389706
24902,VILLAORNATE Y CASTRO,337,42.184812,-5.549757,ZA_BENAV,Benavente,42.0023,-5.6783,6.245145021060965,22.898865077223537
24222,VILLAQUILAMBRE,18647,42.646313,-5.55877,LE_HULEON,León,42.6132,-5.5577,1.0044649221131634,3.683038047748266
24223,VILLAREJO DE ÓRBIGO,2873,42.445197,-5.903779,LE_HULEON,León,42.6132,-5.5577,9.261500450667706,33.958834985781586
24225,VILLASABARIEGO,1148,42.533365,-5.414738,LE_HULEON,León,42.6132,-5.5577,4.0068397115670145,14.691745609079053
24226,VILLASELÁN,180,42.560954,-5.047914,LE_HULEON,León,42.6132,-5.5577,11.491937531128517,42.137104280804564
24230,ZOTES DEL PÁRAMO,402,42.272364,-5.73638,ZA_BENAV,Benavente,42.0023,-5.6783,8.293421244807156,30.409211230959578
34004,AGUILAR DE CAMPOO,6823,42.792646,-4.259938,BU_HUBU,Burgos,42.3619,-3.684,18.33149177562294,67.21546984395079
34006,ALBA DE CERRATO,82,41.812498,-4.365933,PA_CAUPA,Palencia,42.0006,-4.5397,6.922469783376066,25.38238920571224
34011,AMUSCO,410,42.173116,-4.470261,PA_CAUPA,Palencia,42.0006,-4.5397,5.460124427059387,20.020456232551087
34018,AUTILLA DEL PINO,219,41.991182,-4.633994,PA_CAUPA,Palencia,42.0006,-4.5397,2.144302332179958,7.8624418846598445
34022,BALTANÁS,1228,41.939332,-4.246125,PA_CAUPA,Palencia,42.0006,-4.5397,6.875102710249586,25.208709937581816
34025,BÁRCENA DE CAMPOS,53,42.48339,-4.49966,PA_CAUPA,Palencia,42.0006,-4.5397,14.668605271781995,53.78488599653398
34041,CALAHORRA DE BOEDO,83,42.57537,-4.386044,BU_HUBU,Burgos,42.3619,-3.684,16.98646464613338,62.283703702489056
34045,CAPILLAS,72,42.013637,-4.890722,PA_CAUPA,Palencia,42.0006,-4.5397,7.9198007130044195,29.039269281016203
34062,CONGOSTO DE VALDAVIA,140,42.714604,-4.634857,LE_HULEON,León,42.6132,-5.5577,20.8076806749356,76.29482914143053
34071,ESPINOSA DE VILLAGONZALO,154,42.481354,-4.370744,PA_CAUPA,Palencia,42.0006,-4.5397,15.06466238895832,55.2370954261805
34076,FUENTES DE NAVA,567,42.083259,-4.781862,PA_CAUPA,Palencia,42.0006,-4.5397,6.002374132204816,22.008705151417654
34080,GUARDO,5548,42.788941,-4.84151,LE_HULEON,León,42.6132,-5.5577,16.827592795458322,61.70117358334718
34081,GUAZA DE CAMPOS,55,42.135731,-4.90823,PA_CAUPA,Palencia,42.0006,-4.5397,9.253365062362915,33.929005228664025
34086,HONTORIA DE CERRATO,106,41.911204,-4.443069,PA_CAUPA,Palencia,42.0006,-4.5397,3.4783123731904464,12.753812035031636
34175,LA SERNA,93,42.415194,-4.664614,PA_CAUPA,Palencia,42.0006,-4.5397,12.882221546484443,47.234812337109624
34093,LA VID DE OJEDA,90,42.659136,-4.38495,BU_HUBU,Burgos,42.3619,-3.684,18.077190076217132,66.28303027946282
34092,LANTADILLA,273,42.340756,-4.274928,PA_CAUPA,Palencia,42.0006,-4.5397,11.909003207212006,43.66634509311069
34098,MAGAZ DE PISUERGA,1031,41.982451,-4.426836,PA_CAUPA,Palencia,42.0006,-4.5397,2.60275933959858,9.543450911861461
34110,MUDÁ,80,42.875967,-4.394121,BU_HUBU,Burgos,42.3619,-3.684,22.22961812703214,81.50859979911785
34113,OLEA DE BOEDO,39,42.608643,-4.448945,PA_CAUPA,Palencia,42.0006,-4.5397,18.55144656566386,68.02197074076749
34122,PÁRAMO DE BOEDO,104,42.579462,-4.396834,BU_HUBU,Burgos,42.3619,-3.684,17.25644157785121,63.273619118787764
34123,PAREDES DE NAVA,1911,42.152818,-4.694164,PA_CAUPA,Palencia,42.0006,-4.5397,5.7790562409015305,21.18987288330561
34125,PEDRAZA DE CAMPOS,72,41.983496,-4.736645,PA_CAUPA,Palencia,42.0006,-4.5397,4.469211700193436,16.387109567375933
34126,PEDROSA DE LA VEGA,280,42.47994,-4.74659,PA_CAUPA,Palencia,42.0006,-4.5397,15.260479923771959,55.95509305383052
34129,PINO DEL RÍO,163,42.644268,-4.806071,LE_HULEON,León,42.6132,-5.5577,16.797111567213765,61.589409079783806
34130,PIÑA DE CAMPOS,193,42.213545,-4.435362,PA_CAUPA,Palencia,42.0006,-4.5397,6.871172681102173,25.19429983070797
34131,POBLACIÓN DE ARROYO,42,42.336825,-4.874743,PA_CAUPA,Palencia,42.0006,-4.5397,12.675767963792149,46.47781586723788
34136,POZA DE LA VEGA,166,42.578297,-4.796782,LE_HULEON,León,42.6132,-5.5577,17.019864921087663,62.40617137732142
34139,PRÁDANOS DE OJEDA,181,42.6825,-4.347618,BU_HUBU,Burgos,42.3619,-3.684,17.73472363965269,65.02732001205986
34147,RENEDO DE LA VEGA,192,42.453894,-4.702426,PA_CAUPA,Palencia,42.0006,-4.5397,14.223925369094824,52.15439302001435
34157,SALDAÑA,2869,42.522062,-4.735138,PA_CAUPA,Palencia,42.0006,-4.5397,16.410847401435475,60.17310713859675
34161,SAN CRISTÓBAL DE BOEDO,20,42.542275,-4.35198,BU_HUBU,Burgos,42.3619,-3.684,15.915973884520627,58.35857090990897
34167,SANTA CECILIA DEL ALCOR,92,41.932604,-4.659757,PA_CAUPA,Palencia,42.0006,-4.5397,3.402987518631276,12.477620901648013
34184,TORREMORMOJÓN,45,41.961474,-4.777317,PA_CAUPA,Palencia,42.0006,-4.5397,5.486493747315981,20.1171437401586
34190,VALDERRÁBANO,47,42.604926,-4.65438,PA_CAUPA,Palencia,42.0006,-4.5397,18.50633830638033,67.8565737900612
34192,VALDE-UCIEZA,76,42.398462,-4.575278,PA_CAUPA,Palencia,42.0006,-4.5397,12.091964042685818,44.337201489848
34196,VALLE DE CERRATO,83,41.879402,-4.363428,PA_CAUPA,Palencia,42.0006,-4.5397,5.41477533543061,19.854176229912238
34205,VILLACONANCIO,50,41.871743,-4.223761,PA_CAUPA,Palencia,42.0006,-4.5397,8.128253021438795,29.80359441194225
34206,VILLADA,834,42.248945,-4.967837,PA_CAUPA,Palencia,42.0006,-4.5397,12.22506337251884,44.82523236590241
34208,VILLAELES DE VALDAVIA,48,42.565319,-4.584342,PA_CAUPA,Palencia,42.0006,-4.5397,17.154868876875035,62.90118588187513
34210,VILLAHÁN,99,42.05098,-4.131063,PA_CAUPA,Palencia,42.0006,-4.5397,9.331438878031147,34.215275886114206
34211,VILLAHERREROS,209,42.389345,-4.461144,PA_CAUPA,Palencia,42.0006,-4.5397,11.920419438013708,43.70820460605026
34213,VILLALACO,61,42.155179,-4.258655,PA_CAUPA,Palencia,42.0006,-4.5397,7.87358656322735,28.869817398500285
34216,VILLALCÓN,48,42.292885,-4.856566,PA_CAUPA,Palencia,42.0006,-4.5397,11.372160221269837,41.69792081132273
34227,VILLANUEVA DEL REBOLLAR,67,42.241954,-4.745515,PA_CAUPA,Palencia,42.0006,-4.5397,8.660483663526119,31.755106766262433
34232,VILLARRAMIEL,788,42.042367,-4.910772,PA_CAUPA,Palencia,42.0006,-4.5397,8.455253314040565,31.002595484815405
34233,VILLASARRACINO,132,42.412132,-4.496589,PA_CAUPA,Palencia,42.0006,-4.5397,12.517589844490475,45.897829429798406
34234,VILLASILA DE VALDAVIA,60,42.53193,-4.55906,PA_CAUPA,Palencia,42.0006,-4.5397,16.118911112687034,59.102674079852456
34238,VILLAVIUDAS,366,41.961687,-4.342024,PA_CAUPA,Palencia,42.0006,-4.5397,4.609850919158256,16.902786703580272
34240,VILLERÍAS DE CAMPOS,76,41.944798,-4.857862,PA_CAUPA,Palencia,42.0006,-4.5397,7.370241431538111,27.024218582306407
34241,VILLODRE,24,42.21172,-4.245446,PA_CAUPA,Palencia,42.0006,-4.5397,9.209781733635698,33.769199689997556
37002,AGALLAS,132,40.448251,-6.440867,SA_CHUSAL,Salamanca,40.964,-5.6731,23.582767173862695,86.47014630416321
37007,ALARAZ,448,40.747528,-5.288001,SA_CHUSAL,Salamanca,40.964,-5.6731,11.005399322548103,40.353130849343046
37009,ALBA DE YELTES,200,40.671591,-6.316001,SA_CHUSAL,Salamanca,40.964,-5.6731,17.214417855988536,63.119532138624635
37012,ALCONADA,134,40.910879,-5.36395,SA_CHUSAL,Salamanca,40.964,-5.6731,7.263199352520749,26.631730959242745
37015,ALDEA DEL OBISPO,252,40.70728,-6.791362,SA_CHUSAL,Salamanca,40.964,-5.6731,26.812546319117438,98.31266983676393
37013,ALDEACIPRESTE,91,40.380956,-5.896092,SA_CHUSAL,Salamanca,40.964,-5.6731,18.41017971948861,67.50399230479158
37016,ALDEALENGUA,713,40.982274,-5.549634,SA_CHUSAL,Salamanca,40.964,-5.6731,2.880753263591175,10.562761966500974
37020,ALDEARRUBIA,519,41.007678,-5.499319,SA_CHUSAL,Salamanca,40.964,-5.6731,4.192938936624123,15.37410943428845
37028,ALMENDRA,132,41.229708,-6.340768,SA_CHUSAL,Salamanca,40.964,-5.6731,17.25546354163108,63.27003298598063
37029,ANAYA DE ALBA,183,40.728217,-5.493136,SA_CHUSAL,Salamanca,40.964,-5.6731,8.256602113923691,30.274207751053538
37030,AÑOVER DE TORMES,89,41.136195,-5.915306,SA_CHUSAL,Salamanca,40.964,-5.6731,7.612601252097061,27.912871257689222
37032,ARAPILES,739,40.894131,-5.644704,SA_CHUSAL,Salamanca,40.964,-5.6731,2.2164764104124504,8.127080171512318
37035,ARMENTEROS,186,40.592929,-5.449177,SA_CHUSAL,Salamanca,40.964,-5.6731,12.372262431444836,45.364962248631066
37038,BABILAFUENTE,925,40.976673,-5.426091,SA_CHUSAL,Salamanca,40.964,-5.6731,5.668937947179917,20.78610580632636
37040,BARBADILLO,390,40.931492,-5.881686,SA_CHUSAL,Salamanca,40.964,-5.6731,4.87838695893689,17.887418849435264
37041,BARBALOS,73,40.677534,-5.94264,SA_CHUSAL,Salamanca,40.964,-5.6731,10.664581201433517,39.103464405256226
37046,BÉJAR,11957,40.387034,-5.767484,SA_CHUSAL,Salamanca,40.964,-5.6731,17.631149940300837,64.64754978110307
37049,BERMELLAR,131,40.999271,-6.67043,SA_CHUSAL,Salamanca,40.964,-5.6731,22.857404226683716,83.81048216450696
37051,BERROCAL DE SALVATIERRA,70,40.632252,-5.690825,SA_CHUSAL,Salamanca,40.964,-5.6731,10.068778828391629,36.91885570410264
37059,BUENAMADRE,109,40.856242,-6.25018,SA_CHUSAL,Salamanca,40.964,-5.6731,13.623467808810169,49.952715298970624
37062,CABEZABELLOSA DE LA CALZADA,74,41.043715,-5.488905,SA_CHUSAL,Salamanca,40.964,-5.6731,4.859435768220878,17.81793115014322
37067,CABRERIZOS,4226,40.977859,-5.608448,SA_CHUSAL,Salamanca,40.964,-5.6731,1.5388635611909902,5.642499724366964
37082,CANTALPINO,804,41.052737,-5.327984,SA_CHUSAL,Salamanca,40.964,-5.6731,8.343617798294026,30.593265260411428
37085,CARBAJOSA DE LA SAGRADA,7636,40.932947,-5.651181,SA_CHUSAL,Salamanca,40.964,-5.6731,1.0671827356660866,3.9130033641089845
37086,CARPIO DE AZABA,112,40.595867,-6.646795,SA_CHUSAL,Salamanca,40.964,-5.6731,24.991349039271466,91.6349464773287
37091,CASILLAS DE FLORES,168,40.382444,-6.753858,SA_CHUSAL,Salamanca,40.964,-5.6731,30.478204894458795,111.75341794634892
37100,CEREZAL DE PEÑAHORCADA,67,41.130802,-6.651394,SA_CHUSAL,Salamanca,40.964,-5.6731,22.938880205217334,84.10922741913022
37101,CERRALBO,111,40.974011,-6.587573,SA_CHUSAL,Salamanca,40.964,-5.6731,20.94170628086602,76.7862563631754
37114,CHAGARCÍA MEDIANERO,73,40.649707,-5.382281,SA_CHUSAL,Salamanca,40.964,-5.6731,11.636412566972716,42.66684607889996
37112,CRISTÓBAL,162,40.469697,-5.889879,SA_CHUSAL,Salamanca,40.964,-5.6731,15.796597361816648,57.9208569933277
37118,ÉJEME,144,40.766507,-5.539823,SA_CHUSAL,Salamanca,40.964,-5.6731,6.724025322246363,24.65475951490333
37061,EL CABACO,225,40.564861,-6.127783,SA_CHUSAL,Salamanca,40.964,-5.6731,15.986828321645861,58.618370512701496
37177,EL MAÍLLO,282,40.56492,-6.179325,SA_CHUSAL,Salamanca,40.964,-5.6731,16.782839248131165,61.53707724314761
37191,EL MILANO,88,41.09174,-6.599243,SA_CHUSAL,Salamanca,40.964,-5.6731,21.538998300004533,78.97632710001662
37234,EL PAYO,313,40.286541,-6.726841,SA_CHUSAL,Salamanca,40.964,-5.6731,31.78517245521973,116.54563233580568
37303,EL SAHUGO,181,40.414311,-6.543121,SA_CHUSAL,Salamanca,40.964,-5.6731,26.040528691625813,95.4819385359613
37319,EL TEJADO,83,40.441311,-5.541351,SA_CHUSAL,Salamanca,40.964,-5.6731,16.137803622850075,59.171946617116944
37325,EL TORNADIZO,86,40.542015,-5.890615,SA_CHUSAL,Salamanca,40.964,-5.6731,13.738046095432912,50.37283568325401
37120,ENCINA DE SAN SILVESTRE,100,41.01476,-6.091669,SA_CHUSAL,Salamanca,40.964,-5.6731,9.704288794685418,35.58239224717987
37121,ENCINAS DE ABAJO,619,40.934232,-5.470133,SA_CHUSAL,Salamanca,40.964,-5.6731,4.735774572391845,17.364506765436765
37123,ENCINASOLA DE LOS COMENDADORES,148,41.031523,-6.531365,SA_CHUSAL,Salamanca,40.964,-5.6731,19.750338833165173,72.41790905493896
37126,ESPADAÑA,34,41.062158,-6.285203,SA_CHUSAL,Salamanca,40.964,-5.6731,14.319353428257894,52.50429590361228
37134,FRESNO ALHÁNDIGA,181,40.71244,-5.616224,SA_CHUSAL,Salamanca,40.964,-5.6731,7.739580961018186,28.378463523733352
37142,GALINDO Y PERAHUY,704,40.942768,-5.872686,SA_CHUSAL,Salamanca,40.964,-5.6731,4.61632489920066,16.926524630402422
37143,GALINDUSTE,400,40.662729,-5.541202,SA_CHUSAL,Salamanca,40.964,-5.6731,9.624797747190936,35.29092507303343
37144,GALISANCHO,325,40.743889,-5.554121,SA_CHUSAL,Salamanca,40.964,-5.6731,7.211417930470721,26.44186574505931
37146,GALLEGOS DE SOLMIRÓN,109,40.537281,-5.449556,SA_CHUSAL,Salamanca,40.964,-5.6731,13.922431355216403,51.04891496912681
37149,GARCIRREY,55,40.90056,-6.13059,SA_CHUSAL,Salamanca,40.964,-5.6731,10.656521839359204,39.07391341098374
37150,GEJUELO DEL BARRO,31,41.077157,-6.123694,SA_CHUSAL,Salamanca,40.964,-5.6731,10.865723701637053,39.84098690600253
37159,HERGUIJUELA DEL CAMPO,62,40.630408,-5.863984,SA_CHUSAL,Salamanca,40.964,-5.6731,11.024823593866277,40.42435317750968
37160,HINOJOSA DE DUERO,577,40.985442,-6.796383,SA_CHUSAL,Salamanca,40.964,-5.6731,25.72674542238872,94.33139988209197
37162,HORCAJO MEDIANERO,205,40.639118,-5.405967,SA_CHUSAL,Salamanca,40.964,-5.6731,11.60488497588354,42.55124491157298
37164,HUERTA,285,40.968265,-5.468289,SA_CHUSAL,Salamanca,40.964,-5.6731,4.691748176116204,17.203076645759413
37006,LA ALAMEDILLA,101,40.472387,-6.827574,SA_CHUSAL,Salamanca,40.964,-5.6731,30.436300703031794,111.5997692444499
37045,LA BASTIDA,26,40.585154,-6.058531,SA_CHUSAL,Salamanca,40.964,-5.6731,14.50318699075491,53.17835229943467
37071,LA CALZADA DE BÉJAR,85,40.409978,-5.815877,SA_CHUSAL,Salamanca,40.964,-5.6731,17.11899668066697,62.769654495778894
37163,LA HOYA,30,40.406872,-5.699542,SA_CHUSAL,Salamanca,40.964,-5.6731,16.906340182440005,61.98991400228002
37188,LA MAYA,158,40.686983,-5.613511,SA_CHUSAL,Salamanca,40.964,-5.6731,8.511349967088188,31.20828321265669
37243,LA PEÑA,70,41.174234,-6.518864,SA_CHUSAL,Salamanca,40.964,-5.6731,20.36070804440536,74.65592949615298
37266,LA REDONDA,65,40.908303,-6.749546,SA_CHUSAL,Salamanca,40.964,-5.6731,24.718344789936474,90.63393089643374
37268,LA RINCONADA DE LA SIERRA,100,40.610986,-6.019858,SA_CHUSAL,Salamanca,40.964,-5.6731,13.341571598937502,48.91909586277084
37273,LA SAGRADA,82,40.743607,-6.072182,SA_CHUSAL,Salamanca,40.964,-5.6731,11.334374010647096,41.55937137237268
37347,LA VELLÉS,540,41.073471,-5.568248,SA_CHUSAL,Salamanca,40.964,-5.6731,4.095941503139515,15.01845217817822
37090,LAS CASAS DEL CONDE,63,40.507875,-6.041172,SA_CHUSAL,Salamanca,40.964,-5.6731,16.213218305879504,59.44846712155818
37170,LEDESMA,1517,41.087852,-5.999971,SA_CHUSAL,Salamanca,40.964,-5.6731,8.368438092431285,30.684273005581378
37171,LEDRADA,465,40.46862,-5.719471,SA_CHUSAL,Salamanca,40.964,-5.6731,15.06060166410682,55.222206101725
37300,LOS SANTOS,580,40.543942,-5.796666,SA_CHUSAL,Salamanca,40.964,-5.6731,13.051067784703045,47.85391521057783
37174,MACOTERA,1001,40.830799,-5.285467,SA_CHUSAL,Salamanca,40.964,-5.6731,9.760712665932642,35.78927977508635
37179,MANCERA DE ABAJO,197,40.839602,-5.199651,SA_CHUSAL,Salamanca,40.964,-5.6731,11.489062645742708,42.12656303438993
37181,MARTIAGO,250,40.453461,-6.490816,SA_CHUSAL,Salamanca,40.964,-5.6731,24.35269353500602,89.2932096283554
37184,MASUECO,251,41.203474,-6.589425,SA_CHUSAL,Salamanca,40.964,-5.6731,22.168616696344905,81.28492788659798
37192,MIRANDA DE AZÁN,447,40.886518,-5.681821,SA_CHUSAL,Salamanca,40.964,-5.6731,2.3581920904407525,8.646704331616093
37198,MONLERAS,245,41.186679,-6.225906,SA_CHUSAL,Salamanca,40.964,-5.6731,14.32875459352686,52.53876684293182
37204,MORASVERDES,229,40.601582,-6.2751,SA_CHUSAL,Salamanca,40.964,-5.6731,17.660084743986314,64.75364406128315
37205,MORILLE,224,40.806982,-5.697829,SA_CHUSAL,Salamanca,40.964,-5.6731,4.7953446381993095,17.582930340064134
37206,MORÍÑIGO,88,40.970195,-5.413756,SA_CHUSAL,Salamanca,40.964,-5.6731,5.941598877911898,21.785862552343623
37214,NAVA DE FRANCIA,120,40.535564,-6.116042,SA_CHUSAL,Salamanca,40.964,-5.6731,16.50338525264641,60.51241259303684
37215,NAVA DE SOTROBAL,160,40.889929,-5.286611,SA_CHUSAL,Salamanca,40.964,-5.6731,9.135904191086702,33.49831536731791
37217,NAVALMORAL DE BÉJAR,56,40.422504,-5.782528,SA_CHUSAL,Salamanca,40.964,-5.6731,16.612988568601146,60.914291418204215
37219,NAVARREDONDA DE LA RINCONADA,151,40.606249,-6.012625,SA_CHUSAL,Salamanca,40.964,-5.6731,13.359689819913436,48.9855293396826
37221,NAVASFRÍAS,362,40.295127,-6.818594,SA_CHUSAL,Salamanca,40.964,-5.6731,33.26368072487729,121.96682932455005
37225,PAJARES DE LA LAGUNA,114,41.087925,-5.509109,SA_CHUSAL,Salamanca,40.964,-5.6731,5.310342169903261,19.471254622978623
37238,PEDROSILLO EL RALO,135,41.062438,-5.548766,SA_CHUSAL,Salamanca,40.964,-5.6731,4.123842095178718,15.120754348988632
37240,PELABRAVO,1366,40.935942,-5.578731,SA_CHUSAL,Salamanca,40.964,-5.6731,2.3229329397984166,8.517420779260862
37244,PEÑACABALLERA,153,40.344433,-5.860565,SA_CHUSAL,Salamanca,40.964,-5.6731,19.277572144219107,70.68443119547005
37245,PEÑAPARDA,308,40.320593,-6.668604,SA_CHUSAL,Salamanca,40.964,-5.6731,30.090631948925733,110.33231714606103
37249,PERALEJOS DE ARRIBA,35,41.004571,-6.333493,SA_CHUSAL,Salamanca,40.964,-5.6731,15.168120358566394,55.61644131474345
37251,PEROMINGO,122,40.463105,-5.772246,SA_CHUSAL,Salamanca,40.964,-5.6731,15.360094586172572,56.3203468159661
37252,PINEDAS,94,40.445157,-5.960495,SA_CHUSAL,Salamanca,40.964,-5.6731,17.065256251283493,62.57260625470613
37257,POZOS DE HINOJO,52,40.913622,-6.410249,SA_CHUSAL,Salamanca,40.964,-5.6731,16.955873752229664,62.17153709150876
37261,PUENTE DEL CONGOSTO,225,40.491453,-5.526749,SA_CHUSAL,Salamanca,40.964,-5.6731,14.719804143612397,53.97261519324545
37264,PUERTO SEGURO,55,40.827761,-6.761014,SA_CHUSAL,Salamanca,40.964,-5.6731,25.278383266290252,92.68740530973092
37267,RETORTILLO,174,40.802287,-6.359711,SA_CHUSAL,Salamanca,40.964,-5.6731,16.488580767013616,60.45812947904993
37270,ROBLIZA DE COJOS,187,40.867826,-5.976851,SA_CHUSAL,Salamanca,40.964,-5.6731,7.547194564161709,27.673046735259597
37271,ROLLÁN,337,40.961931,-5.916909,SA_CHUSAL,Salamanca,40.964,-5.6731,5.583599807617557,20.47319929459771
37275,SALDEANA,99,41.020337,-6.639199,SA_CHUSAL,Salamanca,40.964,-5.6731,22.179748337408302,81.32574390383044
37036,SAN MIGUEL DEL ROBLEDO,43,40.536416,-6.044636,SA_CHUSAL,Salamanca,40.964,-5.6731,15.523997319641827,56.92132350535337
37289,SAN MUÑOZ,201,40.78319,-6.126842,SA_CHUSAL,Salamanca,40.964,-5.6731,11.761161482206965,43.124258768092204
37282,SANCHOTELLO,212,40.436162,-5.752736,SA_CHUSAL,Salamanca,40.964,-5.6731,16.11152518201341,59.07559233404917
37293,SANTA MARÍA DE SANDO,95,40.979763,-6.130606,SA_CHUSAL,Salamanca,40.964,-5.6731,10.486404105327134,38.45014838619949
37301,SARDÓN DE LOS FRAILES,101,41.213967,-6.270565,SA_CHUSAL,Salamanca,40.964,-5.6731,15.61870668585398,57.26859118146459
37305,SEQUEROS,207,40.512343,-6.024664,SA_CHUSAL,Salamanca,40.964,-5.6731,15.901614733506547,58.30592068952401
37313,SOTOSERRANO,513,40.437792,-6.032939,SA_CHUSAL,Salamanca,40.964,-5.6731,17.97469314998961,65.90720821662856
37320,TEJEDA Y SEGOYUELA,97,40.631938,-6.023581,SA_CHUSAL,Salamanca,40.964,-5.6731,12.889730445580625,47.26234496712896
37322,TERRADILLOS,3220,40.837977,-5.540784,SA_CHUSAL,Salamanca,40.964,-5.6731,4.87896190864723,17.889526998373174
37329,TREMEDAL DE TORMES,35,41.074058,-6.180923,SA_CHUSAL,Salamanca,40.964,-5.6731,12.089146852849973,44.32687179378323
37330,VALDECARROS,310,40.77018,-5.423073,SA_CHUSAL,Salamanca,40.964,-5.6731,8.21134484233156,30.108264421882385
37335,VALDELOSA,404,41.171713,-5.783025,SA_CHUSAL,Salamanca,40.964,-5.6731,6.781962754545009,24.86719676666503
37337,VALDERRODRIGO,128,41.064661,-6.509413,SA_CHUSAL,Salamanca,40.964,-5.6731,19.37859719670033,71.05485638790121
37342,VALVERDÓN,264,41.046612,-5.769559,SA_CHUSAL,Salamanca,40.964,-5.6731,3.339087223840613,12.243319820748914
37352,VILLAGONZALO DE TORMES,216,40.891643,-5.49663,SA_CHUSAL,Salamanca,40.964,-5.6731,4.600371905053036,16.868030318527797
37358,VILLAR DE GALLIMAZO,198,40.953739,-5.288824,SA_CHUSAL,Salamanca,40.964,-5.6731,8.805995242573548,32.28864922276968
37359,VILLAR DE LA YEGUA,155,40.724886,-6.704103,SA_CHUSAL,Salamanca,40.964,-5.6731,24.73882949463,90.70904148031
37360,VILLAR DE PERALONSO,204,41.032151,-6.221732,SA_CHUSAL,Salamanca,40.964,-5.6731,12.725959516610638,46.661851560905674
37361,VILLAR DE SAMANIEGO,78,41.12312,-6.446813,SA_CHUSAL,Salamanca,40.964,-5.6731,18.342478438728705,67.25575427533859
37363,VILLARES DE YELTES,96,40.867252,-6.413192,SA_CHUSAL,Salamanca,40.964,-5.6731,17.212174410653187,63.11130617239502
37365,VILLARMAYOR,154,41.014903,-5.972387,SA_CHUSAL,Salamanca,40.964,-5.6731,7.022705575604095,25.74992044388168
37366,VILLARMUERTO,40,41.054478,-6.364307,SA_CHUSAL,Salamanca,40.964,-5.6731,16.053773378635167,58.863835721662284
37367,VILLASBUENAS,164,41.062029,-6.594966,SA_CHUSAL,Salamanca,40.964,-5.6731,21.303139964485702,78.11151320311423
37368,VILLASDARDO,22,41.004852,-6.162681,SA_CHUSAL,Salamanca,40.964,-5.6731,11.276051812261333,41.34552331162488
37369,VILLASECO DE LOS GAMITOS,137,41.036628,-6.112712,SA_CHUSAL,Salamanca,40.964,-5.6731,10.299694321683733,37.76554584617369
37376,VITIGUDINO,2361,41.008182,-6.43579,SA_CHUSAL,Salamanca,40.964,-5.6731,17.510830138380122,64.20637717406044
37377,YECLA DE YELTES,222,40.959551,-6.488149,SA_CHUSAL,Salamanca,40.964,-5.6731,18.66545541265665,68.44000317974105
40003,ADRADOS,123,41.368595,-4.115625,SG_HGSEG,Segovia,40.9426,-4.1285,12.922021490778402,47.38074546618748
40004,AGUILAFUENTE,564,41.227948,-4.111942,SG_HGSEG,Segovia,40.9426,-4.1285,8.661704517366303,31.75958323034311
40005,ALCONADA DE MADERUELO,26,41.450295,-3.486514,SG_HGSEG,Segovia,40.9426,-4.1285,21.251956648424823,77.92384104422436
40007,ALDEALENGUA DE PEDRAZA,79,41.064036,-3.806052,SG_HGSEG,Segovia,40.9426,-4.1285,8.247418595072782,30.2405348486002
40009,ALDEANUEVA DE LA SERREZUELA,42,41.460917,-3.782959,SG_HGSEG,Segovia,40.9426,-4.1285,17.58488915098558,64.47792688694712
40014,ALDEHORNO,59,41.512751,-3.779377,SG_HGSEG,Segovia,40.9426,-4.1285,19.03575702713426,69.79777576615896
40015,ALDEHUELA DEL CODONAL,24,41.055601,-4.536839,SG_HGSEG,Segovia,40.9426,-4.1285,9.95432362963225,36.49918664198492
40017,ANAYA,119,40.990574,-4.308288,SG_HGSEG,Segovia,40.9426,-4.1285,4.36643507798087,16.010261952596522
40028,BERCIAL,105,40.905871,-4.436307,SG_HGSEG,Segovia,40.9426,-4.1285,7.1403504099161355,26.181284836359165
40032,BOCEGUILLAS,721,41.337001,-3.638235,SG_HGSEG,Segovia,40.9426,-4.1285,16.383693092910573,60.0735413406721
40033,BRIEVA,86,41.034736,-4.053629,SG_HGSEG,Segovia,40.9426,-4.1285,3.2778695401248714,12.018854980457862
40034,CABALLAR,75,41.120192,-3.964405,SG_HGSEG,Segovia,40.9426,-4.1285,6.5648100690445546,24.070970253163367
40036,CABEZUELA,656,41.235456,-3.932888,SG_HGSEG,Segovia,40.9426,-4.1285,9.943020299950428,36.457741099818236
40040,CANTALEJO,3558,41.258455,-3.927067,SG_HGSEG,Segovia,40.9426,-4.1285,10.627256986711503,38.96660895127551
40046,CASTILLEJO DE MESLEÓN,110,41.280939,-3.600959,SG_HGSEG,Segovia,40.9426,-4.1285,15.829102922179205,58.04004404799041
40049,CASTROSERNA DE ABAJO,32,41.207923,-3.734505,SG_HGSEG,Segovia,40.9426,-4.1285,12.077616529536163,44.28459394163259
40055,CILLERUELO DE SAN MAMÉS,35,41.431241,-3.566516,SG_HGSEG,Segovia,40.9426,-4.1285,19.59801764556401,71.8593980337347
40061,CORRAL DE AYLLÓN,77,41.391318,-3.459316,SG_HGSEG,Segovia,40.9426,-4.1285,20.45850577715109,75.01452118288732
40063,CUÉLLAR,9530,41.403698,-4.317391,VA_RHORT,Valladolid,41.6288,-4.7115,11.255444771650584,41.26996416271881
40905,CUEVAS DE PROVANCO,132,41.541808,-3.960905,VA_RHORT,Valladolid,41.6288,-4.7115,17.228716663119613,63.17196109810524
40069,DONHIERRO,75,41.116645,-4.694293,AV_SONSESOLES,Ávila,40.6659,-4.6667,13.683871405180854,50.174195152329794
40070,DURUELO,171,41.236853,-3.647931,SG_HGSEG,Segovia,40.9426,-4.1285,14.151808713924193,51.88996528438871
40072,ENCINILLAS,352,41.017819,-4.157913,SG_HGSEG,Segovia,40.9426,-4.1285,2.378399942733888,8.720799790024257
40081,FRUMALES,120,41.384211,-4.187029,SG_HGSEG,Segovia,40.9426,-4.1285,13.458743201603701,49.348725072546905
40083,FUENTE EL OLMO DE FUENTIDUEÑA,395,41.381202,-4.000456,SG_HGSEG,Segovia,40.9426,-4.1285,13.618458020801171,49.93434607627096
40086,FUENTEPELAYO,772,41.220791,-4.176804,SG_HGSEG,Segovia,40.9426,-4.1285,8.508340503051365,31.19724851118834
40087,FUENTEPIÑEL,68,41.400317,-4.042907,SG_HGSEG,Segovia,40.9426,-4.1285,14.017515044256738,51.397555162274706
40092,FUENTIDUEÑA,133,41.44151,-3.98029,SG_HGSEG,Segovia,40.9426,-4.1285,15.503312069877301,56.8454775895501
40099,HONRUBIA DE LA CUESTA,49,41.510916,-3.704685,SG_HGSEG,Segovia,40.9426,-4.1285,19.760393008774123,72.45477436550512
40100,HONTALBILLA,299,41.345883,-4.121548,SG_HGSEG,Segovia,40.9426,-4.1285,12.23094596853754,44.84680188463765
40104,ITUERO Y LAMA,448,40.800284,-4.377497,SG_HGSEG,Segovia,40.9426,-4.1285,7.157524015949843,26.24425472514942
40125,LA MATILLA,71,41.191127,-3.794884,SG_HGSEG,Segovia,40.9426,-4.1285,10.723167509611878,39.318280868576885
40110,LASTRAS DE CUÉLLAR,307,41.296819,-4.10659,SG_HGSEG,Segovia,40.9426,-4.1285,10.753661720710816,39.43009297593966
40119,MARTÍN MIGUEL,263,40.950489,-4.272816,SG_HGSEG,Segovia,40.9426,-4.1285,3.3143177368336616,12.152498368390093
40124,MATA DE CUÉLLAR,207,41.398668,-4.47219,VA_RHORT,Valladolid,41.6288,-4.7115,8.84514584355185,32.43220142635678
40127,MEMBIBRE DE LA HOZ,43,41.448015,-4.098739,VA_RHORT,Valladolid,41.6288,-4.7115,14.950676852351085,54.819148458620646
40128,MIGUELÁÑEZ,138,41.12233,-4.363718,SG_HGSEG,Segovia,40.9426,-4.1285,7.659044878176836,28.083164553315065
40134,MOZONCILLO,907,41.148047,-4.186215,SG_HGSEG,Segovia,40.9426,-4.1285,6.368664750905662,23.35177075332076
40135,MUÑOPEDRO,309,40.888026,-4.472041,SG_HGSEG,Segovia,40.9426,-4.1285,8.044868508970186,29.497851199557346
40136,MUÑOVEROS,145,41.172822,-3.9518,SG_HGSEG,Segovia,40.9426,-4.1285,8.06663380700905,29.57765729236651
40138,NAVA DE LA ASUNCIÓN,2787,41.156639,-4.488963,SG_HGSEG,Segovia,40.9426,-4.1285,10.492463099444553,38.47236469796336
40139,NAVAFRÍA,279,41.057086,-3.824568,SG_HGSEG,Segovia,40.9426,-4.1285,7.774469089625182,28.506386661959
40145,NAVAS DE ORO,1274,41.196063,-4.437385,SG_HGSEG,Segovia,40.9426,-4.1285,10.438143640527949,38.27319334860248
40904,NAVAS DE RIOFRÍO,439,40.868204,-4.135274,SG_HGSEG,Segovia,40.9426,-4.1285,2.2614608361047606,8.292023065717455
40146,NAVAS DE SAN ANTONIO,366,40.761572,-4.329414,SG_HGSEG,Segovia,40.9426,-4.1285,7.167849649425201,26.28211538122574
40148,NIEVA,256,41.08017,-4.426523,SG_HGSEG,Segovia,40.9426,-4.1285,7.994612507957758,29.313579195845108
40157,PELAYOS DEL ARROYO,48,41.051143,-3.939669,SG_HGSEG,Segovia,40.9426,-4.1285,5.432763833433098,19.92013405592136
40158,PEROSILLO,20,41.39282,-4.14184,SG_HGSEG,Segovia,40.9426,-4.1285,13.656717662170601,50.07463142795888
40162,PRÁDENA,468,41.138917,-3.688457,SG_HGSEG,Segovia,40.9426,-4.1285,11.694036686527337,42.8781345172669
40181,REAL SITIO DE SAN ILDEFONSO,5205,40.897628,-4.004759,SG_HGSEG,Segovia,40.9426,-4.1285,3.14645240946748,11.536992168047426
40165,REBOLLO,74,41.192359,-3.856802,SG_HGSEG,Segovia,40.9426,-4.1285,9.79577689604413,35.91784861882847
40166,REMONDO,316,41.341706,-4.483361,VA_RHORT,Valladolid,41.6288,-4.7115,10.132261782348532,37.15162653527795
40177,SAN CRISTÓBAL DE CUÉLLAR,154,41.406858,-4.404302,VA_RHORT,Valladolid,41.6288,-4.7115,9.693122606300287,35.54144955643439
40178,SAN CRISTÓBAL DE LA VEGA,83,41.112964,-4.646903,SG_HGSEG,Segovia,40.9426,-4.1285,12.936246039531913,47.43290214495035
40906,SAN CRISTÓBAL DE SEGOVIA,3153,40.952063,-4.075792,SG_HGSEG,Segovia,40.9426,-4.1285,1.2409419913545758,4.550120634966778
40183,SAN MIGUEL DE BERNUY,134,41.399064,-3.9527,SG_HGSEG,Segovia,40.9426,-4.1285,14.4126550197132,52.8464017389484
40179,SANCHONUÑO,1027,41.322465,-4.305896,SG_HGSEG,Segovia,40.9426,-4.1285,12.211569540921802,44.77575498337994
40185,SANTA MARÍA LA REAL DE NIEVA,885,41.070372,-4.406482,SG_HGSEG,Segovia,40.9426,-4.1285,7.448766303679339,27.312143113490908
40186,SANTA MARTA DEL CERRO,49,41.217864,-3.685323,SG_HGSEG,Segovia,40.9426,-4.1285,13.126838849915297,48.13174244968942
40192,SAUQUILLO DE CABEZAS,137,41.195146,-4.068635,SG_HGSEG,Segovia,40.9426,-4.1285,7.780023900343179,28.526754301258322
40198,SOTILLO,30,41.25717,-3.638952,SG_HGSEG,Segovia,40.9426,-4.1285,14.702412431579162,53.908845582456934
40201,TOLOCIRIO,36,41.133732,-4.651533,SG_HGSEG,Segovia,40.9426,-4.1285,13.29395575022833,48.744504417503876
40204,TORRECILLA DEL PINAR,179,41.374677,-4.038407,SG_HGSEG,Segovia,40.9426,-4.1285,13.263595020064518,48.633181740236566
40207,TRESCASAS,1105,40.964193,-4.035857,SG_HGSEG,Segovia,40.9426,-4.1285,2.220587071134752,8.142152594160757
40211,VALDEPRADOS,60,40.817923,-4.256655,SG_HGSEG,Segovia,40.9426,-4.1285,4.788518403453602,17.557900812663206
40219,VALLELADO,728,41.406223,-4.4266,VA_RHORT,Valladolid,41.6288,-4.7115,9.349310547931148,34.28080534241421
40221,VALLERUELA DE SEPÚLVEDA,52,41.190357,-3.773005,SG_HGSEG,Segovia,40.9426,-4.1285,11.06875439057595,40.585432765445155
40222,VEGANZONES,197,41.192667,-3.993384,SG_HGSEG,Segovia,40.9426,-4.1285,8.18858904301306,30.024826491047886
40223,VEGAS DE MATUTE,339,40.79699,-4.27864,SG_HGSEG,Segovia,40.9426,-4.1285,5.599426357866603,20.531229978844213
40225,VILLACASTÍN,1525,40.781561,-4.412105,AV_SONSESOLES,Ávila,40.6659,-4.6667,6.822078056452114,25.014286206991084
40228,VILLAVERDE DE ÍSCAR,593,41.308235,-4.526716,VA_RHORT,Valladolid,41.6288,-4.7115,10.589492640833845,38.82813968305743
42003,ADRADAS,58,41.351067,-2.47378,SO_HSANTA,Soria,41.7715,-2.4715,12.750109488944354,46.75040145946263
42006,ALCONABA,199,41.724146,-2.385694,SO_HSANTA,Soria,41.7715,-2.4715,2.41481531789711,8.854322832289403
42008,ALCUBILLA DE LAS PEÑAS,59,41.251954,-2.527417,SO_HSANTA,Soria,41.7715,-2.4715,15.80677882575848,57.958189027781096
42009,ALDEALAFUENTE,83,41.671909,-2.325381,SO_HSANTA,Soria,41.7715,-2.4715,4.47886776663991,16.422515144346335
42010,ALDEALICES,20,41.899827,-2.309772,SO_HSANTA,Soria,41.7715,-2.4715,5.338336323603176,19.573899853211646
42012,ALDEALSEÑOR,28,41.879001,-2.315456,SO_HSANTA,Soria,41.7715,-2.4715,4.802396082609205,17.60878563623375
42015,ALENTISQUE,24,41.420553,-2.331964,SO_HSANTA,Soria,41.7715,-2.4715,11.103286995562708,40.71205231706326
42016,ALIUD,21,41.654289,-2.252388,SO_HSANTA,Soria,41.7715,-2.4715,6.102345341019384,22.375266250404408
42020,ALMAZÁN,5476,41.486994,-2.53291,SO_HSANTA,Soria,41.7715,-2.4715,8.739466314379351,32.04470981939095
42021,ALMAZUL,60,41.573926,-2.146226,SO_HSANTA,Soria,41.7715,-2.4715,9.496760009039729,34.821453366479005
42026,ARENILLAS,42,41.346988,-2.846192,SO_HSANTA,Soria,41.7715,-2.4715,15.428008645117371,56.56936503209703
42028,AUSEJO DE LA SIERRA,115,41.8962,-2.374655,SO_HSANTA,Soria,41.7715,-2.4715,4.3691159562646495,16.020091839637047
42029,BARAONA,122,41.295301,-2.657745,SO_HSANTA,Soria,41.7715,-2.4715,15.047334768735936,55.17356081869844
42041,BUBEROS,28,41.64614,-2.19417,SO_HSANTA,Soria,41.7715,-2.4715,7.339821032996283,26.91267712098637
42045,CABREJAS DEL PINAR,299,41.794733,-2.85071,SO_HSANTA,Soria,41.7715,-2.4715,8.604031850604347,31.548116785549276
42048,CALTOJAR,51,41.402724,-2.764159,SO_HSANTA,Soria,41.7715,-2.4715,13.005158405081694,47.68558081863288
42050,CAÑAMAQUE,27,41.444313,-2.238908,SO_HSANTA,Soria,41.7715,-2.4715,11.236792199583252,41.20157139847193
42051,CARABANTES,22,41.552508,-1.998025,SO_HSANTA,Soria,41.7715,-2.4715,12.616329700116852,46.25987556709512
42053,CARRASCOSA DE ABAJO,18,41.42371,-3.090274,SO_HSANTA,Soria,41.7715,-2.4715,17.554436540049924,64.36626731351639
42055,CASAREJOS,146,41.797715,-3.032044,SO_HSANTA,Soria,41.7715,-2.4715,12.70026988691346,46.56765625201602
42061,CIDONES,314,41.815,-2.640337,SO_HSANTA,Soria,41.7715,-2.4715,4.038847044167403,14.809105828613811
42062,CIGUDOSA,15,41.936422,-2.055893,SO_HSANTA,Soria,41.7715,-2.4715,10.636942627003835,39.00212296568073
42065,CIRUJALES DEL RÍO,20,41.866921,-2.325851,SO_HSANTA,Soria,41.7715,-2.4715,4.382823621131166,16.070353277480944
42076,DEZA,165,41.46339,-2.022114,SO_HSANTA,Soria,41.7715,-2.4715,13.82405383553471,50.688197396960604
42078,DURUELO DE LA SIERRA,1026,41.955862,-2.931237,SO_HSANTA,Soria,41.7715,-2.4715,11.79260832598631,43.239563861949804
42081,ESPEJÓN,128,41.830906,-3.259149,SO_HSANTA,Soria,41.7715,-2.4715,17.897060339188606,65.62255457702489
42082,ESTEPA DE SAN JUAN,13,41.927129,-2.33454,SO_HSANTA,Soria,41.7715,-2.4715,5.643289111918595,20.692060077034846
42084,FRESNO DE CARACENA,19,41.452352,-3.092589,SO_HSANTA,Soria,41.7715,-2.4715,17.087392237947203,62.65377153913975
42087,FUENTECANTOS,65,41.848701,-2.428785,SO_HSANTA,Soria,41.7715,-2.4715,2.53246619530974,9.285709382802379
42094,GARRAY,785,41.815345,-2.446431,SO_HSANTA,Soria,41.7715,-2.4715,1.445406328460913,5.299823204356681
42097,GORMAZ,26,41.493797,-3.007829,SO_HSANTA,Soria,41.7715,-2.4715,14.788602210902596,54.22487477330952
42106,LA LOSILLA,13,41.872968,-2.277464,SO_HSANTA,Soria,41.7715,-2.4715,5.357014293330376,19.64238574221138
42105,LICERAS,49,41.380244,-3.243685,SO_HSANTA,Soria,41.7715,-2.4715,21.15780532982832,77.57861954270385
42108,MAJÁN,9,41.468809,-2.303553,SO_HSANTA,Soria,41.7715,-2.4715,9.93767959255496,36.43815850603485
42110,MATALEBRERAS,81,41.842371,-2.046727,SO_HSANTA,Soria,41.7715,-2.4715,9.839481526023196,36.078098928751714
42116,MIÑO DE SAN ESTEBAN,40,41.535919,-3.345996,SO_HSANTA,Soria,41.7715,-2.4715,21.0634367348658,77.2326013611746
42117,MOLINOS DE DUERO,158,41.885487,-2.787761,SO_HSANTA,Soria,41.7715,-2.4715,7.938701813999084,29.108573317996644
42124,MURIEL DE LA FUENTE,55,41.724714,-2.859445,SO_HSANTA,Soria,41.7715,-2.4715,8.891382644221732,32.60173636214635
42125,MURIEL VIEJO,75,41.782828,-2.915383,SO_HSANTA,Soria,41.7715,-2.4715,10.044402102820248,36.82947437700758
42132,NOVIERCAS,172,41.712041,-2.036936,SO_HSANTA,Soria,41.7715,-2.4715,9.997152835828599,36.656227064704865
42139,PINILLA DEL CAMPO,18,41.716784,-2.084951,SO_HSANTA,Soria,41.7715,-2.4715,8.90240955201102,32.64216835737374
42140,PORTILLO DE SORIA,12,41.635429,-2.119072,SO_HSANTA,Soria,41.7715,-2.4715,8.983238356761454,32.938540641458665
42145,QUINTANAS DE GORMAZ,127,41.508125,-2.975813,SO_HSANTA,Soria,41.7715,-2.4715,13.94372320135926,51.12698507165062
42148,QUIÑONERÍA,10,41.56851,-2.037681,SO_HSANTA,Soria,41.7715,-2.4715,11.596121919292258,42.519113704071614
42153,RELLO,20,41.332711,-2.748983,SO_HSANTA,Soria,41.7715,-2.4715,14.721515918610981,53.9788917015736
42159,ROLLAMIENTA,44,41.926391,-2.531415,SO_HSANTA,Soria,41.7715,-2.4715,4.888317860929094,17.923832156740012
42166,SANTA CRUZ DE YANGUAS,56,42.062901,-2.447556,SO_HSANTA,Soria,41.7715,-2.4715,8.853497024157967,32.46282242191255
42171,SERÓN DE NÁGIMA,122,41.496192,-2.20128,SO_HSANTA,Soria,41.7715,-2.4715,10.354577026646139,37.96678243103584
42172,SOLIEDRA,33,41.469074,-2.381439,SO_HSANTA,Soria,41.7715,-2.4715,9.395852944084345,34.45146079497593
42175,SUELLACABRAS,33,41.852456,-2.223243,SO_HSANTA,Soria,41.7715,-2.4715,6.124913462183561,22.45801602800639
42183,TEJADO,96,41.588332,-2.266792,SO_HSANTA,Soria,41.7715,-2.4715,7.23550251775607,26.530175898438923
42184,TORLENGUA,45,41.455366,-2.163851,SO_HSANTA,Soria,41.7715,-2.4715,11.856044343235471,43.47216259186339
42189,UCERO,91,41.717229,-3.051046,SO_HSANTA,Soria,41.7715,-2.4715,13.216145529898291,48.459200276293735
42190,VADILLO,83,41.791865,-3.008573,SO_HSANTA,Soria,41.7715,-2.4715,12.16087099634092,44.5898603199167
42191,VALDEAVELLANO DE TERA,218,41.939391,-2.573951,SO_HSANTA,Soria,41.7715,-2.4715,5.592671340406118,20.5064615814891
42193,VALDELAGUA DEL CERRO,13,41.888386,-2.115362,SO_HSANTA,Soria,41.7715,-2.4715,8.793590496779432,32.24316515485792
42196,VALDEPRADO,8,41.938105,-2.108559,SO_HSANTA,Soria,41.7715,-2.4715,9.629913957419639,35.30968451053868
42201,VELILLA DE LA SIERRA,27,41.809752,-2.403404,SO_HSANTA,Soria,41.7715,-2.4715,1.9277693074414757,7.068487460618744
42202,VELILLA DE LOS AJOS,15,41.490738,-2.254201,SO_HSANTA,Soria,41.7715,-2.4715,9.836370267353464,36.06669098029603
42204,VIANA DE DUERO,49,41.534014,-2.461149,SO_HSANTA,Soria,41.7715,-2.4715,7.205792226980376,26.421238165594712
42208,VILLAR DEL CAMPO,30,41.787516,-2.149486,SO_HSANTA,Soria,41.7715,-2.4715,7.29834468007705,26.760597160282515
42209,VILLAR DEL RÍO,156,42.07584,-2.35078,SO_HSANTA,Soria,41.7715,-2.4715,9.622935392261885,35.28409643829358
47002,AGUASAL,19,41.274531,-4.652536,VA_RHORT,Valladolid,41.6288,-4.7115,10.826794554559942,39.698246700053126
47005,ALCAZARÉN,614,41.371087,-4.673091,VA_RHORT,Valladolid,41.6288,-4.7115,7.863913341967795,28.834348920548578
47007,ALDEAMAYOR DE SAN MARTÍN,6163,41.511747,-4.639667,VA_RHORT,Valladolid,41.6288,-4.7115,3.9059851553136817,14.3219455694835
47009,AMUSQUILLO,99,41.748584,-4.302519,PA_CAUPA,Palencia,42.0006,-4.5397,9.332386644067789,34.21875102824856
47017,BERCERO,177,41.563536,-5.056071,VA_RHORT,Valladolid,41.6288,-4.7115,8.061255185151131,29.557935678887485
47021,BOCIGAS,75,41.229299,-4.680937,VA_RHORT,Valladolid,41.6288,-4.7115,12.135136977708617,44.49550225159826
47024,BOLAÑOS DE CAMPOS,254,42.006472,-5.285321,ZA_BENAV,Benavente,42.0023,-5.6783,8.856667546693615,32.47444767120992
47025,BRAHOJOS DE MEDINA,101,41.222945,-5.041654,VA_RHORT,Valladolid,41.6288,-4.7115,14.416766721527283,52.86147797893337
47026,BUSTILLO DE CHAVES,65,42.132833,-5.09042,PA_CAUPA,Palencia,42.0006,-4.5397,13.030645812707139,47.77903464659284
47029,CABREROS DEL MONTE,56,41.84768,-5.26801,ZA_BENAV,Benavente,42.0023,-5.6783,10.37717676274995,38.04964813008315
47041,CASTRODEZA,142,41.648,-4.958644,VA_RHORT,Valladolid,41.6288,-4.7115,5.631486479092603,20.648783756672874
47044,CASTRONUEVO DE ESGUEVA,393,41.681536,-4.587702,VA_RHORT,Valladolid,41.6288,-4.7115,3.22892065111443,11.83937572075291
47045,CASTRONUÑO,767,41.390485,-5.262498,VA_RHORT,Valladolid,41.6288,-4.7115,14.449928719499953,52.983071971499825
47046,CASTROPONCE,128,42.126486,-5.182156,ZA_BENAV,Benavente,42.0023,-5.6783,11.78780885541575,43.22196580319108
47049,CERVILLEGO DE LA CRUZ,91,41.186774,-4.94959,VA_RHORT,Valladolid,41.6288,-4.7115,14.45735963727807,53.01031867001959
47051,CIGUÑUELA,358,41.6399,-4.856846,VA_RHORT,Valladolid,41.6288,-4.7115,3.3115022633938502,12.142174965777452
47052,CISTÉRNIGA,9281,41.612284,-4.685702,VA_RHORT,Valladolid,41.6288,-4.7115,0.7700093801908924,2.8233677273666054
47054,COGECES DEL MONTE,644,41.511208,-4.315047,VA_RHORT,Valladolid,41.6288,-4.7115,9.675901714664251,35.47830628710226
47058,CUENCA DE CAMPOS,192,42.057474,-5.055907,PA_CAUPA,Palencia,42.0006,-4.5397,11.755400476582485,43.103135080802446
47059,CURIEL DE DUERO,119,41.639944,-4.099193,VA_RHORT,Valladolid,41.6288,-4.7115,13.88236554469074,50.90200699719938
47060,ENCINAS DE ESGUEVA,218,41.756514,-4.104413,PA_CAUPA,Palencia,42.0006,-4.5397,12.304116690083585,45.115094530306486
47062,FOMBELLIDA,175,41.763961,-4.184191,PA_CAUPA,Palencia,42.0006,-4.5397,10.766954674148128,39.4788338052098
47064,FONTIHOYUELO,31,42.160146,-5.058201,PA_CAUPA,Palencia,42.0006,-4.5397,12.633619754902664,46.32327243464311
47067,FUENTE EL SOL,153,41.175459,-4.935783,VA_RHORT,Valladolid,41.6288,-4.7115,14.66404727559018,53.76817334383066
47068,FUENTE-OLMEDO,42,41.24473,-4.647202,VA_RHORT,Valladolid,41.6288,-4.7115,11.738638065215158,43.041672905788914
47069,GALLEGOS DE HORNIJA,109,41.609545,-5.097806,VA_RHORT,Valladolid,41.6288,-4.7115,8.777343273790114,32.18359200389708
47071,GERIA,488,41.579096,-4.875663,VA_RHORT,Valladolid,41.6288,-4.7115,4.016187978662504,14.726022588429181
47073,HERRÍN DE CAMPOS,112,42.123631,-4.953451,PA_CAUPA,Palencia,42.0006,-4.5397,10.034789343570278,36.794227593091016
47099,LA MUDARRA,169,41.779301,-4.944105,VA_RHORT,Valladolid,41.6288,-4.7115,6.968923598028022,25.55271985943608
47110,LA PARRILLA,480,41.536734,-4.535154,VA_RHORT,Valladolid,41.6288,-4.7115,4.878174569222536,17.8866400871493
47158,LA SECA,1013,41.413979,-4.90753,VA_RHORT,Valladolid,41.6288,-4.7115,7.889931049314153,28.929747180818563
47176,LA UNIÓN DE CAMPOS,202,42.075949,-5.324877,ZA_BENAV,Benavente,42.0023,-5.6783,8.267425387435003,30.313893087261675
47077,LANGAYO,250,41.570288,-4.199649,VA_RHORT,Valladolid,41.6288,-4.7115,11.742479864616683,43.05575950359451
47083,MATILLA DE LOS CAÑOS,113,41.546542,-4.966393,VA_RHORT,Valladolid,41.6288,-4.7115,6.296680886955142,23.087829918835517
47089,MELGAR DE ARRIBA,162,42.270503,-5.091984,LE_HULEON,León,42.6132,-5.5577,14.718411063861595,53.96750723415918
47091,MONASTERIO DE VEGA,79,42.230913,-5.180445,ZA_BENAV,Benavente,42.0023,-5.6783,13.171532710926417,48.29561994006353
47096,MORALES DE CAMPOS,130,41.859982,-5.174475,ZA_BENAV,Benavente,42.0023,-5.6783,12.158513488560756,44.581216124722765
47097,MOTA DEL MARQUÉS,330,41.632507,-5.178853,VA_RHORT,Valladolid,41.6288,-4.7115,10.594011730042707,38.844709676823264
47100,MURIEL,111,41.12209,-4.842506,AV_SONSESOLES,Ávila,40.6659,-4.6667,14.409433481005088,52.83458943035199
47101,NAVA DEL REY,1925,41.330492,-5.081659,VA_RHORT,Valladolid,41.6288,-4.7115,12.351732932641982,45.28968741968727
47109,PALAZUELO DE VEDIJA,164,41.928088,-5.145165,ZA_BENAV,Benavente,42.0023,-5.6783,12.230406146526715,44.84482253726462
47112,PEDRAJAS DE SAN ESTEBAN,3406,41.341869,-4.583985,VA_RHORT,Valladolid,41.6288,-4.7115,9.170977265497696,33.626916640158214
47114,PEÑAFIEL,5188,41.596451,-4.118685,VA_RHORT,Valladolid,41.6288,-4.7115,13.476741632108057,49.41471931772954
47119,PIÑEL DE ARRIBA,88,41.699443,-4.12805,PA_CAUPA,Palencia,42.0006,-4.5397,13.033782518013831,47.79053589938405
47123,POZAL DE GALLINAS,538,41.317655,-4.839642,VA_RHORT,Valladolid,41.6288,-4.7115,9.87476817415415,36.20748330523188
47125,POZUELO DE LA ORDEN,50,41.822915,-5.259261,ZA_BENAV,Benavente,42.0023,-5.6783,10.909691476204102,40.00220207941504
47126,PURAS,45,41.182769,-4.648377,VA_RHORT,Valladolid,41.6288,-4.7115,13.602274123627943,49.875005119969124
47127,QUINTANILLA DE ARRIBA,155,41.620044,-4.21663,VA_RHORT,Valladolid,41.6288,-4.7115,11.221363349770646,41.14499894915904
47129,QUINTANILLA DE ONÉSIMO,992,41.625983,-4.365341,VA_RHORT,Valladolid,41.6288,-4.7115,7.847196733112065,28.773054688077572
47131,RÁBANO,176,41.531707,-4.062706,VA_RHORT,Valladolid,41.6288,-4.7115,15.009223756984053,55.03382044227486
47133,RENEDO DE ESGUEVA,3972,41.654993,-4.627667,VA_RHORT,Valladolid,41.6288,-4.7115,2.0592652385258963,7.550639207928286
47138,RUBÍ DE BRACAMONTE,214,41.214452,-4.924443,VA_RHORT,Valladolid,41.6288,-4.7115,13.466226723182638,49.376164651669676
47142,SAN CEBRIÁN DE MAZOTE,103,41.680875,-5.147121,VA_RHORT,Valladolid,41.6288,-4.7115,9.995981643961795,36.651932694526586
47147,SAN PABLO DE LA MORALEJA,107,41.160216,-4.773803,VA_RHORT,Valladolid,41.6288,-4.7115,14.280736997823372,52.362702325352366
47149,SAN PELAYO,48,41.681384,-5.034048,VA_RHORT,Valladolid,41.6288,-4.7115,7.480325941711546,27.427861786275667
47151,SAN SALVADOR,23,41.620959,-5.088766,VA_RHORT,Valladolid,41.6288,-4.7115,8.555502299777112,31.370175099182745
47156,SAN VICENTE DEL PALACIO,160,41.218675,-4.852086,VA_RHORT,Valladolid,41.6288,-4.7115,12.841680691373075,47.08616253503461
47157,SARDÓN DE DUERO,607,41.609271,-4.433768,VA_RHORT,Valladolid,41.6288,-4.7115,6.324236880727434,23.188868562667256
47162,TAMARIZ DE CAMPOS,84,41.974544,-5.024572,PA_CAUPA,Palencia,42.0006,-4.5397,10.957976646354307,40.179247703299126
47170,TORRE DE PEÑAFIEL,57,41.536507,-4.088846,VA_RHORT,Valladolid,41.6288,-4.7115,14.398728935776116,52.795339431179094
47171,TORRELOBATÓN,386,41.649374,-5.02538,VA_RHORT,Valladolid,41.6288,-4.7115,7.141050126077902,26.18385046228564
47172,TORRESCÁRCELA,164,41.484833,-4.319953,VA_RHORT,Valladolid,41.6288,-4.7115,9.89998160008885,36.29993253365912
47173,TRASPINEDO,1240,41.582491,-4.475919,VA_RHORT,Valladolid,41.6288,-4.7115,5.523466575288356,20.252710776057302
47178,URUEÑA,203,41.727749,-5.202567,VA_RHORT,Valladolid,41.6288,-4.7115,11.520366538162538,42.241343973262644
47186,VALLADOLID,300618,41.652328,-4.723349,VA_RHORT,Valladolid,41.6288,-4.7115,0.7623685810170278,2.795351463729102
47189,VELASCÁLVARO,163,41.230668,-4.971654,VA_RHORT,Valladolid,41.6288,-4.7115,13.444839765443541,49.29774580662632
47191,VELLIZA,121,41.578555,-4.946624,VA_RHORT,Valladolid,41.6288,-4.7115,5.545206307146404,20.33242312620348
47195,VILLABÁÑEZ,507,41.629747,-4.522458,VA_RHORT,Valladolid,41.6288,-4.7115,4.28517694724583,15.71231547323471
47196,VILLABARUZ DE CAMPOS,32,42.010352,-4.9953,PA_CAUPA,Palencia,42.0006,-4.5397,10.271004711906716,37.66035061032463
47203,VILLAFRADES DE CAMPOS,61,42.07853,-4.971287,PA_CAUPA,Palencia,42.0006,-4.5397,10.003575967870898,36.67977854885996
47206,VILLAFUERTE,86,41.732741,-4.325369,VA_RHORT,Valladolid,41.6288,-4.7115,9.296267460227526,34.08631402083426
47216,VILLÁN DE TORDESILLAS,122,41.593226,-4.922097,VA_RHORT,Valladolid,41.6288,-4.7115,4.895377299565523,17.949716765073585
47218,VILLANUEVA DE DUERO,1258,41.518245,-4.871233,VA_RHORT,Valladolid,41.6288,-4.7115,4.9368767267571165,18.101881331442762
47225,VILLASEXMIR,67,41.638325,-5.065278,VA_RHORT,Valladolid,41.6288,-4.7115,8.023872252677332,29.42086492648355
47227,VILLAVELLID,53,41.694126,-5.278865,ZA_BENAV,Benavente,42.0023,-5.6783,12.99079097502258,47.63290024174947
47194,VILORIA,331,41.445504,-4.382328,VA_RHORT,Valladolid,41.6288,-4.7115,9.31291542155224,34.147356545691544
49004,ALCUBILLA DE NOGALES,108,42.127753,-5.921889,ZA_BENAV,Benavente,42.0023,-5.6783,6.6744751861396345,24.473075682511993
49008,ALMEIDA DE SAYAGO,422,41.266208,-6.075509,SA_CHUSAL,Salamanca,40.964,-5.6731,12.981515111916522,47.59888874369391
49009,ANDAVÍAS,420,41.597175,-5.856179,ZA_BENAV,Benavente,42.0023,-5.6783,12.927159084615512,47.39958331025688
49010,ARCENILLAS,448,41.456807,-5.686591,SA_CHUSAL,Salamanca,40.964,-5.6731,14.94797938236709,54.809257735345994
49011,ARCOS DE LA POLVOROSA,216,41.944105,-5.698763,ZA_BENAV,Benavente,42.0023,-5.6783,1.8241229577819047,6.688450845200317
49018,AYOÓ DE VIDRIALES,274,42.130067,-6.065707,ZA_BENAV,Benavente,42.0023,-5.6783,9.543641462269564,34.99335202832174
49019,BARCIAL DEL BARCO,253,41.933662,-5.663948,ZA_BENAV,Benavente,42.0023,-5.6783,2.1065133576137853,7.723882311250547
49028,BRIME DE URZ,99,42.037501,-5.872688,ZA_BENAV,Benavente,42.0023,-5.6783,4.507684671995355,16.528177130649635
49034,CAÑIZAL,421,41.167645,-5.369248,SA_CHUSAL,Salamanca,40.964,-5.6731,9.295449985343243,34.08331661292522
49039,CASASECA DE LAS CHANAS,373,41.43867,-5.676507,SA_CHUSAL,Salamanca,40.964,-5.6731,14.394999676412755,52.78166548018011
49046,CERECINOS DE CAMPOS,234,41.899222,-5.482901,ZA_BENAV,Benavente,42.0023,-5.6783,5.403078458641341,19.811287681684917
49048,CERNADILLA,110,42.021438,-6.416733,LE_BIERZO,Ponferrada,42.5461,-6.5908,16.383102874387287,60.071377206086716
49055,COTANES DEL MONTE,82,41.817899,-5.290135,ZA_BENAV,Benavente,42.0023,-5.6783,10.392944249471107,38.10746224806072
49057,CUBO DE BENAVENTE,117,42.123503,-6.162791,ZA_BENAV,Benavente,42.0023,-5.6783,11.510549354941682,42.20534763478617
49058,EL CUBO DE TIERRA DEL VINO,298,41.25511,-5.709572,SA_CHUSAL,Salamanca,40.964,-5.6731,8.867415214631539,32.513855786982305
49102,EL MADERAL,169,41.282773,-5.623555,SA_CHUSAL,Salamanca,40.964,-5.6731,9.73310557980986,35.688053792636154
49158,EL PIÑERO,215,41.353674,-5.58887,SA_CHUSAL,Salamanca,40.964,-5.6731,11.972672240383172,43.8997982147383
49067,FERRERAS DE ARRIBA,358,41.898841,-6.193014,ZA_BENAV,Benavente,42.0023,-5.6783,12.025356977412088,44.09297558384432
49071,FONFRÍA,763,41.635726,-6.139885,ZA_BENAV,Benavente,42.0023,-5.6783,15.244898858658834,55.89796248174906
49078,FRIERA DE VALVERDE,127,41.911819,-5.842385,ZA_BENAV,Benavente,42.0023,-5.6783,4.606737344083529,16.891370261639608
49079,FUENTE ENCALADA,89,42.111026,-5.994291,ZA_BENAV,Benavente,42.0023,-5.6783,7.841852896768838,28.753460621485736
49081,FUENTESAÚCO,1606,41.231354,-5.495629,SA_CHUSAL,Salamanca,40.964,-5.6731,9.065591555099369,33.24050236869769
49085,GALENDE,1024,42.10596,-6.66274,LE_BIERZO,Ponferrada,42.5461,-6.5908,13.444737077302891,49.297369283443935
49091,GRANJA DE MORERUELA,250,41.809421,-5.738842,ZA_BENAV,Benavente,42.0023,-5.6783,6.0067099489256455,22.0246031460607
49093,GUARRATE,314,41.289265,-5.441114,SA_CHUSAL,Salamanca,40.964,-5.6731,11.197316017253126,41.05682539659479
49094,HERMISENDE,216,41.969934,-6.893091,LE_BIERZO,Ponferrada,42.5461,-6.5908,18.743806787702976,68.7272915549109
49097,JUSTEL,78,42.14843,-6.296358,LE_BIERZO,Ponferrada,42.5461,-6.5908,13.747263341464034,50.4066322520348
49101,LUELMO,149,41.439721,-6.13474,SA_CHUSAL,Salamanca,40.964,-5.6731,17.86268140735362,65.49649849362994
49105,MAIRE DE CASTROPONCE,140,42.111803,-5.78479,ZA_BENAV,Benavente,42.0023,-5.6783,4.095950162024408,15.018483927422833
49112,MANZANAL DE LOS INFANTES,135,42.054898,-6.383113,LE_BIERZO,Ponferrada,42.5461,-6.5908,15.607527196556823,57.227599720708355
49111,MANZANAL DEL BARCO,128,41.634975,-5.946324,ZA_BENAV,Benavente,42.0023,-5.6783,12.6799268507776,46.493065119517865
49118,MILLES DE LA POLVOROSA,199,41.923921,-5.733486,ZA_BENAV,Benavente,42.0023,-5.6783,2.6829645649476555,9.837536738141404
49120,MOLEZUELAS DE LA CARBALLEDA,46,42.081759,-6.186415,ZA_BENAV,Benavente,42.0023,-5.6783,11.694510598077969,42.879872192952554
49121,MOMBUEY,386,42.023327,-6.330182,ZA_BENAV,Benavente,42.0023,-5.6783,14.701997258314305,53.90732328048579
49123,MONTAMARTA,543,41.648318,-5.805487,ZA_BENAV,Benavente,42.0023,-5.6783,11.112934901918253,40.74742797370026
49126,MORALEJA DE SAYAGO,299,41.183803,-6.003873,SA_CHUSAL,Salamanca,40.964,-5.6731,10.08043542508819,36.961596558656694
49128,MORALES DE REY,517,42.066758,-5.785538,ZA_BENAV,Benavente,42.0023,-5.6783,3.1073265276539654,11.393530601397874
49130,MORALES DE VALVERDE,150,41.940225,-5.887734,ZA_BENAV,Benavente,42.0023,-5.6783,5.0834466565782215,18.63930440745348
49132,MORERUELA DE LOS INFANZONES,324,41.631706,-5.705851,ZA_BENAV,Benavente,42.0023,-5.6783,11.255829418222747,41.27137453348341
49135,MUELAS DEL PAN,616,41.522289,-5.968164,ZA_BENAV,Benavente,42.0023,-5.6783,15.965305464787335,58.539453370886896
49139,OTERO DE BODAS,166,41.93748,-6.14946,ZA_BENAV,Benavente,42.0023,-5.6783,10.803654675131643,39.613400475482685
49142,PALACIOS DEL PAN,240,41.601804,-5.878221,ZA_BENAV,Benavente,42.0023,-5.6783,12.95902728062603,47.516433362295444
49145,PEDRALBA DE LA PRADERÍA,195,42.024174,-6.693214,LE_BIERZO,Ponferrada,42.5461,-6.5908,15.993770588544548,58.643825491330006
49152,PERERUELA,496,41.415615,-5.877754,SA_CHUSAL,Salamanca,40.964,-5.6731,14.470069451442281,53.05692132195503
49155,PIEDRAHÍTA DE CASTRO,106,41.679982,-5.728537,ZA_BENAV,Benavente,42.0023,-5.6783,9.84025418214725,36.080932001206584
49162,PORTO,156,42.167951,-6.898934,LE_BIERZO,Ponferrada,42.5461,-6.5908,13.386150258852032,49.08255094912412
49163,POZOANTIGUO,190,41.595399,-5.434625,ZA_BENAV,Benavente,42.0023,-5.6783,13.513484372167246,49.54944269794657
49164,POZUELO DE TÁBARA,145,41.78529,-5.896408,ZA_BENAV,Benavente,42.0023,-5.6783,8.218971327578796,30.136228201122258
49165,PRADO,53,41.920833,-5.419828,ZA_BENAV,Benavente,42.0023,-5.6783,6.330556227906584,23.212039502324142
49166,PUEBLA DE SANABRIA,1366,42.054951,-6.634393,LE_BIERZO,Ponferrada,42.5461,-6.5908,14.926589134103828,54.730826825047366
49171,QUIRUELAS DE VIDRIALES,635,42.017073,-5.828654,ZA_BENAV,Benavente,42.0023,-5.6783,3.417433305169044,12.530588785619829
49175,REVELLINOS,229,41.890573,-5.568987,ZA_BENAV,Benavente,42.0023,-5.6783,4.1903764157987515,15.364713524595421
49176,RIOFRÍO DE ALISTE,599,41.817687,-6.17802,ZA_BENAV,Benavente,42.0023,-5.6783,12.591004594416747,46.16701684619474
49179,ROBLEDA-CERVANTES,400,42.083598,-6.593745,LE_BIERZO,Ponferrada,42.5461,-6.5908,14.025939826663611,51.42844603109991
49180,ROELOS DE SAYAGO,138,41.251955,-6.171849,SA_CHUSAL,Salamanca,40.964,-5.6731,14.357230056534402,52.643176873959476
49190,SAN MARTÍN DE VALDERADUEY,45,41.813682,-5.471768,ZA_BENAV,Benavente,42.0023,-5.6783,7.378723571491246,27.05531976213457
49191,SAN MIGUEL DE LA RIBERA,252,41.332709,-5.57597,SA_CHUSAL,Salamanca,40.964,-5.6731,11.399294814412794,41.79741431951358
49192,SAN MIGUEL DEL VALLE,119,42.029274,-5.49702,ZA_BENAV,Benavente,42.0023,-5.6783,4.1655158874375,15.273558253937498
49194,SAN PEDRO DE LA NAVE-ALMENDRA,322,41.591479,-5.921549,ZA_BENAV,Benavente,42.0023,-5.6783,13.618297474145734,49.93375740520103
49200,SANTA CRISTINA DE LA POLVOROSA,1027,42.000921,-5.714445,ZA_BENAV,Benavente,42.0023,-5.6783,0.8156349575287518,2.990661510938757
49206,SANTIBÁÑEZ DE VIDRIALES,844,42.078106,-6.013412,ZA_BENAV,Benavente,42.0023,-5.6783,7.889824815087224,28.92935765531982
49216,TAPIOLES,124,41.857292,-5.495734,ZA_BENAV,Benavente,42.0023,-5.6783,6.025247192874039,22.09257304053814
49221,TORREGAMONES,226,41.48813,-6.180528,ZA_BENAV,Benavente,42.0023,-5.6783,19.294068491100912,70.74491780070333
49223,TRABAZOS,838,41.747526,-6.492206,ZA_BENAV,Benavente,42.0023,-5.6783,19.93651053323077,73.10053862184616
49226,VADILLO DE LA GUAREÑA,243,41.283005,-5.352523,SA_CHUSAL,Salamanca,40.964,-5.6731,12.133402471037883,44.48914239380557
49229,VALDESCORRIEL,131,42.022455,-5.51034,ZA_BENAV,Benavente,42.0023,-5.6783,3.8335380386715374,14.056306141795638
49230,VALLESA DE LA GUAREÑA,68,41.135362,-5.326984,SA_CHUSAL,Salamanca,40.964,-5.6731,9.469069153342001,34.71992022892067
49233,VEGALATRAVE,79,41.700403,-6.108173,ZA_BENAV,Benavente,42.0023,-5.6783,13.345830388760781,48.93471142545619
49234,VENIALBO,431,41.389369,-5.5391,SA_CHUSAL,Salamanca,40.964,-5.6731,13.257349080893018,48.6102799632744
49249,VILLALONSO,79,41.596195,-5.297577,VA_RHORT,Valladolid,41.6288,-4.7115,13.324980529279355,48.858261940690966
49251,VILLALUBE,147,41.609893,-5.545094,ZA_BENAV,Benavente,42.0023,-5.6783,12.275135770420176,45.008831158207315
49259,VILLANUEVA DE LAS PERAS,89,41.936426,-5.979951,ZA_BENAV,Benavente,42.0023,-5.6783,7.0887411788636365,25.992050989166668
49260,VILLANUEVA DEL CAMPO,761,41.984874,-5.404388,ZA_BENAV,Benavente,42.0023,-5.6783,6.196221249223294,22.719477913818746
49269,VILLASECO DEL PAN,207,41.468348,-5.964502,SA_CHUSAL,Salamanca,40.964,-5.6731,16.676893305073612,61.14860878526991
49272,VILLAVEZA DE VALVERDE,72,41.944991,-5.848383,ZA_BENAV,Benavente,42.0023,-5.6783,4.2101213833988265,15.437111739129032
49273,VIÑAS,160,41.774384,-6.468305,ZA_BENAV,Benavente,42.0023,-5.6783,19.127524665220562,70.13425710580873
