municipio_id;base_asignada_id;tiempo_minutos;id_mun;municipio;poblacion;id_base;nombre;region
5007;37294;22.89076140042876;5007;ALDEANUEVA DE SANTA CRUZ;102;37294;Base SANTA MARTA DE TORMES;SALAMANCA
5008;40194;21.128205487154418;5008;ALDEASECA;203;40194;Base SEGOVIA;SEGOVIA
5016;40194;19.031435148808114;5016;ARÉVALO;7830;40194;Base SEGOVIA;SEGOVIA
5034;37294;20.58913900014658;5034;BLASCONUÑO DE MATACABRAS;14;37294;Base SANTA MARTA DE TORMES;SALAMANCA
5035;40194;16.935233543528888;5035;BLASCOSANCHO;100;40194;Base SEGOVIA;SEGOVIA
5037;37294;24.68077659527672;5037;BOHOYO;214;37294;Base SANTA MARTA DE TORMES;SALAMANCA
5042;40194;21.386608876218453;5042;CABEZAS DE ALAMBRE;153;40194;Base SEGOVIA;SEGOVIA
5048;37294;20.45798047689445;5048;CANTIVEROS;99;37294;Base SANTA MARTA DE TORMES;SALAMANCA
5056;47175;21.892246783009146;5056;CASTELLANOS DE ZAPARDIEL;113;47175;Base TUDELA DE DUERO;VALLADOLID
5059;5057;19.043643699527696;5059;CILLÁN;79;5057;Base CEBREROS;ÁVILA
5060;37294;19.15781735440141;5060;CISLA;102;37294;Base SANTA MARTA DE TORMES;SALAMANCA
5063;37294;18.574817645508617;5063;COLLADO DEL MIRÓN;20;37294;Base SANTA MARTA DE TORMES;SALAMANCA
5070;47175;20.86995088408981;5070;DONVIDAS;36;47175;Base TUDELA DE DUERO;VALLADOLID
5022;5057;9.1286332601101;5022;EL BARRACO;2027;5057;Base CEBREROS;ÁVILA
5036;40194;18.88901123994998;5036;EL BOHODÓN;110;40194;Base SEGOVIA;SEGOVIA
5175;5057;18.72396797840712;5175;EL OSO;129;5057;Base CEBREROS;ÁVILA
5241;5057;6.452475089773049;5241;EL TIEMBLO;4526;5057;Base CEBREROS;ÁVILA
5072;40194;17.169672177841598;5072;ESPINOSA DE LOS CABALLEROS;97;40194;Base SEGOVIA;SEGOVIA
5073;37294;17.67593276870995;5073;FLORES DE ÁVILA;270;37294;Base SANTA MARTA DE TORMES;SALAMANCA
5077;37294;21.551827990813827;5077;FUENTE EL SAÚZ;151;37294;Base SANTA MARTA DE TORMES;SALAMANCA
5080;37294;18.836693531874463;5080;GALLEGOS DE SOBRINOS;45;37294;Base SANTA MARTA DE TORMES;SALAMANCA
5081;5057;19.78902098714483;5081;GARGANTA DEL VILLAR;39;5057;Base CEBREROS;ÁVILA
5082;5057;15.49212041881629;5082;GAVILANES;529;5057;Base CEBREROS;ÁVILA
5083;5057;13.441223512403;5083;GEMUÑO;142;5057;Base CEBREROS;ÁVILA
5084;37294;21.244380054244875;5084;GILBUENA;48;37294;Base SANTA MARTA DE TORMES;SALAMANCA
5092;5057;18.659367933666765;5092;HERNANSANCHO;142;5057;Base CEBREROS;ÁVILA
5093;5057;9.014723095667831;5093;HERRADÓN DE PINARES;495;5057;Base CEBREROS;ÁVILA
5095;5057;12.297271425932895;5095;HIGUERA DE LAS DUEÑAS;270;5057;Base CEBREROS;ÁVILA
5106;5057;19.033248570097186;5106;HOYOS DE MIGUEL MUÑOZ;27;5057;Base CEBREROS;ÁVILA
5104;5057;22.220298261200504;5104;HOYOS DEL COLLADO;30;5057;Base CEBREROS;ÁVILA
5105;5057;21.74024628969796;5105;HOYOS DEL ESPINO;344;5057;Base CEBREROS;ÁVILA
5051;37294;23.35005310179412;5051;LA CARRERA;160;37294;Base SANTA MARTA DE TORMES;SALAMANCA
5110;5057;18.316759715984862;5110;LANZAHÍTA;788;5057;Base CEBREROS;ÁVILA
5027;5057;17.59080196207434;5027;LAS BERLANAS;323;5057;Base CEBREROS;ÁVILA
5168;5057;10.512928972590288;5168;LAS NAVAS DEL MARQUÉS;5590;5057;Base CEBREROS;ÁVILA
5113;37294;24.088341404034516;5113;LOS LLANOS DE TORMES;103;37294;Base SANTA MARTA DE TORMES;SALAMANCA
5114;37294;20.087730202218435;5114;MADRIGAL DE LAS ALTAS TORRES;1299;37294;Base SANTA MARTA DE TORMES;SALAMANCA
5115;40194;14.77147633977474;5115;MAELLO;700;40194;Base SEGOVIA;SEGOVIA
5117;37294;19.376819617537038;5117;MAMBLAS;196;37294;Base SANTA MARTA DE TORMES;SALAMANCA
5120;5057;16.48332232174146;5120;MARLÍN;31;5057;Base CEBREROS;ÁVILA
5123;5057;12.790912206019028;5123;MEDIANA DE VOLTOYA;117;5057;Base CEBREROS;ÁVILA
5125;5057;17.412920887833067;5125;MENGAMUÑOZ;54;5057;Base CEBREROS;ÁVILA
5132;5057;19.086444884317043;5132;MOMBELTRÁN;916;5057;Base CEBREROS;ÁVILA
5134;37294;21.14265485850107;5134;MORALEJA DE MATACABRAS;53;37294;Base SANTA MARTA DE TORMES;SALAMANCA
5145;5057;18.194649327710202;5145;NARRILLOS DEL REBOLLAR;34;5057;Base CEBREROS;ÁVILA
5149;5057;20.7841267547467;5149;NARROS DE SALDUEÑA;106;5057;Base CEBREROS;ÁVILA
5153;37294;25.011782296227587;5153;NAVA DEL BARCO;83;37294;Base SANTA MARTA DE TORMES;SALAMANCA
5151;5057;21.636046581473856;5151;NAVACEPEDILLA DE CORNEJA;100;5057;Base CEBREROS;ÁVILA
5156;5057;8.984802751782977;5156;NAVAHONDILLA;353;5057;Base CEBREROS;ÁVILA
5159;37294;25.609634124747544;5159;NAVALONGUILLA;185;37294;Base SANTA MARTA DE TORMES;SALAMANCA
5165;5057;20.763442187505362;5165;NAVARREDONDA DE GREDOS;446;5057;Base CEBREROS;ÁVILA
5166;5057;13.234583076843824;5166;NAVARREDONDILLA;158;5057;Base CEBREROS;ÁVILA
5170;37294;23.759388225146342;5170;NAVATEJARES;50;37294;Base SANTA MARTA DE TORMES;SALAMANCA
5173;5057;12.725980885858068;5173;OJOS-ALBOS;96;5057;Base CEBREROS;ÁVILA
5178;47175;19.88682692231015;5178;PALACIOS DE GODA;397;47175;Base TUDELA DE DUERO;VALLADOLID
5179;5057;20.165088945227303;5179;PAPATRIGO;219;5057;Base CEBREROS;ÁVILA
5183;40194;20.125663367334237;5183;PEDRO-RODRÍGUEZ;134;40194;Base SEGOVIA;SEGOVIA
5185;5057;16.61758568279295;5185;PEÑALBA DE ÁVILA;105;5057;Base CEBREROS;ÁVILA
5187;5057;11.817345727367615;5187;PIEDRALAVES;2150;5057;Base CEBREROS;ÁVILA
5189;5057;23.333240631218846;5189;POYALES DEL HOYO;487;5057;Base CEBREROS;ÁVILA
5193;37294;17.924647211382293;5193;RASUEROS;160;37294;Base SANTA MARTA DE TORMES;SALAMANCA
5197;5057;14.291926865503356;5197;SALOBRAL;102;5057;Base CEBREROS;ÁVILA
5198;37294;17.45609196509158;5198;SALVADIÓS;71;37294;Base SANTA MARTA DE TORMES;SALAMANCA
5199;37294;21.434440966567678;5199;SAN BARTOLOMÉ DE BÉJAR;49;37294;Base SANTA MARTA DE TORMES;SALAMANCA
5210;5057;19.25635946724907;5210;SAN JUAN DE LA ENCINILLA;70;5057;Base CEBREROS;ÁVILA
5211;5057;10.115599958954771;5211;SAN JUAN DE LA NAVA;426;5057;Base CEBREROS;ÁVILA
5219;5057;19.606341800967364;5219;SAN PASCUAL;45;5057;Base CEBREROS;ÁVILA
5231;40194;20.47729019415771;5231;SAN VICENTE DE ARÉVALO;165;40194;Base SEGOVIA;SEGOVIA
5221;5057;18.906780056729136;5221;SANTA CRUZ DEL VALLE;304;5057;Base CEBREROS;ÁVILA
5233;5057;15.915894077859207;5233;SERRANILLOS;252;5057;Base CEBREROS;ÁVILA
5234;5057;20.010372220822177;5234;SIGERES;41;5057;Base CEBREROS;ÁVILA
5235;47175;21.406001569548657;5235;SINLABAJOS;135;47175;Base TUDELA DE DUERO;VALLADOLID
5238;5057;15.623790226784516;5238;SOLOSANCHO;758;5057;Base CEBREROS;ÁVILA
5245;5057;11.24555526448223;5245;TORNADIZOS DE ÁVILA;465;5057;Base CEBREROS;ÁVILA
5251;37294;20.578661850347107;5251;VADILLO DE LA SIERRA;51;37294;Base SANTA MARTA DE TORMES;SALAMANCA
5253;40194;17.16527795772491;5253;VEGA DE SANTA MARÍA;86;40194;Base SEGOVIA;SEGOVIA
5259;40194;21.8886700873688;5259;VILLANUEVA DEL ACERAL;92;40194;Base SEGOVIA;SEGOVIA
5260;37294;20.303877868032668;5260;VILLANUEVA DEL CAMPILLO;101;37294;Base SANTA MARTA DE TORMES;SALAMANCA
5263;5057;20.21683782044856;5263;VILLATORO;161;5057;Base CEBREROS;ÁVILA
5264;5057;20.960376342278824;5264;VIÑEGRA DE MORAÑA;48;5057;Base CEBREROS;ÁVILA
9001;9059;13.98302407226902;9001;ABAJAS;28;9059;Base BURGOS;BURGOS
9003;47175;22.170636340171587;9003;ADRADA DE HAZA;205;47175;Base TUDELA DE DUERO;VALLADOLID
9006;9059;17.24904975210801;9006;AGUAS CÁNDIDAS;59;9059;Base BURGOS;BURGOS
9011;9059;22.424813777224497;9011;ALFOZ DE BRICIA;68;9059;Base BURGOS;BURGOS
9019;9059;24.313906407083035;9019;ARANDILLA;155;9059;Base BURGOS;BURGOS
9020;9059;21.238629487955247;9020;ARAUZO DE MIEL;274;9059;Base BURGOS;BURGOS
9026;9059;10.541059831313847;9026;ARLANZÓN;424;9059;Base BURGOS;BURGOS
9038;9059;17.00054476736807;9038;BARBADILLO DEL MERCADO;134;9059;Base BURGOS;BURGOS
9041;9059;13.488290702579421;9041;BARRIO DE MUÑÓ;32;9059;Base BURGOS;BURGOS
9047;9059;13.681006310550151;9047;BELBIMBRE;54;9059;Base BURGOS;BURGOS
9051;47175;21.34350150997214;9051;BERLANGAS DE ROA;203;47175;Base TUDELA DE DUERO;VALLADOLID
9052;9059;18.078403134332095;9052;BERZOSA DE BUREBA;26;9059;Base BURGOS;BURGOS
9057;9059;22.979883636938016;9057;BUGEDO;189;9059;Base BURGOS;BURGOS
9059;9059;5.0;9059;BURGOS;175895;9059;Base BURGOS;BURGOS
9065;47175;24.258806823610527;9065;CAMPILLO DE ARANDA;171;47175;Base TUDELA DE DUERO;VALLADOLID
9067;42095;17.783006857055213;9067;CANICOSA DE LA SIERRA;424;42095;Base GOLMAYO;SORIA
9068;9059;18.023976826467553;9068;CANTABRANA;23;9059;Base BURGOS;BURGOS
9071;9059;13.499514737161993;9071;CARCEDO DE BUREBA;37;9059;Base BURGOS;BURGOS
9073;9059;6.460370686409495;9073;CARDEÑADIJO;1430;9059;Base BURGOS;BURGOS
9074;9059;6.920508629082228;9074;CARDEÑAJIMENO;1169;9059;Base BURGOS;BURGOS
9077;9059;19.59879383130549;9077;CASCAJARES DE BUREBA;27;9059;Base BURGOS;BURGOS
9085;47175;23.266587506831925;9085;CASTRILLO DE LA VEGA;621;47175;Base TUDELA DE DUERO;VALLADOLID
9086;9059;7.80198201949783;9086;CASTRILLO DEL VAL;823;9059;Base BURGOS;BURGOS
9091;9059;14.969363482873787;9091;CASTROJERIZ;778;9059;Base BURGOS;BURGOS
9063;9059;8.608164575708992;9063;CAVIA;248;9059;Base BURGOS;BURGOS
9094;9059;16.07294891797795;9094;CEBRECOS;58;9059;Base BURGOS;BURGOS
9100;9059;12.799127387308353;9100;CERRATÓN DE JUARROS;45;9059;Base BURGOS;BURGOS
9102;9059;20.425766448479997;9102;CILLAPERLATA;30;9059;Base BURGOS;BURGOS
9105;9059;18.744305320279402;9105;CIRUELOS DE CERVERA;99;9059;Base BURGOS;BURGOS
9112;9059;23.820607096438753;9112;CORUÑA DEL CONDE;100;9059;Base BURGOS;BURGOS
9114;9059;10.593633996883868;9114;CUBILLO DEL CAMPO;101;9059;Base BURGOS;BURGOS
9123;9059;14.734097459471514;9123;ESPINOSA DEL CAMINO;42;9059;Base BURGOS;BURGOS
9127;9059;17.085297651515745;9127;FONTIOSO;54;9059;Base BURGOS;BURGOS
9133;9059;10.47576223039621;9133;FRESNO DE RODILLA;49;9059;Base BURGOS;BURGOS
9136;47175;21.15037979275893;9136;FUENTECÉN;237;47175;Base TUDELA DE DUERO;VALLADOLID
9140;47175;23.82439514622004;9140;FUENTENEBRO;136;47175;Base TUDELA DE DUERO;VALLADOLID
9155;47175;22.03137424577384;9155;HAZA;34;47175;Base TUDELA DE DUERO;VALLADOLID
9172;9059;10.708894493676972;9172;HUÉRMECES;153;9059;Base BURGOS;BURGOS
9175;9059;18.064240456737238;9175;HUMADA;116;9059;Base BURGOS;BURGOS
9176;9059;7.834016884610181;9176;HURONES;53;9059;Base BURGOS;BURGOS
9178;9059;19.318335254211576;9178;IBRILLOS;29;9059;Base BURGOS;BURGOS
9181;9059;10.078153664747454;9181;ISAR;284;9059;Base BURGOS;BURGOS
9184;9059;15.969124908026547;9184;JARAMILLO QUEMADO;10;9059;Base BURGOS;BURGOS
9191;9059;13.816976777192084;9191;JURISDICCIÓN DE LARA;41;9059;Base BURGOS;BURGOS
9192;9059;24.486295836962544;9192;JURISDICCIÓN DE SAN ZADORNIL;66;9059;Base BURGOS;BURGOS
9117;47175;19.67809494334842;9117;LA CUEVA DE ROA;89;47175;Base TUDELA DE DUERO;VALLADOLID
9166;9059;12.522990580144917;9166;LAS HORMAZAS;99;9059;Base BURGOS;BURGOS
9034;9059;13.936161669742717;9034;LOS BALBASES;302;9059;Base BURGOS;BURGOS
9197;9059;11.563642255746739;9197;MADRIGALEJO DEL MONTE;176;9059;Base BURGOS;BURGOS
9201;9059;19.739996870906324;9201;MAMOLAR;28;9059;Base BURGOS;BURGOS
9209;9059;23.457589518907557;9209;MEDINA DE POMAR;5997;9059;Base BURGOS;BURGOS
9215;9059;25.908908702022135;9215;MERINDAD DE SOTOSCUEVA;412;9059;Base BURGOS;BURGOS
9216;9059;25.31105343195057;9216;MERINDAD DE VALDEPORRES;421;9059;Base BURGOS;BURGOS
9221;9059;7.713532325753284;9221;MODÚBAR DE LA EMPAREDADA;769;9059;Base BURGOS;BURGOS
9224;9059;11.339379517464529;9224;MONASTERIO DE RODILLA;169;9059;Base BURGOS;BURGOS
9228;47175;22.910173836650035;9228;MORADILLO DE ROA;170;47175;Base TUDELA DE DUERO;VALLADOLID
9231;9059;16.39501770761474;9231;NEBREDA;55;9059;Base BURGOS;BURGOS
9232;42095;18.91244104043544;9232;NEILA;119;42095;Base GOLMAYO;SORIA
9235;47175;20.84070415668748;9235;OLMEDILLO DE ROA;179;47175;Base TUDELA DE DUERO;VALLADOLID
9238;9059;18.596476968888055;9238;OÑA;951;9059;Base BURGOS;BURGOS
9243;9059;16.34459783892478;9243;PADILLA DE ARRIBA;92;9059;Base BURGOS;BURGOS
9244;9059;16.682914283801342;9244;PADRONES DE BUREBA;60;9059;Base BURGOS;BURGOS
9246;42095;19.887327795879358;9246;PALACIOS DE LA SIERRA;675;42095;Base GOLMAYO;SORIA
9248;9059;11.723011245674261;9248;PALAZUELOS DE LA SIERRA;93;9059;Base BURGOS;BURGOS
9250;9059;12.569228313714138;9250;PAMPLIEGA;291;9059;Base BURGOS;BURGOS
9251;9059;21.002812227807087;9251;PANCORBO;437;9059;Base BURGOS;BURGOS
9255;9059;20.568069256790427;9255;PARTIDO DE LA SIERRA EN TOBALINA;81;9059;Base BURGOS;BURGOS
9258;34079;15.43475416122777;9258;PEDROSA DEL PRÍNCIPE;163;34079;Base GRIJOTA;PALENCIA
9262;34079;16.391766422755612;9262;PERAL DE ARLANZA;170;34079;Base GRIJOTA;PALENCIA
9265;9059;14.9707942593447;9265;PIÉRNIGAS;39;9059;Base BURGOS;BURGOS
9267;9059;18.082875697479835;9267;PINEDA TRASMONTE;98;9059;Base BURGOS;BURGOS
9269;9059;16.816466638741105;9269;PINILLA DE LOS MOROS;33;9059;Base BURGOS;BURGOS
9287;9059;8.330215104293357;9287;QUINTANAORTUÑO;284;9059;Base BURGOS;BURGOS
9288;9059;9.313466015238529;9288;QUINTANAPALLA;120;9059;Base BURGOS;BURGOS
9294;9059;15.796312809236259;9294;QUINTANILLA DE LA MATA;108;9059;Base BURGOS;BURGOS
9901;9059;14.403719693409707;9901;QUINTANILLA DEL AGUA Y TORDUELES;335;9059;Base BURGOS;BURGOS
9295;9059;16.778513571528762;9295;QUINTANILLA DEL COCO;50;9059;Base BURGOS;BURGOS
9298;9059;18.014800910396858;9298;QUINTANILLA SAN GARCÍA;68;9059;Base BURGOS;BURGOS
9301;9059;7.194220037912723;9301;QUINTANILLA VIVAR;885;9059;Base BURGOS;BURGOS
9306;9059;20.74850367002731;9306;REBOLLEDO DE LA TORRE;92;9059;Base BURGOS;BURGOS
9307;9059;19.613732554997746;9307;REDECILLA DEL CAMINO;93;9059;Base BURGOS;BURGOS
9310;9059;13.785437324547056;9310;REINOSO;18;9059;Base BURGOS;BURGOS
9314;9059;10.443002500482308;9314;REVILLA DEL CAMPO;94;9059;Base BURGOS;BURGOS
9316;34079;15.458210131411011;9316;REVILLA VALLEJERA;115;34079;Base GRIJOTA;PALENCIA
9315;9059;8.513705011059425;9315;REVILLARRUZ;634;9059;Base BURGOS;BURGOS
9317;9059;18.070421354789516;9317;REZMONDO;17;9059;Base BURGOS;BURGOS
9326;9059;8.243672274826976;9326;RUBENA;217;9059;Base BURGOS;BURGOS
9328;9059;17.94335169068858;9328;RUCANDIO;72;9059;Base BURGOS;BURGOS
9329;9059;16.826865499317133;9329;SALAS DE BUREBA;129;9059;Base BURGOS;BURGOS
9332;9059;7.57925951217656;9332;SALDAÑA DE BURGOS;201;9059;Base BURGOS;BURGOS
9334;9059;14.547484078504736;9334;SALINILLAS DE BUREBA;48;9059;Base BURGOS;BURGOS
9335;9059;10.50806348400554;9335;SAN ADRIÁN DE JUARROS;86;9059;Base BURGOS;BURGOS
9339;47175;18.424190561559982;9339;SAN MARTÍN DE RUBIALES;139;47175;Base TUDELA DE DUERO;VALLADOLID
9347;9059;23.359397241949754;9347;SANTA GADEA DEL CID;161;9059;Base BURGOS;BURGOS
9352;9059;19.946465278459705;9352;SANTA MARÍA DEL MERCADILLO;108;9059;Base BURGOS;BURGOS
9354;9059;12.138287941750477;9354;SANTA OLALLA DE BUREBA;38;9059;Base BURGOS;BURGOS
9355;9059;20.41580363813806;9355;SANTIBÁÑEZ DE ESGUEVA;77;9059;Base BURGOS;BURGOS
9356;9059;17.23104889105072;9356;SANTIBÁÑEZ DEL VAL;70;9059;Base BURGOS;BURGOS
9358;9059;18.155510521472685;9358;SANTO DOMINGO DE SILOS;247;9059;Base BURGOS;BURGOS
9388;9059;11.778911715583037;9388;TORRELARA;32;9059;Base BURGOS;BURGOS
9394;9059;20.62243640934998;9394;TRESPADERNE;713;9059;Base BURGOS;BURGOS
9395;9059;16.367088568409947;9395;TUBILLA DEL AGUA;128;9059;Base BURGOS;BURGOS
9908;9059;27.26007246648703;9908;VALLE DE LOSA;496;9059;Base BURGOS;BURGOS
9410;9059;29.846264960985067;9410;VALLE DE MENA;4140;9059;Base BURGOS;BURGOS
9413;9059;24.18390068817774;9413;VALLE DE VALDEBEZANA;482;9059;Base BURGOS;BURGOS
9419;9059;19.795856640085724;9419;VALLUÉRCANES;63;9059;Base BURGOS;BURGOS
9432;9059;18.644671352261142;9432;VILLAFRUELA;143;9059;Base BURGOS;BURGOS
9433;9059;16.470769039629808;9433;VILLAGALIJO;52;9059;Base BURGOS;BURGOS
9434;9059;6.449632789080981;9434;VILLAGONZALO PEDERNALES;1882;9059;Base BURGOS;BURGOS
9441;9059;11.942404250953924;9441;VILLALDEMIRO;91;9059;Base BURGOS;BURGOS
9442;9059;13.942220795808492;9442;VILLALMANZO;410;9059;Base BURGOS;BURGOS
9445;9059;15.1081153108253;9445;VILLAMBISTIA;43;9059;Base BURGOS;BURGOS
9446;34079;15.337088678376288;9446;VILLAMEDIANILLA;9;34079;Base GRIJOTA;PALENCIA
9447;9059;12.816412912051424;9447;VILLAMIEL DE LA SIERRA;43;9059;Base BURGOS;BURGOS
9448;9059;10.100312510207491;9448;VILLANGÓMEZ;232;9059;Base BURGOS;BURGOS
9451;9059;23.383447302763386;9451;VILLANUEVA DE GUMIEL;279;9059;Base BURGOS;BURGOS
9455;9059;14.04648438336631;9455;VILLAQUIRÁN DE LA PUEBLA;46;9059;Base BURGOS;BURGOS
9460;9059;14.091532003221163;9460;VILLASANDINO;178;9059;Base BURGOS;BURGOS
9464;9059;21.422370752842042;9464;VILLATUELDA;53;9059;Base BURGOS;BURGOS
9476;9059;12.962719119999097;9476;VILLORUEBO;63;9059;Base BURGOS;BURGOS
9425;42095;18.860615811102804;9425;VILVIESTRE DEL PINAR;504;42095;Base GOLMAYO;SORIA
9480;9059;12.507551955721535;9480;ZAEL;115;9059;Base BURGOS;BURGOS
9485;9059;18.36806728064505;9485;ZUÑEDA;57;9059;Base BURGOS;BURGOS
24007;24115;8.422816537195693;24007;ARGANZA;805;24115;Base PONFERRADA;El Bierzo
24016;24115;10.067937641147603;24016;BENUZA;442;24115;Base PONFERRADA;El Bierzo
24017;24142;12.268230068034839;24017;BERCIANOS DEL PÁRAMO;522;24142;Base SAN ANDRÉS DEL RABANEDO;LEÓN
24019;24115;10.544946853117601;24019;BERLANGA DEL BIERZO;322;24115;Base PONFERRADA;El Bierzo
24021;24142;15.123875147493367;24021;BOÑAR;1766;24142;Base SAN ANDRÉS DEL RABANEDO;LEÓN
24023;24115;14.957080980318684;24023;BRAZUELO;312;24115;Base PONFERRADA;El Bierzo
24025;24142;22.759727076049113;24025;BURÓN;288;24142;Base SAN ANDRÉS DEL RABANEDO;LEÓN
24033;24142;10.586833096040142;24033;CAMPO DE VILLAVIDEL;205;24142;Base SAN ANDRÉS DEL RABANEDO;LEÓN
24037;24142;15.609772099471742;24037;CÁRMENES;333;24142;Base SAN ANDRÉS DEL RABANEDO;LEÓN
24039;24142;9.878892565963579;24039;CARRIZO;2222;24142;Base SAN ANDRÉS DEL RABANEDO;LEÓN
24043;24115;11.408388115364481;24043;CASTRILLO DE CABRERA;102;24115;Base PONFERRADA;El Bierzo
24044;24115;17.395917347196907;24044;CASTRILLO DE LA VALDUERNA;143;24115;Base PONFERRADA;El Bierzo
24047;24115;19.338666868862454;24047;CASTROCONTRIGO;669;24115;Base PONFERRADA;El Bierzo
24049;24115;8.0383115748113;24049;CASTROPODAME;1574;24115;Base PONFERRADA;El Bierzo
24052;24142;18.63545514973706;24052;CEBANICO;143;24142;Base SAN ANDRÉS DEL RABANEDO;LEÓN
24054;24142;20.002385372323946;24054;CIMANES DE LA VEGA;435;24142;Base SAN ANDRÉS DEL RABANEDO;LEÓN
24059;24115;10.044576896070698;24059;CORULLÓN;819;24115;Base PONFERRADA;El Bierzo
24064;24115;7.442456345701045;24064;CUBILLOS DEL SIL;1719;24115;Base PONFERRADA;El Bierzo
24024;24142;15.511318588063922;24024;EL BURGO RANERO;690;24142;Base SAN ANDRÉS DEL RABANEDO;LEÓN
24073;24142;13.292440846693415;24073;FRESNO DE LA VEGA;477;24142;Base SAN ANDRÉS DEL RABANEDO;LEÓN
24077;24142;18.067106301481257;24077;GORDALIZA DEL PINO;239;24142;Base SAN ANDRÉS DEL RABANEDO;LEÓN
24084;24142;19.215963618811458;24084;IZAGRE;137;24142;Base SAN ANDRÉS DEL RABANEDO;LEÓN
24005;24142;18.20111048247964;24005;LA ANTIGUA;328;24142;Base SAN ANDRÉS DEL RABANEDO;LEÓN
24134;24142;10.798375830624261;24134;LA ROBLA;3605;24142;Base SAN ANDRÉS DEL RABANEDO;LEÓN
24193;24142;13.579884770812123;24193;LA VECILLA;378;24142;Base SAN ANDRÉS DEL RABANEDO;LEÓN
24089;24142;6.140610591703551;24089;LEÓN;122243;24142;Base SAN ANDRÉS DEL RABANEDO;LEÓN
24092;24142;9.743039323125842;24092;LLAMAS DE LA RIBERA;791;24142;Base SAN ANDRÉS DEL RABANEDO;LEÓN
24093;24142;15.424160705952671;24093;MAGAZ DE CEPEDA;349;24142;Base SAN ANDRÉS DEL RABANEDO;LEÓN
24097;24142;14.953484543517824;24097;MATADEÓN DE LOS OTEROS;221;24142;Base SAN ANDRÉS DEL RABANEDO;LEÓN
24098;24142;13.022233992039023;24098;MATALLANA DE TORÍO;1228;24142;Base SAN ANDRÉS DEL RABANEDO;LEÓN
24099;24142;17.486655804046908;24099;MATANZA;172;24142;Base SAN ANDRÉS DEL RABANEDO;LEÓN
24105;24142;7.715183896709075;24105;ONZONILLA;1942;24142;Base SAN ANDRÉS DEL RABANEDO;LEÓN
24106;24142;25.43081171273199;24106;OSEJA DE SAJAMBRE;226;24142;Base SAN ANDRÉS DEL RABANEDO;LEÓN
24112;24115;15.006431187710835;24112;PERANZANES;271;24115;Base PONFERRADA;El Bierzo
24113;24142;14.387429922091645;24113;POBLADURA DE PELAYO GARCÍA;354;24142;Base SAN ANDRÉS DEL RABANEDO;LEÓN
24127;24142;16.133448324966956;24127;REGUERAS DE ARRIBA;264;24142;Base SAN ANDRÉS DEL RABANEDO;LEÓN
24129;24142;18.801287486356312;24129;REYERO;128;24142;Base SAN ANDRÉS DEL RABANEDO;LEÓN
24132;24142;13.829337046680463;24132;RIELLO;582;24142;Base SAN ANDRÉS DEL RABANEDO;LEÓN
24133;24142;10.291457489802895;24133;RIOSECO DE TAPIA;399;24142;Base SAN ANDRÉS DEL RABANEDO;LEÓN
24141;24142;19.80707697876236;24141;SAN ADRIÁN DEL VALLE;84;24142;Base SAN ANDRÉS DEL RABANEDO;LEÓN
24145;24142;18.923930136353277;24145;SAN EMILIANO;596;24142;Base SAN ANDRÉS DEL RABANEDO;LEÓN
24148;24142;15.160839971578813;24148;SAN JUSTO DE LA VEGA;1775;24142;Base SAN ANDRÉS DEL RABANEDO;LEÓN
24151;24142;11.211861156135246;24151;SANTA COLOMBA DE CURUEÑO;507;24142;Base SAN ANDRÉS DEL RABANEDO;LEÓN
24152;24115;13.54880761732016;24152;SANTA COLOMBA DE SOMOZA;494;24115;Base PONFERRADA;El Bierzo
24155;24142;15.427183249755391;24155;SANTA MARÍA DE LA ISLA;443;24142;Base SAN ANDRÉS DEL RABANEDO;LEÓN
24156;24142;16.71405026912421;24156;SANTA MARÍA DEL MONTE DE CEA;325;24142;Base SAN ANDRÉS DEL RABANEDO;LEÓN
24157;24142;13.365715808252439;24157;SANTA MARÍA DEL PÁRAMO;209;24142;Base SAN ANDRÉS DEL RABANEDO;LEÓN
24163;24142;6.152138129021981;24163;SARIEGOS;5444;24142;Base SAN ANDRÉS DEL RABANEDO;LEÓN
24164;24142;17.240979554629615;24164;SENA DE LUNA;390;24142;Base SAN ANDRÉS DEL RABANEDO;LEÓN
24171;24115;12.095715476893188;24171;TRABADELO;319;24115;Base PONFERRADA;El Bierzo
24172;24115;14.428020329874812;24172;TRUCHAS;392;24115;Base PONFERRADA;El Bierzo
24036;24115;13.631677182626222;24036;VALLE DE ANCARES;275;24115;Base PONFERRADA;El Bierzo
24197;24142;9.344123585969378;24197;VEGA DE INFANZONES;839;24142;Base SAN ANDRÉS DEL RABANEDO;LEÓN
24194;24142;13.477730280521639;24194;VEGACERVERA;258;24142;Base SAN ANDRÉS DEL RABANEDO;LEÓN
24203;24142;16.710074421472825;24203;VILLABRAZ;95;24142;Base SAN ANDRÉS DEL RABANEDO;LEÓN
24205;24142;9.426036418196318;24205;VILLADANGOS DEL PÁRAMO;1235;24142;Base SAN ANDRÉS DEL RABANEDO;LEÓN
24211;24142;18.105410215058765;24211;VILLAMANDOS;277;24142;Base SAN ANDRÉS DEL RABANEDO;LEÓN
24219;24142;15.456392781409841;24219;VILLAOBISPO DE OTERO;518;24142;Base SAN ANDRÉS DEL RABANEDO;LEÓN
24221;24142;19.101369651019162;24221;VILLAQUEJIDA;803;24142;Base SAN ANDRÉS DEL RABANEDO;LEÓN
24227;24142;9.042043915867666;24227;VILLATURIEL;1838;24142;Base SAN ANDRÉS DEL RABANEDO;LEÓN
24228;24142;14.297424504808555;24228;VILLAZALA;596;24142;Base SAN ANDRÉS DEL RABANEDO;LEÓN
24229;24142;19.712462005359974;24229;VILLAZANZO DE VALDERADUEY;368;24142;Base SAN ANDRÉS DEL RABANEDO;LEÓN
34009;34079;10.21242079840044;34009;AMAYUELAS DE ARRIBA;38;34079;Base GRIJOTA;PALENCIA
34019;34079;10.713386559574051;34019;AUTILLO DE CAMPOS;130;34079;Base GRIJOTA;PALENCIA
34031;34079;14.815317109816581;34031;BELMONTE DE CAMPOS;30;34079;Base GRIJOTA;PALENCIA
34032;9059;20.28699383359352;34032;BERZOSILLA;47;9059;Base BURGOS;BURGOS
34033;34079;11.942373412697368;34033;BOADA DE CAMPOS;16;34079;Base GRIJOTA;PALENCIA
34035;34079;14.481845613539125;34035;BOADILLA DE RIOSECO;114;34079;Base GRIJOTA;PALENCIA
34038;34079;17.70785924135865;34038;BUSTILLO DE LA VEGA;269;34079;Base GRIJOTA;PALENCIA
34042;34079;13.432219495441199;34042;CALZADA DE LOS MOLINOS;305;34079;Base GRIJOTA;PALENCIA
34047;34079;13.710690297856662;34047;CARRIÓN DE LOS CONDES;1999;34079;Base GRIJOTA;PALENCIA
34048;34079;13.801279557120363;34048;CASTIL DE VELA;55;34079;Base GRIJOTA;PALENCIA
34051;34079;13.6699842607721;34051;CASTRILLO DE ONIELO;91;34079;Base GRIJOTA;PALENCIA
34052;34079;17.352852356746027;34052;CASTRILLO DE VILLAVEGA;168;34079;Base GRIJOTA;PALENCIA
34057;34079;12.233115620632594;34057;CEVICO DE LA TORRE;475;34079;Base GRIJOTA;PALENCIA
34059;34079;12.98779859908441;34059;CISNEROS;430;34079;Base GRIJOTA;PALENCIA
34063;34079;12.316120078457732;34063;CORDOVILLA LA REAL;129;34079;Base GRIJOTA;PALENCIA
34066;47175;12.010391802937544;34066;CUBILLAS DE CERRATO;64;47175;Base TUDELA DE DUERO;VALLADOLID
34069;34079;10.401999584173838;34069;DUEÑAS;2587;34079;Base GRIJOTA;PALENCIA
34070;9059;17.601620597984677;34070;ESPINOSA DE CERRATO;124;9059;Base BURGOS;BURGOS
34074;34079;12.63193738866163;34074;FRÓMISTA;748;34079;Base GRIJOTA;PALENCIA
34077;34079;6.909971330389153;34077;FUENTES DE VALDEPERO;484;34079;Base GRIJOTA;PALENCIA
34079;34079;5.0;34079;GRIJOTA;2789;34079;Base GRIJOTA;PALENCIA
34082;34079;16.555558176058184;34082;HÉRMEDES DE CERRATO;74;34079;Base GRIJOTA;PALENCIA
34084;34079;13.611521331498102;34084;HERRERA DE VALDECAÑAS;158;34079;Base GRIJOTA;PALENCIA
34088;34079;6.654621618940244;34088;HUSILLOS;393;34079;Base GRIJOTA;PALENCIA
34089;34079;15.121266872288121;34089;ITERO DE LA VEGA;144;34079;Base GRIJOTA;PALENCIA
34091;34079;17.889055503774504;34091;LAGARTOS;117;34079;Base GRIJOTA;PALENCIA
34096;34079;11.800179514113765;34096;LOMAS;41;34079;Base GRIJOTA;PALENCIA
34099;34079;9.554493514795002;34099;MANQUILLOS;58;34079;Base GRIJOTA;PALENCIA
34103;34079;11.804387867267074;34103;MAZUECOS DE VALDEGINATE;79;34079;Base GRIJOTA;PALENCIA
34106;34079;13.33523673885099;34106;MENESES DE CAMPOS;101;34079;Base GRIJOTA;PALENCIA
34108;34079;7.716074451146479;34108;MONZÓN DE CAMPOS;583;34079;Base GRIJOTA;PALENCIA
34112;34079;15.376807245894145;34112;NOGAL DE LAS HUERTAS;46;34079;Base GRIJOTA;PALENCIA
34116;34079;16.570305577757114;34116;OSORNILLO;59;34079;Base GRIJOTA;PALENCIA
34901;34079;16.871074426845432;34901;OSORNO LA MAYOR;1190;34079;Base GRIJOTA;PALENCIA
34124;34079;25.347068880736458;34124;PAYO DE OJEDA;57;34079;Base GRIJOTA;PALENCIA
34133;47175;12.209179497740575;34133;POBLACIÓN DE CERRATO;98;47175;Base TUDELA DE DUERO;VALLADOLID
34137;34079;14.300219382789534;34137;POZO DE URAMA;18;34079;Base GRIJOTA;PALENCIA
34143;34079;17.765690211195206;34143;QUINTANILLA DE ONSOÑA;180;34079;Base GRIJOTA;PALENCIA
34146;34079;10.07104095062488;34146;REINOSO DE CERRATO;57;34079;Base GRIJOTA;PALENCIA
34149;34079;14.387550422361173;34149;REQUENA DE CAMPOS;29;34079;Base GRIJOTA;PALENCIA
34155;34079;8.35432272094127;34155;RIBAS DE CAMPOS;153;34079;Base GRIJOTA;PALENCIA
34160;9059;27.596963354833484;34160;SAN CEBRIÁN DE MUDÁ;150;9059;Base BURGOS;BURGOS
34165;34079;13.864503959989053;34165;SAN ROMÁN DE LA CUBA;53;34079;Base GRIJOTA;PALENCIA
34168;34079;20.007946985457547;34168;SANTA CRUZ DE BOEDO;52;34079;Base GRIJOTA;PALENCIA
34169;34079;19.509955722634384;34169;SANTERVÁS DE LA VEGA;400;34079;Base GRIJOTA;PALENCIA
34170;9059;23.649955397729414;34170;SANTIBÁÑEZ DE ECLA;42;9059;Base BURGOS;BURGOS
34176;34079;21.59910090531542;34176;SOTOBAÑADO Y PRIORATO;158;34079;Base GRIJOTA;PALENCIA
34179;34079;23.166445869448783;34179;TABANERA DE VALDAVIA;22;34079;Base GRIJOTA;PALENCIA
34180;34079;11.199792302855176;34180;TÁMARA DE CAMPOS;74;34079;Base GRIJOTA;PALENCIA
34181;34079;10.077585040080457;34181;TARIEGO DE CERRATO;500;34079;Base GRIJOTA;PALENCIA
34182;34079;10.978910824995133;34182;TORQUEMADA;966;34079;Base GRIJOTA;PALENCIA
34189;34079;9.10940194441056;34189;VALDEOLMILLOS;60;34079;Base GRIJOTA;PALENCIA
34023;34079;9.40876830618117;34023;VENTA DE BAÑOS;6331;34079;Base GRIJOTA;PALENCIA
34201;34079;13.840152096255975;34201;VERTAVILLO;167;34079;Base GRIJOTA;PALENCIA
34204;34079;15.220525583856869;34204;VILLACIDALER;46;34079;Base GRIJOTA;PALENCIA
34215;34079;13.023807183417837;34215;VILLALCÁZAR DE SIRGA;174;34079;Base GRIJOTA;PALENCIA
34218;34079;19.828451908622107;34218;VILLALUENGA DE LA VEGA;519;34079;Base GRIJOTA;PALENCIA
34220;34079;7.193435365427977;34220;VILLAMARTÍN DE CAMPOS;169;34079;Base GRIJOTA;PALENCIA
34223;34079;15.929211600017087;34223;VILLAMORONTA;239;34079;Base GRIJOTA;PALENCIA
34225;34079;8.5458774809522;34225;VILLAMURIEL DE CERRATO;6508;34079;Base GRIJOTA;PALENCIA
34230;34079;12.594437481853975;34230;VILLARMENTERO DE CAMPOS;28;34079;Base GRIJOTA;PALENCIA
34236;34079;14.990573341691046;34236;VILLATURDE;147;34079;Base GRIJOTA;PALENCIA
34237;34079;6.2765087583986165;34237;VILLAUMBRALES;623;34079;Base GRIJOTA;PALENCIA
34242;9059;15.593219749186165;34242;VILLODRIGO;96;9059;Base BURGOS;BURGOS
34243;34079;10.775162132998707;34243;VILLOLDO;339;34079;Base GRIJOTA;PALENCIA
34245;34079;21.23351607392513;34245;VILLOTA DEL PÁRAMO;299;34079;Base GRIJOTA;PALENCIA
37001;37294;18.803930917804916;37001;ABUSEJO;143;37294;Base SANTA MARTA DE TORMES;SALAMANCA
37003;37294;30.67975796063959;37003;AHIGAL DE LOS ACEITEROS;88;37294;Base SANTA MARTA DE TORMES;SALAMANCA
37008;37294;9.602380322556883;37008;ALBA DE TORMES;5122;37294;Base SANTA MARTA DE TORMES;SALAMANCA
37018;37294;19.796238450924093;37018;ALDEANUEVA DE LA SIERRA;98;37294;Base SANTA MARTA DE TORMES;SALAMANCA
37023;37294;6.6340353873751745;37023;ALDEATEJADA;2587;37294;Base SANTA MARTA DE TORMES;SALAMANCA
37026;37294;21.52607390339;37026;ALDEHUELA DE YELTES;181;37294;Base SANTA MARTA DE TORMES;SALAMANCA
37027;37294;10.575116275597713;37027;ALMENARA DE TORMES;305;37294;Base SANTA MARTA DE TORMES;SALAMANCA
37031;37294;11.343364273748081;37031;ARABAYONA DE MÓGICA;325;37294;Base SANTA MARTA DE TORMES;SALAMANCA
37039;37294;27.70545618127734;37039;BAÑOBÁREZ;280;37294;Base SANTA MARTA DE TORMES;SALAMANCA
37042;37294;24.10389776474543;37042;BARCEO;48;37294;Base SANTA MARTA DE TORMES;SALAMANCA
37047;37294;11.02619588609954;37047;BELEÑA;251;37294;Base SANTA MARTA DE TORMES;SALAMANCA
37052;37294;20.98696274415782;37052;BOADA;268;37294;Base SANTA MARTA DE TORMES;SALAMANCA
37055;37294;25.65981693929477;37055;BOGAJO;129;37294;Base SANTA MARTA DE TORMES;SALAMANCA
37060;37294;10.542442605260515;37060;BUENAVISTA;365;37294;Base SANTA MARTA DE TORMES;SALAMANCA
37070;37294;6.594166571320995;37070;CALVARRASA DE ARRIBA;615;37294;Base SANTA MARTA DE TORMES;SALAMANCA
37074;37294;32.7018489077353;37074;CAMPILLO DE AZABA;142;37294;Base SANTA MARTA DE TORMES;SALAMANCA
37078;37294;22.90437462436521;37078;CANDELARIO;843;37294;Base SANTA MARTA DE TORMES;SALAMANCA
37079;37294;11.89470582060143;37079;CANILLAS DE ABAJO;70;37294;Base SANTA MARTA DE TORMES;SALAMANCA
37080;37294;23.052592886602326;37080;CANTAGALLO;279;37294;Base SANTA MARTA DE TORMES;SALAMANCA
37083;37294;15.809632775799981;37083;CANTARACILLO;190;37294;Base SANTA MARTA DE TORMES;SALAMANCA
37087;37294;8.122676023843301;37087;CARRASCAL DE BARREGAS;1439;37294;Base SANTA MARTA DE TORMES;SALAMANCA
37088;37294;15.168485467136737;37088;CARRASCAL DEL OBISPO;187;37294;Base SANTA MARTA DE TORMES;SALAMANCA
37089;37294;16.255632951977244;37089;CASAFRANCA;68;37294;Base SANTA MARTA DE TORMES;SALAMANCA
37185;37294;8.407446039375357;37185;CASTELLANOS DE VILLIQUERA;703;37294;Base SANTA MARTA DE TORMES;SALAMANCA
37096;37294;29.458538763952355;37096;CASTILLEJO DE MARTÍN VIEJO;205;37294;Base SANTA MARTA DE TORMES;SALAMANCA
37097;37294;22.758845778968826;37097;CASTRAZ;34;37294;Base SANTA MARTA DE TORMES;SALAMANCA
37103;37294;17.38981017817788;37103;CESPEDOSA DE TORMES;496;37294;Base SANTA MARTA DE TORMES;SALAMANCA
37104;37294;20.02272414306769;37104;CILLEROS DE LA BASTIDA;23;37294;Base SANTA MARTA DE TORMES;SALAMANCA
37107;37294;28.330834909314;37107;CIUDAD RODRIGO;11846;37294;Base SANTA MARTA DE TORMES;SALAMANCA
37110;37294;10.156030707377656;37110;CORDOVILLA;108;37294;Base SANTA MARTA DE TORMES;SALAMANCA
37034;37294;11.575500680815672;37034;EL ARCO;89;37294;Base SANTA MARTA DE TORMES;SALAMANCA
37102;37294;24.958350285846812;37102;EL CERRO;365;37294;Base SANTA MARTA DE TORMES;SALAMANCA
37180;37294;21.48456773778404;37180;EL MANZANO;57;37294;Base SANTA MARTA DE TORMES;SALAMANCA
37124;37294;16.60897247626598;37124;ENDRINAL;204;37294;Base SANTA MARTA DE TORMES;SALAMANCA
37130;37294;10.21710966211128;37130;FORFOLEDA;204;37294;Base SANTA MARTA DE TORMES;SALAMANCA
37138;37294;16.96985695094073;37138;FUENTERROBLE DE SALVATIERRA;252;37294;Base SANTA MARTA DE TORMES;SALAMANCA
37140;37294;34.234036998304916;37140;FUENTES DE OÑORO;1009;37294;Base SANTA MARTA DE TORMES;SALAMANCA
37151;37294;11.524016056987431;37151;GOLPEJAS;144;37294;Base SANTA MARTA DE TORMES;SALAMANCA
37152;37294;8.5673513891254;37152;GOMECELLO;412;37294;Base SANTA MARTA DE TORMES;SALAMANCA
37155;37294;17.707669430930274;37155;GUIJO DE ÁVILA;78;37294;Base SANTA MARTA DE TORMES;SALAMANCA
37165;37294;21.942508924324788;37165;IRUELOS;31;37294;Base SANTA MARTA DE TORMES;SALAMANCA
37166;37294;33.15801961319649;37166;ITUERO DE AZABA;199;37294;Base SANTA MARTA DE TORMES;SALAMANCA
37005;37294;32.421867524604764;37005;LA ALAMEDA DE GARDÓN;74;37294;Base SANTA MARTA DE TORMES;SALAMANCA
37010;37294;22.79347189760168;37010;LA ALBERCA;1045;37294;Base SANTA MARTA DE TORMES;SALAMANCA
37056;37294;31.902837882137536;37056;LA BOUZA;49;37294;Base SANTA MARTA DE TORMES;SALAMANCA
37119;37294;29.789820208236012;37119;LA ENCINA;108;37294;Base SANTA MARTA DE TORMES;SALAMANCA
37132;37294;33.307967088479444;37132;LA FREGENEDA;308;37294;Base SANTA MARTA DE TORMES;SALAMANCA
37186;37294;12.92763577929638;37186;LA MATA DE LEDESMA;101;37294;Base SANTA MARTA DE TORMES;SALAMANCA
37224;37294;10.733172787942841;37224;LA ORBADA;182;37294;Base SANTA MARTA DE TORMES;SALAMANCA
37309;37294;15.567483407734239;37309;LA SIERPE;42;37294;Base SANTA MARTA DE TORMES;SALAMANCA
37315;37294;16.149251521585008;37315;LA TALA;76;37294;Base SANTA MARTA DE TORMES;SALAMANCA
37349;37294;25.524912636874724;37349;LA VÍDOLA;107;37294;Base SANTA MARTA DE TORMES;SALAMANCA
37173;37294;29.93081523894103;37173;LUMBRALES;1510;37294;Base SANTA MARTA DE TORMES;SALAMANCA
37182;37294;9.411209126645694;37182;MARTINAMOR;82;37294;Base SANTA MARTA DE TORMES;SALAMANCA
37189;37294;13.816287148525454;37189;MEMBRIBE DE LA SIERRA;105;37294;Base SANTA MARTA DE TORMES;SALAMANCA
37190;37294;30.01559414751661;37190;MIEZA;176;37294;Base SANTA MARTA DE TORMES;SALAMANCA
37200;37294;14.653995811934488;37200;MONTEJO;198;37294;Base SANTA MARTA DE TORMES;SALAMANCA
37203;37294;11.033018973754967;37203;MONTERRUBIO DE LA SIERRA;148;37294;Base SANTA MARTA DE TORMES;SALAMANCA
37207;37294;7.077529700581723;37207;MORISCOS;566;37294;Base SANTA MARTA DE TORMES;SALAMANCA
37209;37294;7.852820675061622;37209;MOZÁRBEZ;510;37294;Base SANTA MARTA DE TORMES;SALAMANCA
37211;37294;15.164020485733653;37211;NARROS DE MATALAYEGUA;198;37294;Base SANTA MARTA DE TORMES;SALAMANCA
37213;37294;19.464270341703482;37213;NAVA DE BÉJAR;74;37294;Base SANTA MARTA DE TORMES;SALAMANCA
37226;37294;13.830542021575978;37226;PALACIOS DEL ARZOBISPO;151;37294;Base SANTA MARTA DE TORMES;SALAMANCA
37229;37294;9.440374071268078;37229;PALENCIA DE NEGRILLA;138;37294;Base SANTA MARTA DE TORMES;SALAMANCA
37231;37294;12.469427277264703;37231;PARADA DE RUBIALES;241;37294;Base SANTA MARTA DE TORMES;SALAMANCA
37232;37294;15.986072447556742;37232;PARADINAS DE SAN JUAN;384;37294;Base SANTA MARTA DE TORMES;SALAMANCA
37236;37294;11.612613595798862;37236;PEDROSILLO DE ALBA;124;37294;Base SANTA MARTA DE TORMES;SALAMANCA
37237;37294;12.329823137787487;37237;PEDROSILLO DE LOS AIRES;314;37294;Base SANTA MARTA DE TORMES;SALAMANCA
37241;37294;18.46463178527191;37241;PELARRODRÍGUEZ;159;37294;Base SANTA MARTA DE TORMES;SALAMANCA
37246;37294;14.971265032667374;37246;PEÑARANDA DE BRACAMONTE;6063;37294;Base SANTA MARTA DE TORMES;SALAMANCA
37247;37294;10.804714383493229;37247;PEÑARANDILLA;181;37294;Base SANTA MARTA DE TORMES;SALAMANCA
37250;49125;25.896795890797215;37250;PEREÑA DE LA RIBERA;314;49125;Base MORALEJA DEL VINO;ZAMORA
37259;37294;18.519234699040368;37259;PUEBLA DE SAN MEDEL;33;37294;Base SANTA MARTA DE TORMES;SALAMANCA
37260;37294;21.009032357096228;37260;PUEBLA DE YELTES;142;37294;Base SANTA MARTA DE TORMES;SALAMANCA
37262;37294;20.641966628841374;37262;PUERTAS;65;37294;Base SANTA MARTA DE TORMES;SALAMANCA
37269;37294;33.21102203823443;37269;ROBLEDA;457;37294;Base SANTA MARTA DE TORMES;SALAMANCA
37272;37294;29.504661762079298;37272;SAELICES EL CHICO;173;37294;Base SANTA MARTA DE TORMES;SALAMANCA
37276;37294;15.457234688261847;37276;SALMORAL;112;37294;Base SANTA MARTA DE TORMES;SALAMANCA
37278;37294;7.434190624774919;37278;SAN CRISTÓBAL DE LA CUESTA;1143;37294;Base SANTA MARTA DE TORMES;SALAMANCA
37287;37294;19.007618958269166;37287;SAN MIGUEL DE VALERO;303;37294;Base SANTA MARTA DE TORMES;SALAMANCA
37288;37294;8.220897577972814;37288;SAN MORALES;366;37294;Base SANTA MARTA DE TORMES;SALAMANCA
37291;37294;10.413624744583615;37291;SAN PEDRO DE ROZADOS;145;37294;Base SANTA MARTA DE TORMES;SALAMANCA
37292;37294;12.229872140312072;37292;SAN PELAYO DE GUAREÑA;92;37294;Base SANTA MARTA DE TORMES;SALAMANCA
37294;37294;5.0;37294;SANTA MARTA DE TORMES;14726;37294;Base SANTA MARTA DE TORMES;SALAMANCA
37297;37294;19.024264513575694;37297;SANTIBÁÑEZ DE BÉJAR;444;37294;Base SANTA MARTA DE TORMES;SALAMANCA
37299;49125;14.525081421169808;37299;SANTIZ;229;49125;Base MORALEJA DEL VINO;ZAMORA
37304;37294;19.840385378612616;37304;SEPULCRO-HILARIO;157;37294;Base SANTA MARTA DE TORMES;SALAMANCA
37310;37294;11.41533101889347;37310;SIETEIGLESIAS DE TORMES;164;37294;Base SANTA MARTA DE TORMES;SALAMANCA
37312;37294;20.406232783107377;37312;SORIHUELA;256;37294;Base SANTA MARTA DE TORMES;SALAMANCA
37316;37294;19.02691906705835;37316;TAMAMES;785;37294;Base SANTA MARTA DE TORMES;SALAMANCA
37317;37294;15.99020887335779;37317;TARAZONA DE GUAREÑA;269;37294;Base SANTA MARTA DE TORMES;SALAMANCA
37318;37294;10.152337617422031;37318;TARDÁGUILA;197;37294;Base SANTA MARTA DE TORMES;SALAMANCA
37323;37294;11.286691142936036;37323;TOPAS;511;37294;Base SANTA MARTA DE TORMES;SALAMANCA
37324;37294;12.014440005929831;37324;TORDILLOS;316;37294;Base SANTA MARTA DE TORMES;SALAMANCA
37327;37294;10.803185996650978;37327;TORRESMENUDAS;184;37294;Base SANTA MARTA DE TORMES;SALAMANCA
37328;49125;22.96301778985782;37328;TRABANCA;160;49125;Base MORALEJA DEL VINO;ZAMORA
37331;37294;20.37374755141647;37331;VALDEFUENTES DE SANGUSÍN;189;37294;Base SANTA MARTA DE TORMES;SALAMANCA
37338;37294;9.235986910436049;37338;VALDUNCIEL;110;37294;Base SANTA MARTA DE TORMES;SALAMANCA
37343;37294;21.544020243300565;37343;VALLEJERA DE RIOFRÍO;72;37294;Base SANTA MARTA DE TORMES;SALAMANCA
37340;37294;25.4978740882931;37340;VALSALABROSO;119;37294;Base SANTA MARTA DE TORMES;SALAMANCA
37341;37294;19.640986464435443;37341;VALVERDE DE VALDELACASA;57;37294;Base SANTA MARTA DE TORMES;SALAMANCA
37344;37294;12.69740705018415;37344;VECINOS;219;37294;Base SANTA MARTA DE TORMES;SALAMANCA
37348;37294;11.52429456492725;37348;VENTOSA DEL RÍO ALMAR;99;37294;Base SANTA MARTA DE TORMES;SALAMANCA
37353;37294;14.076575229165723;37353;VILLALBA DE LOS LLANOS;110;37294;Base SANTA MARTA DE TORMES;SALAMANCA
37356;37294;31.335040447631762;37356;VILLAR DE ARGAÑÁN;98;37294;Base SANTA MARTA DE TORMES;SALAMANCA
37362;37294;6.848212878800435;37362;VILLARES DE LA REINA;6723;37294;Base SANTA MARTA DE TORMES;SALAMANCA
37364;49125;24.36479273475309;37364;VILLARINO DE LOS AIRES;739;49125;Base MORALEJA DEL VINO;ZAMORA
37370;37294;19.227414276284158;37370;VILLASECO DE LOS REYES;298;37294;Base SANTA MARTA DE TORMES;SALAMANCA
37372;37294;9.218840881920503;37372;VILLAVERDE DE GUAREÑA;138;37294;Base SANTA MARTA DE TORMES;SALAMANCA
37373;37294;24.307095742070736;37373;VILLAVIEJA DE YELTES;688;37294;Base SANTA MARTA DE TORMES;SALAMANCA
37350;37294;30.482181776244843;37350;VILVESTRE;395;37294;Base SANTA MARTA DE TORMES;SALAMANCA
37378;37294;27.941080380574807;37378;ZAMARRA;71;37294;Base SANTA MARTA DE TORMES;SALAMANCA
37379;37294;12.528695987914043;37379;ZAMAYÓN;192;37294;Base SANTA MARTA DE TORMES;SALAMANCA
37380;37294;10.58639568115759;37380;ZARAPICOS;49;37294;Base SANTA MARTA DE TORMES;SALAMANCA
37382;37294;15.135379645800569;37382;ZORITA DE LA FRONTERA;152;37294;Base SANTA MARTA DE TORMES;SALAMANCA
40001;40194;8.422332941141638;40001;ABADES;859;40194;Base SEGOVIA;SEGOVIA
40006;40194;16.739094546496133;40006;ALDEALCORVO;18;40194;Base SEGOVIA;SEGOVIA
40008;40194;26.59585325634033;40008;ALDEALENGUA DE SANTA MARÍA;59;40194;Base SEGOVIA;SEGOVIA
40010;40194;15.388539771983002;40010;ALDEANUEVA DEL CODONAL;108;40194;Base SEGOVIA;SEGOVIA
40016;40194;20.87562674981953;40016;ALDEONTE;55;40194;Base SEGOVIA;SEGOVIA
40018;40194;9.709040069044807;40018;AÑE;66;40194;Base SEGOVIA;SEGOVIA
40019;40194;13.374764486648289;40019;ARAHUETES;31;40194;Base SEGOVIA;SEGOVIA
40020;40194;15.500981394348;40020;ARCONES;180;40194;Base SEGOVIA;SEGOVIA
40025;40194;20.39195034854422;40025;BARBOLLA;150;40194;Base SEGOVIA;SEGOVIA
40041;40194;8.863529271451302;40041;CANTIMPALOS;1427;40194;Base SEGOVIA;SEGOVIA
40043;40194;11.142668536013225;40043;CARBONERO EL MAYOR;2502;40194;Base SEGOVIA;SEGOVIA
40045;40194;17.598415804006834;40045;CASLA;155;40194;Base SEGOVIA;SEGOVIA
40047;40194;20.53505009933164;40047;CASTRO DE FUENTIDUEÑA;48;40194;Base SEGOVIA;SEGOVIA
40052;40194;23.647367207667365;40052;CEDILLO DE LA TORRE;81;40194;Base SEGOVIA;SEGOVIA
40053;40194;19.633502960298536;40053;CEREZO DE ABAJO;145;40194;Base SEGOVIA;SEGOVIA
40065;47175;13.17541058655548;40065;CHAÑE;741;47175;Base TUDELA DE DUERO;VALLADOLID
40056;40194;18.853726055762944;40056;COBOS DE FUENTIDUEÑA;28;40194;Base SEGOVIA;SEGOVIA
40059;40194;10.459083825958327;40059;COLLADO HERMOSO;118;40194;Base SEGOVIA;SEGOVIA
40068;40194;12.64792348572656;40068;DOMINGO GARCÍA;32;40194;Base SEGOVIA;SEGOVIA
40076;40194;12.568200346225584;40076;EL ESPINAR;10145;40194;Base SEGOVIA;SEGOVIA
40074;40194;9.93795050855999;40074;ESCARABAJOSA DE CABEZAS;276;40194;Base SEGOVIA;SEGOVIA
40078;47175;13.580262879759061;40078;FRESNEDA DE CUÉLLAR;170;47175;Base TUDELA DE DUERO;VALLADOLID
40079;40194;24.111008342613143;40079;FRESNO DE CANTESPINO;288;40194;Base SEGOVIA;SEGOVIA
40080;40194;22.354228832420297;40080;FRESNO DE LA FUENTE;77;40194;Base SEGOVIA;SEGOVIA
40084;47175;14.427931581671917;40084;FUENTE EL OLMO DE ÍSCAR;45;47175;Base TUDELA DE DUERO;VALLADOLID
40094;40194;8.284767422121483;40094;GARCILLÁN;515;40194;Base SEGOVIA;SEGOVIA
40097;40194;22.307551964342682;40097;GRAJERA;256;40194;Base SEGOVIA;SEGOVIA
40101;40194;7.036550441215956;40101;HONTANARES DE ERESMA;1662;40194;Base SEGOVIA;SEGOVIA
40112;40194;5.759314778840718;40112;LA LASTRILLA;4697;40194;Base SEGOVIA;SEGOVIA
40108;47175;17.808577648591076;40108;LAGUNA DE CONTRERAS;115;47175;Base TUDELA DE DUERO;VALLADOLID
40111;40194;10.46607009647652;40111;LASTRAS DEL POZO;64;40194;Base SEGOVIA;SEGOVIA
40103;40194;7.817786963415196;40103;LOS HUERTOS;170;40194;Base SEGOVIA;SEGOVIA
40115;40194;26.3300726728636;40115;MADERUELO;101;40194;Base SEGOVIA;SEGOVIA
40903;40194;9.875135122260723;40903;MARAZOLEJA;96;40194;Base SEGOVIA;SEGOVIA
40120;40194;18.32909415882193;40120;MARTÍN MUÑOZ DE LA DEHESA;307;40194;Base SEGOVIA;SEGOVIA
40121;40194;15.86767615523425;40121;MARTÍN MUÑOZ DE LAS POSADAS;249;40194;Base SEGOVIA;SEGOVIA
40122;40194;11.149725482116619;40122;MARUGÁN;763;40194;Base SEGOVIA;SEGOVIA
40123;40194;14.523505303273538;40123;MATABUENA;263;40194;Base SEGOVIA;SEGOVIA
40126;40194;13.446525624226105;40126;MELQUE DE CERCOS;65;40194;Base SEGOVIA;SEGOVIA
40129;47175;18.591855315786884;40129;MONTEJO DE ARÉVALO;161;47175;Base TUDELA DE DUERO;VALLADOLID
40130;47175;26.067109818456213;40130;MONTEJO DE LA VEGA DE LA SERREZUELA;124;47175;Base TUDELA DE DUERO;VALLADOLID
40141;40194;13.572415056080038;40141;NAVALMANZANO;1044;40194;Base SEGOVIA;SEGOVIA
40142;40194;20.993227164033094;40142;NAVARES DE AYUSO;53;40194;Base SEGOVIA;SEGOVIA
40144;40194;21.461852119737063;40144;NAVARES DE LAS CUEVAS;25;40194;Base SEGOVIA;SEGOVIA
40149;47175;15.801472881277821;40149;OLOMBRADA;503;47175;Base TUDELA DE DUERO;VALLADOLID
40150;40194;15.227169363431717;40150;OREJANA;62;40194;Base SEGOVIA;SEGOVIA
40901;40194;8.42567788356754;40901;ORTIGOSA DEL MONTE;587;40194;Base SEGOVIA;SEGOVIA
40154;40194;23.09675348281558;40154;PAJAREJOS;24;40194;Base SEGOVIA;SEGOVIA
40160;40194;12.530706071330414;40160;PINARNEGRILLO;96;40194;Base SEGOVIA;SEGOVIA
40164;40194;17.87135072845949;40164;RAPARIEGOS;194;40194;Base SEGOVIA;SEGOVIA
40168;40194;25.47717735121173;40168;RIAGUAS DE SAN BARTOLOMÉ;27;40194;Base SEGOVIA;SEGOVIA
40170;40194;22.86768807509676;40170;RIAZA;2144;40194;Base SEGOVIA;SEGOVIA
40172;40194;22.894332916992163;40172;RIOFRÍO DE RIAZA;27;40194;Base SEGOVIA;SEGOVIA
40173;40194;7.68902470147416;40173;RODA DE ERESMA;253;40194;Base SEGOVIA;SEGOVIA
40176;47175;15.504456891124745;40176;SAMBOAL;461;47175;Base TUDELA DE DUERO;VALLADOLID
40184;40194;16.0703200545814;40184;SAN PEDRO DE GAÍLLOS;311;40194;Base SEGOVIA;SEGOVIA
40180;40194;11.622989143046555;40180;SANGARCÍA;279;40194;Base SEGOVIA;SEGOVIA
40188;40194;11.93675925557102;40188;SANTIUSTE DE PEDRAZA;85;40194;Base SEGOVIA;SEGOVIA
40189;40194;16.997096725916855;40189;SANTIUSTE DE SAN JUAN BAUTISTA;535;40194;Base SEGOVIA;SEGOVIA
40190;40194;9.150085913786674;40190;SANTO DOMINGO DE PIRÓN;51;40194;Base SEGOVIA;SEGOVIA
40191;40194;19.554551786224017;40191;SANTO TOMÉ DEL PUERTO;234;40194;Base SEGOVIA;SEGOVIA
40203;40194;7.649156115575609;40203;TORRECABALLEROS;1496;40194;Base SEGOVIA;SEGOVIA
40205;40194;10.096185430626308;40205;TORREIGLESIAS;256;40194;Base SEGOVIA;SEGOVIA
40208;40194;11.81669974788871;40208;TURÉGANO;1017;40194;Base SEGOVIA;SEGOVIA
40210;40194;19.744588784946448;40210;URUEÑAS;98;40194;Base SEGOVIA;SEGOVIA
40212;40194;25.632274007051567;40212;VALDEVACAS DE MONTEJO;29;40194;Base SEGOVIA;SEGOVIA
40213;40194;12.69587068225704;40213;VALDEVACAS Y GUIJAR;80;40194;Base SEGOVIA;SEGOVIA
40220;40194;15.075545496464596;40220;VALLERUELA DE PEDRAZA;65;40194;Base SEGOVIA;SEGOVIA
40215;47175;20.385673790855506;40215;VALTIENDAS;77;47175;Base TUDELA DE DUERO;VALLADOLID
40224;40194;17.09829292063266;40224;VENTOSILLA Y TEJADILLA;17;40194;Base SEGOVIA;SEGOVIA
40229;40194;25.4078621747413;40229;VILLAVERDE DE MONTEJO;21;40194;Base SEGOVIA;SEGOVIA
40230;47175;15.05649975725003;40230;VILLEGUILLO;120;47175;Base TUDELA DE DUERO;VALLADOLID
40231;40194;9.510457623850883;40231;YANGUAS DE ERESMA;117;40194;Base SEGOVIA;SEGOVIA
40233;40194;11.499222994391223;40233;ZARZUELA DEL MONTE;498;40194;Base SEGOVIA;SEGOVIA
42004;42095;18.931965747171596;42004;ÁGREDA;3094;42095;Base GOLMAYO;SORIA
42007;42095;22.687797247209307;42007;ALCUBILLA DE AVELLANEDA;107;42095;Base GOLMAYO;SORIA
42011;42095;12.197788099139741;42011;ALDEALPOZO;18;42095;Base GOLMAYO;SORIA
42017;42095;9.911898705005559;42017;ALMAJANO;182;42095;Base GOLMAYO;SORIA
42018;42095;20.54528584889707;42018;ALMALUEZ;124;42095;Base GOLMAYO;SORIA
42023;42095;20.56684395646851;42023;ALPANSEQUE;51;42095;Base GOLMAYO;SORIA
42025;42095;22.689328526897064;42025;ARCOS DE JALÓN;1545;42095;Base GOLMAYO;SORIA
42027;42095;11.152387259696479;42027;ARÉVALO DE LA SIERRA;70;42095;Base GOLMAYO;SORIA
42030;42095;14.638916746253054;42030;BARCA;107;42095;Base GOLMAYO;SORIA
42034;42095;21.191727244620363;42034;BERATÓN;41;42095;Base GOLMAYO;SORIA
42035;42095;16.889635296288464;42035;BERLANGA DE DUERO;831;42095;Base GOLMAYO;SORIA
42037;42095;14.188509654026936;42037;BLIECOS;26;42095;Base GOLMAYO;SORIA
42049;42095;10.40403294985688;42049;CANDILICHERA;104;42095;Base GOLMAYO;SORIA
42052;42095;22.291963269666788;42052;CARACENA;14;42095;Base GOLMAYO;SORIA
42054;42095;11.729492956717493;42054;CARRASCOSA DE LA SIERRA;19;42095;Base GOLMAYO;SORIA
42057;42095;16.039655463497066;42057;CASTILRUIZ;158;42095;Base GOLMAYO;SORIA
42059;42095;13.989956282958198;42059;CENTENERA DE ANDALUZ;21;42095;Base GOLMAYO;SORIA
42063;42095;21.146923137875916;42063;CIHUELA;39;42095;Base GOLMAYO;SORIA
42068;42095;15.08378725977371;42068;COSCURITA;68;42095;Base GOLMAYO;SORIA
42069;42095;14.582195971663264;42069;COVALEDA;1574;42095;Base GOLMAYO;SORIA
42071;42095;10.446685643396806;42071;CUBO DE LA SOLANA;163;42095;Base GOLMAYO;SORIA
42075;42095;18.710563654416454;42075;DÉVANOS;72;42095;Base GOLMAYO;SORIA
42079;42095;14.134991444727504;42079;ESCOBOSA DE ALMAZÁN;20;42095;Base GOLMAYO;SORIA
42080;42095;20.795135869071462;42080;ESPEJA DE SAN MARCELINO;151;42095;Base GOLMAYO;SORIA
42085;42095;19.972471493217284;42085;FUENTEARMEGIL;150;42095;Base GOLMAYO;SORIA
42090;42095;13.073281436677084;42090;FUENTEPINILLA;78;42095;Base GOLMAYO;SORIA
42092;42095;14.328943936132536;42092;FUENTES DE MAGAÑA;51;42095;Base GOLMAYO;SORIA
42095;42095;5.0;42095;GOLMAYO;3059;42095;Base GOLMAYO;SORIA
42096;42095;13.022532632711762;42096;GÓMARA;288;42095;Base GOLMAYO;SORIA
42098;42095;16.039165859025516;42098;HERRERA DE SORIA;11;42095;Base GOLMAYO;SORIA
42100;42095;14.603609697591803;42100;HINOJOSA DEL CAMPO;25;42095;Base GOLMAYO;SORIA
42103;42095;25.421380780944055;42103;LANGA DE DUERO;716;42095;Base GOLMAYO;SORIA
42111;42095;13.32357364793111;42111;MATAMALA DE ALMAZÁN;254;42095;Base GOLMAYO;SORIA
42121;42095;16.11653708491488;42121;MONTENEGRO DE CAMEROS;45;42095;Base GOLMAYO;SORIA
42127;42095;17.981371032560958;42127;NAFRÍA DE UCERO;36;42095;Base GOLMAYO;SORIA
42129;42095;16.071638480217988;42129;NAVALENO;732;42095;Base GOLMAYO;SORIA
42130;42095;12.796408440054094;42130;NEPAS;50;42095;Base GOLMAYO;SORIA
42131;42095;13.212940339233265;42131;NOLAY;48;42095;Base GOLMAYO;SORIA
42134;42095;17.254976328610596;42134;ÓLVEGA;3838;42095;Base GOLMAYO;SORIA
42142;42095;14.471980794136101;42142;POZALMURO;46;42095;Base GOLMAYO;SORIA
42144;42095;9.320373593696583;42144;QUINTANA REDONDA;512;42095;Base GOLMAYO;SORIA
42151;42095;9.51590882141373;42151;REBOLLAR;36;42095;Base GOLMAYO;SORIA
42152;42095;18.82116064307571;42152;RECUERDA;62;42095;Base GOLMAYO;SORIA
42162;42095;21.536542233440883;42162;SAN ESTEBAN DE GORMAZ;2935;42095;Base GOLMAYO;SORIA
42167;42095;22.203659395619294;42167;SANTA MARÍA DE HUERTA;242;42095;Base GOLMAYO;SORIA
42173;42095;6.311271788247545;42173;SORIA;40750;42095;Base GOLMAYO;SORIA
42174;42095;10.361009052273946;42174;SOTILLO DEL RINCÓN;175;42095;Base GOLMAYO;SORIA
42182;42095;17.840776058415077;42182;TARODA;46;42095;Base GOLMAYO;SORIA
42187;42095;15.645646268848603;42187;TORRUBIA DE SORIA;56;42095;Base GOLMAYO;SORIA
42194;42095;17.148473060794117;42194;VALDEMALUQUE;137;42095;Base GOLMAYO;SORIA
42195;42095;16.58592163758875;42195;VALDENEBRO;94;42095;Base GOLMAYO;SORIA
42205;42095;7.339047252541677;42205;VILLACIERVOS;86;42095;Base GOLMAYO;SORIA
42206;42095;20.177607020590585;42206;VILLANUEVA DE GORMAZ;8;42095;Base GOLMAYO;SORIA
42207;42095;9.637284587079368;42207;VILLAR DEL ALA;50;42095;Base GOLMAYO;SORIA
42212;42095;17.65608497500487;42212;VILLASAYAS;60;42095;Base GOLMAYO;SORIA
42216;42095;13.272305452121326;42216;VIZMANOS;30;42095;Base GOLMAYO;SORIA
42217;42095;20.256882555435247;42217;VOZMEDIANO;33;42095;Base GOLMAYO;SORIA
47004;49125;16.05263732077339;47004;ALAEJOS;1407;49125;Base MORALEJA DEL VINO;ZAMORA
47006;47175;8.826715889335631;47006;ALDEA DE SAN MIGUEL;218;47175;Base TUDELA DE DUERO;VALLADOLID
47012;47175;12.439188495772624;47012;BAHABÓN;93;47175;Base TUDELA DE DUERO;VALLADOLID
47014;47175;16.39715815490983;47014;BARRUELO DEL VALLE;52;47175;Base TUDELA DE DUERO;VALLADOLID
47015;34079;19.394606204119796;47015;BECILLA DE VALDERADUEY;200;34079;Base GRIJOTA;PALENCIA
47016;49125;14.531717033772933;47016;BENAFARCES;70;49125;Base MORALEJA DEL VINO;ZAMORA
47018;47175;15.290003508492022;47018;BERCERUELO;36;47175;Base TUDELA DE DUERO;VALLADOLID
47022;47175;16.650743249773704;47022;BOCOS DE DUERO;81;47175;Base TUDELA DE DUERO;VALLADOLID
47023;47175;8.01377244673676;47023;BOECILLO;4357;47175;Base TUDELA DE DUERO;VALLADOLID
47028;34079;18.440530393088316;47028;CABEZÓN DE VALDERADUEY;33;34079;Base GRIJOTA;PALENCIA
47030;47175;14.17824447211598;47030;CAMPASPERO;1004;47175;Base TUDELA DE DUERO;VALLADOLID
47033;47175;15.660246103333648;47033;CANALEJAS DE PEÑAFIEL;252;47175;Base TUDELA DE DUERO;VALLADOLID
47034;47175;16.56031945783939;47034;CANILLAS DE ESGUEVA;73;47175;Base TUDELA DE DUERO;VALLADOLID
47036;49125;15.085448222708878;47036;CASASOLA DE ARIÓN;215;49125;Base MORALEJA DEL VINO;ZAMORA
47037;49125;17.77407162535423;47037;CASTREJÓN DE TRABANCOS;176;49125;Base MORALEJA DEL VINO;ZAMORA
47038;47175;17.815597789592072;47038;CASTRILLO DE DUERO;121;47175;Base TUDELA DE DUERO;VALLADOLID
47039;47175;10.969792475012685;47039;CASTRILLO-TEJERIEGO;152;47175;Base TUDELA DE DUERO;VALLADOLID
47048;34079;17.838067340904345;47048;CEINOS DE CAMPOS;172;34079;Base GRIJOTA;PALENCIA
47050;47175;10.937375936091385;47050;CIGALES;5364;47175;Base TUDELA DE DUERO;VALLADOLID
47053;47175;10.431590617057955;47053;COGECES DE ÍSCAR;144;47175;Base TUDELA DE DUERO;VALLADOLID
47056;47175;17.313418502707357;47056;CORRALES DE DUERO;105;47175;Base TUDELA DE DUERO;VALLADOLID
47031;47175;18.972219302169258;47031;EL CAMPILLO;198;47175;Base TUDELA DE DUERO;VALLADOLID
47061;47175;11.809942465685184;47061;ESGUEVILLAS DE ESGUEVA;258;47175;Base TUDELA DE DUERO;VALLADOLID
47066;47175;10.623919832841372;47066;FUENSALDAÑA;2137;47175;Base TUDELA DE DUERO;VALLADOLID
47075;47175;11.7593546797825;47075;ÍSCAR;6396;47175;Base TUDELA DE DUERO;VALLADOLID
47079;47175;14.60910075118125;47079;LLANO DE OLMEDO;161;47175;Base TUDELA DE DUERO;VALLADOLID
47078;47175;20.245607646334143;47078;LOMOVIEJO;51;47175;Base TUDELA DE DUERO;VALLADOLID
47082;47175;12.086919203999685;47082;MATAPOZUELOS;1015;47175;Base TUDELA DE DUERO;VALLADOLID
47086;34079;16.623663943785395;47086;MEDINA DE RIOSECO;4537;34079;Base GRIJOTA;PALENCIA
47085;47175;16.32808850706624;47085;MEDINA DEL CAMPO;20097;47175;Base TUDELA DE DUERO;VALLADOLID
47087;47175;10.354849013548758;47087;MEGECES;422;47175;Base TUDELA DE DUERO;VALLADOLID
47088;34079;18.855723430629293;47088;MELGAR DE ABAJO;114;34079;Base GRIJOTA;PALENCIA
47093;47175;8.609479002652026;47093;MONTEMAYOR DE PILILLA;860;47175;Base TUDELA DE DUERO;VALLADOLID
47095;47175;15.867690100548291;47095;MORALEJA DE LAS PANADERAS;38;47175;Base TUDELA DE DUERO;VALLADOLID
47113;49125;15.648203087313481;47113;PEDROSA DEL REY;148;49125;Base MORALEJA DEL VINO;ZAMORA
47116;47175;14.770586021607976;47116;PESQUERA DE DUERO;423;47175;Base TUDELA DE DUERO;VALLADOLID
47117;47175;10.601038420666622;47117;PIÑA DE ESGUEVA;310;47175;Base TUDELA DE DUERO;VALLADOLID
47118;47175;15.207997024632965;47118;PIÑEL DE ABAJO;163;47175;Base TUDELA DE DUERO;VALLADOLID
47121;49125;17.088659536108175;47121;POLLOS;562;49125;Base MORALEJA DEL VINO;ZAMORA
47122;47175;8.187492847874111;47122;PORTILLO;2368;47175;Base TUDELA DE DUERO;VALLADOLID
47128;49125;21.66146202813292;47128;QUINTANILLA DEL MOLAR;47;49125;Base MORALEJA DEL VINO;ZAMORA
47132;47175;16.73547772047795;47132;RAMIRO;46;47175;Base TUDELA DE DUERO;VALLADOLID
47134;49125;22.70546538461755;47134;ROALES DE CAMPOS;165;49125;Base MORALEJA DEL VINO;ZAMORA
47135;47175;12.519021518999725;47135;ROBLADILLO;87;47175;Base TUDELA DE DUERO;VALLADOLID
47141;47175;20.708342002999938;47141;SALVADOR DE ZAPARDIEL;103;47175;Base TUDELA DE DUERO;VALLADOLID
47143;47175;17.08409783162608;47143;SAN LLORENTE;94;47175;Base TUDELA DE DUERO;VALLADOLID
47146;47175;12.837989295245091;47146;SAN MIGUEL DEL PINO;367;47175;Base TUDELA DE DUERO;VALLADOLID
47150;49125;13.473270227158286;47150;SAN ROMÁN DE HORNIJA;301;49125;Base MORALEJA DEL VINO;ZAMORA
47153;34079;17.68154340921557;47153;SANTERVÁS DE CAMPOS;108;34079;Base GRIJOTA;PALENCIA
47155;47175;9.23540871381875;47155;SANTOVENIA DE PISUERGA;4703;47175;Base TUDELA DE DUERO;VALLADOLID
47160;49125;16.23342872650722;47160;SIETE IGLESIAS DE TRABANCOS;419;49125;Base MORALEJA DEL VINO;ZAMORA
47161;47175;10.623769945844217;47161;SIMANCAS;5538;47175;Base TUDELA DE DUERO;VALLADOLID
47164;47175;19.874008267169224;47164;TORDEHUMOS;375;47175;Base TUDELA DE DUERO;VALLADOLID
47169;47175;15.248114928751843;47169;TORRE DE ESGUEVA;62;47175;Base TUDELA DE DUERO;VALLADOLID
47167;49125;17.317082018444236;47167;TORRECILLA DE LA ORDEN;227;49125;Base MORALEJA DEL VINO;ZAMORA
47175;47175;5.0;47175;TUDELA DE DUERO;8786;47175;Base TUDELA DE DUERO;VALLADOLID
47177;34079;20.84237207770778;47177;URONES DE CASTROPONCE;100;34079;Base GRIJOTA;PALENCIA
47179;47175;11.751443196033431;47179;VALBUENA DE DUERO;399;47175;Base TUDELA DE DUERO;VALLADOLID
47182;47175;10.447363086538282;47182;VALDESTILLAS;1612;47175;Base TUDELA DE DUERO;VALLADOLID
47184;47175;11.659991304567907;47184;VALORIA LA BUENA;745;47175;Base TUDELA DE DUERO;VALLADOLID
47185;34079;17.261027329413928;47185;VALVERDE DE CAMPOS;91;34079;Base GRIJOTA;PALENCIA
47187;34079;17.63276090198267;47187;VEGA DE RUIPONCE;81;34079;Base GRIJOTA;PALENCIA
47190;47175;14.684704372886788;47190;VELILLA;113;47175;Base TUDELA DE DUERO;VALLADOLID
47204;49125;13.157278320473226;47204;VILLAFRANCA DE DUERO;241;49125;Base MORALEJA DEL VINO;ZAMORA
47205;34079;20.16238575910333;47205;VILLAFRECHÓS;468;34079;Base GRIJOTA;PALENCIA
47207;49125;19.273076745035368;47207;VILLAGARCÍA DE CAMPOS;288;49125;Base MORALEJA DEL VINO;ZAMORA
47208;34079;18.013577236909356;47208;VILLAGÓMEZ LA NUEVA;51;34079;Base GRIJOTA;PALENCIA
47211;34079;19.16848427122646;47211;VILLALBA DE LA LOMA;58;34079;Base GRIJOTA;PALENCIA
47215;34079;19.477221478397645;47215;VILLAMURIEL DE CAMPOS;51;34079;Base GRIJOTA;PALENCIA
47219;34079;16.900838703074864;47219;VILLANUEVA DE LA CONDESA;59;34079;Base GRIJOTA;PALENCIA
47220;49125;17.908766101503502;47220;VILLANUEVA DE LOS CABALLEROS;157;49125;Base MORALEJA DEL VINO;ZAMORA
47222;34079;15.431580552601169;47222;VILLANUEVA DE SAN MANCIO;102;34079;Base GRIJOTA;PALENCIA
47228;47175;18.15917852545049;47228;VILLAVERDE DE MEDINA;529;47175;Base TUDELA DE DUERO;VALLADOLID
47229;34079;19.766337310817427;47229;VILLAVICENCIO DE LOS CABALLEROS;221;34079;Base GRIJOTA;PALENCIA
47230;47175;13.14888362207305;47230;WAMBA;295;47175;Base TUDELA DE DUERO;VALLADOLID
47231;47175;10.16507867299712;47231;ZARATÁN;6383;47175;Base TUDELA DE DUERO;VALLADOLID
49003;49125;22.271225398767285;49003;ALCAÑICES;1061;49125;Base MORALEJA DEL VINO;ZAMORA
49006;49125;8.33611784071086;49006;ALGODRE;135;49125;Base MORALEJA DEL VINO;ZAMORA
49014;49125;12.51007088664618;49014;ARQUILLINOS;113;49125;Base MORALEJA DEL VINO;ZAMORA
49021;49125;21.365244729639166;49021;BENAVENTE;17246;49125;Base MORALEJA DEL VINO;ZAMORA
49023;49125;15.784483977336093;49023;BERMILLO DE SAYAGO;1026;49125;Base MORALEJA DEL VINO;ZAMORA
49025;49125;17.79148508238174;49025;BRETÓ;166;49125;Base MORALEJA DEL VINO;ZAMORA
49032;49125;23.39237933392187;49032;CALZADILLA DE TERA;287;49125;Base MORALEJA DEL VINO;ZAMORA
49035;49125;14.934670676111637;49035;CAÑIZO;201;49125;Base MORALEJA DEL VINO;ZAMORA
49036;49125;14.679405422466568;49036;CARBAJALES DE ALBA;466;49125;Base MORALEJA DEL VINO;ZAMORA
49037;49125;18.157362444182837;49037;CARBELLINO;182;49125;Base MORALEJA DEL VINO;ZAMORA
49040;49125;15.307782815641337;49040;CASTRILLO DE LA GUAREÑA;118;49125;Base MORALEJA DEL VINO;ZAMORA
49041;49125;21.04672367458299;49041;CASTROGONZALO;430;49125;Base MORALEJA DEL VINO;ZAMORA
49044;49125;6.7754392909406995;49044;CAZURRA;74;49125;Base MORALEJA DEL VINO;ZAMORA
49050;24115;19.50376012372939;49050;COBREROS;545;24115;Base PONFERRADA;El Bierzo
49052;24142;20.66688160020646;49052;COOMONTE;179;24142;Base SAN ANDRÉS DEL RABANEDO;LEÓN
49053;49125;7.730616341394058;49053;CORESES;1037;49125;Base MORALEJA DEL VINO;ZAMORA
49056;49125;8.87804383384077;49056;CUBILLOS;295;49125;Base MORALEJA DEL VINO;ZAMORA
49061;49125;7.4862055121063165;49061;ENTRALA;127;49125;Base MORALEJA DEL VINO;ZAMORA
49063;49125;17.457546359986516;49063;FARAMONTANOS DE TÁBARA;340;49125;Base MORALEJA DEL VINO;ZAMORA
49066;49125;21.289967329850057;49066;FERRERAS DE ABAJO;451;49125;Base MORALEJA DEL VINO;ZAMORA
49075;24142;21.386893310239575;49075;FRESNO DE LA POLVOROSA;114;24142;Base SAN ANDRÉS DEL RABANEDO;LEÓN
49076;49125;7.892356906560018;49076;FRESNO DE LA RIBERA;342;49125;Base MORALEJA DEL VINO;ZAMORA
49080;49125;13.888417646041063;49080;FUENTELAPEÑA;599;49125;Base MORALEJA DEL VINO;ZAMORA
49082;49125;21.594851180118507;49082;FUENTES DE ROPEL;361;49125;Base MORALEJA DEL VINO;ZAMORA
49084;49125;9.183204423332485;49084;FUENTESPREADAS;290;49125;Base MORALEJA DEL VINO;ZAMORA
49087;49125;19.364192847661176;49087;GALLEGOS DEL RÍO;467;49125;Base MORALEJA DEL VINO;ZAMORA
49088;49125;16.874440422025103;49088;GAMONES;92;49125;Base MORALEJA DEL VINO;ZAMORA
49092;24142;23.39184308244098;49092;GRANUCILLO;104;24142;Base SAN ANDRÉS DEL RABANEDO;LEÓN
49096;49125;7.089520089350739;49096;JAMBRINA;149;49125;Base MORALEJA DEL VINO;ZAMORA
49095;49125;9.229872101432203;49095;LA HINIESTA;307;49125;Base MORALEJA DEL VINO;ZAMORA
49220;24142;20.983337532279087;49220;LA TORRE DEL VALLE;125;24142;Base SAN ANDRÉS DEL RABANEDO;LEÓN
49098;49125;16.663651236501224;49098;LOSACINO;187;49125;Base MORALEJA DEL VINO;ZAMORA
49099;49125;16.507669384821305;49099;LOSACIO;89;49125;Base MORALEJA DEL VINO;ZAMORA
49103;49125;6.278552231614121;49103;MADRIDANOS;453;49125;Base MORALEJA DEL VINO;ZAMORA
49108;49125;13.868469842435792;49108;MANGANESES DE LA LAMPREANA;439;49125;Base MORALEJA DEL VINO;ZAMORA
49110;24115;22.21467606512723;49110;MANZANAL DE ARRIBA;350;24115;Base PONFERRADA;El Bierzo
49113;24142;20.326220409256408;49113;MATILLA DE ARZÓN;157;24142;Base SAN ANDRÉS DEL RABANEDO;LEÓN
49115;49125;12.171191369738416;49115;MAYALDE;152;49125;Base MORALEJA DEL VINO;ZAMORA
49119;49125;8.650035147866628;49119;MOLACILLOS;233;49125;Base MORALEJA DEL VINO;ZAMORA
49122;49125;8.000518489957026;49122;MONFARRACINOS;995;49125;Base MORALEJA DEL VINO;ZAMORA
49125;49125;5.0;49125;MORALEJA DEL VINO;1806;49125;Base MORALEJA DEL VINO;ZAMORA
49129;49125;13.215186841355392;49129;MORALES DE TORO;919;49125;Base MORALEJA DEL VINO;ZAMORA
49131;49125;15.929412859334336;49131;MORALINA;219;49125;Base MORALEJA DEL VINO;ZAMORA
49133;49125;16.299239243858764;49133;MORERUELA DE TÁBARA;288;49125;Base MORALEJA DEL VINO;ZAMORA
49134;24115;19.017590714701694;49134;MUELAS DE LOS CABALLEROS;188;24115;Base PONFERRADA;El Bierzo
49137;49125;20.335758010062065;49137;NAVIANOS DE VALVERDE;163;49125;Base MORALEJA DEL VINO;ZAMORA
49138;49125;15.801416690344544;49138;OLMILLOS DE CASTRO;193;49125;Base MORALEJA DEL VINO;ZAMORA
49141;49125;12.746716985175535;49141;PAJARES DE LA LAMPREANA;280;49125;Base MORALEJA DEL VINO;ZAMORA
49150;24115;21.10596898739757;49150;PEQUE;122;24115;Base PONFERRADA;El Bierzo
49154;24115;21.650662896659792;49154;PÍAS;94;24115;Base PONFERRADA;El Bierzo
49156;49125;13.29598954668128;49156;PINILLA DE TORO;184;49125;Base MORALEJA DEL VINO;ZAMORA
49167;49125;19.876066384877383;49167;PUEBLICA DE VALVERDE;177;49125;Base MORALEJA DEL VINO;ZAMORA
49170;49125;22.868844291924923;49170;QUINTANILLA DE URZ;97;49125;Base MORALEJA DEL VINO;ZAMORA
49169;49125;19.57157298787504;49169;QUINTANILLA DEL OLMO;45;49125;Base MORALEJA DEL VINO;ZAMORA
49172;49125;21.447091148084276;49172;RABANALES;488;49125;Base MORALEJA DEL VINO;ZAMORA
49174;24115;20.989943875853605;49174;REQUEJO;111;24115;Base PONFERRADA;El Bierzo
49177;24115;23.416081530643314;49177;RIONEGRO DEL PUENTE;234;24115;Base PONFERRADA;El Bierzo
49181;24115;18.9667787716393;49181;ROSINOS DE LA REQUEJADA;305;24115;Base PONFERRADA;El Bierzo
49187;24142;22.116326417273903;49187;SAN CRISTÓBAL DE ENTREVIÑAS;1318;24142;Base SAN ANDRÉS DEL RABANEDO;LEÓN
49189;24115;17.573534006287346;49189;SAN JUSTO;215;24115;Base PONFERRADA;El Bierzo
49193;24115;24.28674309763385;49193;SAN PEDRO DE CEQUE;421;24115;Base PONFERRADA;El Bierzo
49197;49125;8.785472222095029;49197;SANTA CLARA DE AVEDILLO;159;49125;Base MORALEJA DEL VINO;ZAMORA
49201;49125;22.369932207458003;49201;SANTA CROYA DE TERA;260;49125;Base MORALEJA DEL VINO;ZAMORA
49202;49125;13.564712611984232;49202;SANTA EUFEMIA DEL BARCO;169;49125;Base MORALEJA DEL VINO;ZAMORA
49203;24142;21.538839002110993;49203;SANTA MARÍA DE LA VEGA;290;24142;Base SAN ANDRÉS DEL RABANEDO;LEÓN
49204;49125;20.667080347273142;49204;SANTA MARÍA DE VALVERDE;51;49125;Base MORALEJA DEL VINO;ZAMORA
49205;49125;21.992104185482038;49205;SANTIBÁÑEZ DE TERA;358;49125;Base MORALEJA DEL VINO;ZAMORA
49207;49125;17.704364731088265;49207;SANTOVENIA;227;49125;Base MORALEJA DEL VINO;ZAMORA
49210;49125;7.216522448962088;49210;SANZOLES;466;49125;Base MORALEJA DEL VINO;ZAMORA
49214;49125;17.959385532877587;49214;TÁBARA;748;49125;Base MORALEJA DEL VINO;ZAMORA
49219;49125;11.199626924034188;49219;TORO;8369;49125;Base MORALEJA DEL VINO;ZAMORA
49222;49125;9.682377560275437;49222;TORRES DEL CARRIZAL;407;49125;Base MORALEJA DEL VINO;ZAMORA
49227;49125;8.345744246341543;49227;VALCABADO;415;49125;Base MORALEJA DEL VINO;ZAMORA
49231;49125;24.406500010146086;49231;VEGA DE TERA;287;49125;Base MORALEJA DEL VINO;ZAMORA
49237;49125;14.819461894063984;49237;VIDEMALA;140;49125;Base MORALEJA DEL VINO;ZAMORA
49238;24142;22.09274510545376;49238;VILLABRÁZARO;263;24142;Base SAN ANDRÉS DEL RABANEDO;LEÓN
49242;49125;16.756945404414235;49242;VILLAFÁFILA;440;49125;Base MORALEJA DEL VINO;ZAMORA
49243;24142;21.470005638265935;49243;VILLAFERRUEÑA;106;24142;Base SAN ANDRÉS DEL RABANEDO;LEÓN
49244;24142;21.76707204646999;49244;VILLAGERIZ;64;24142;Base SAN ANDRÉS DEL RABANEDO;LEÓN
49245;49125;6.813178309853385;49245;VILLALAZÁN;248;49125;Base MORALEJA DEL VINO;ZAMORA
49247;49125;14.04926644689149;49247;VILLALCAMPO;379;49125;Base MORALEJA DEL VINO;ZAMORA
49257;49125;20.603646444724347;49257;VILLANUEVA DE AZOAGUE;381;49125;Base MORALEJA DEL VINO;ZAMORA
49258;49125;9.156578683024811;49258;VILLANUEVA DE CAMPEÁN;117;49125;Base MORALEJA DEL VINO;ZAMORA
49263;49125;20.749420440046244;49263;VILLAR DE FALLAVES;49;49125;Base MORALEJA DEL VINO;ZAMORA
49264;49125;17.859303428685262;49264;VILLAR DEL BUEY;514;49125;Base MORALEJA DEL VINO;ZAMORA
49261;49125;6.06511092894605;49261;VILLARALBO;1805;49125;Base MORALEJA DEL VINO;ZAMORA
49266;49125;16.64172875428875;49266;VILLÁRDIGA;62;49125;Base MORALEJA DEL VINO;ZAMORA
49271;49125;18.85412608593511;49271;VILLAVEZA DEL AGUA;163;49125;Base MORALEJA DEL VINO;ZAMORA
49275;49125;7.498661087093144;49275;ZAMORA;59506;49125;Base MORALEJA DEL VINO;ZAMORA
5012;5057;19.20807528170896;5012;AMAVIDA;133;5057;Base CEBREROS;ÁVILA
5014;5057;21.297947819487394;5014;ARENAS DE SAN PEDRO;6438;5057;Base CEBREROS;ÁVILA
5017;5057;18.15151983112932;5017;AVEINTE;73;5057;Base CEBREROS;ÁVILA
5018;37294;22.90824090331607;5018;AVELLANEDA;23;37294;Base SANTA MARTA DE TORMES;SALAMANCA
5019;5057;13.12943393529327;5019;ÁVILA;58111;5057;Base CEBREROS;ÁVILA
5024;37294;21.513460139640152;5024;BECEDAS;151;37294;Base SANTA MARTA DE TORMES;SALAMANCA
5025;37294;19.246162993187166;5025;BECEDILLAS;69;37294;Base SANTA MARTA DE TORMES;SALAMANCA
5026;37294;20.394798570039015;5026;BERCIAL DE ZAPARDIEL;173;37294;Base SANTA MARTA DE TORMES;SALAMANCA
5033;37294;18.22160975323889;5033;BLASCOMILLÁN;170;37294;Base SANTA MARTA DE TORMES;SALAMANCA
5038;37294;20.23468268895226;5038;BONILLA DE LA SIERRA;163;37294;Base SANTA MARTA DE TORMES;SALAMANCA
5039;5057;19.73388645298722;5039;BRABOS;35;5057;Base CEBREROS;ÁVILA
5040;5057;17.32026999730879;5040;BULARROS;55;5057;Base CEBREROS;ÁVILA
5041;5057;12.513497114279037;5041;BURGOHONDO;1249;5057;Base CEBREROS;ÁVILA
5043;37294;20.562208079788963;5043;CABEZAS DEL POZO;82;37294;Base SANTA MARTA DE TORMES;SALAMANCA
5044;37294;16.942038713244937;5044;CABEZAS DEL VILLAR;224;37294;Base SANTA MARTA DE TORMES;SALAMANCA
5047;5057;25.12680915853312;5047;CANDELEDA;5031;5057;Base CEBREROS;ÁVILA
5049;5057;15.833228211250312;5049;CARDEÑOSA;419;5057;Base CEBREROS;ÁVILA
5052;37294;21.184781866790953;5052;CASAS DEL PUERTO;83;37294;Base SANTA MARTA DE TORMES;SALAMANCA
5053;5057;15.565790192815616;5053;CASASOLA;63;5057;Base CEBREROS;ÁVILA
5055;5057;9.704958538991733;5055;CASILLAS;669;5057;Base CEBREROS;ÁVILA
5058;5057;18.494709240015645;5058;CEPEDA LA MORA;66;5057;Base CEBREROS;ÁVILA
5067;5057;18.614271163872296;5067;CHAMARTÍN;62;5057;Base CEBREROS;ÁVILA
5065;37294;20.328162475216203;5065;CRESPOS;482;37294;Base SANTA MARTA DE TORMES;SALAMANCA
5066;5057;18.49988031590493;5066;CUEVAS DEL VALLE;517;5057;Base CEBREROS;ÁVILA
5903;37294;16.119670967133178;5903;DIEGO DEL CARPIO;106;37294;Base SANTA MARTA DE TORMES;SALAMANCA
5069;40194;21.486956473811837;5069;DONJIMENO;72;40194;Base SEGOVIA;SEGOVIA
5021;37294;23.169488338119923;5021;EL BARCO DE ÁVILA;2297;37294;Base SANTA MARTA DE TORMES;SALAMANCA
5076;5057;13.302973160945179;5076;EL FRESNO;591;5057;Base CEBREROS;ÁVILA
5100;5057;21.026263083458574;5100;EL HORNILLO;280;5057;Base CEBREROS;ÁVILA
5102;5057;6.728177267513525;5102;EL HOYO DE PINARES;2183;5057;Base CEBREROS;ÁVILA
5180;37294;20.39864450341619;5180;EL PARRAL;62;37294;Base SANTA MARTA DE TORMES;SALAMANCA
5074;37294;20.214020584006;5074;FONTIVEROS;725;37294;Base SANTA MARTA DE TORMES;SALAMANCA
5075;5057;12.666983343199604;5075;FRESNEDILLA;97;5057;Base CEBREROS;ÁVILA
5086;37294;16.849926041460563;5086;GIMIALCÓN;66;37294;Base SANTA MARTA DE TORMES;SALAMANCA
5099;37294;17.852030418218593;5099;HORCAJO DE LAS TORRES;441;37294;Base SANTA MARTA DE TORMES;SALAMANCA
5101;5057;16.919662985955668;5101;HOYOCASERO;311;5057;Base CEBREROS;ÁVILA
5103;37294;20.629513958729014;5103;HOYORREDONDO;59;37294;Base SANTA MARTA DE TORMES;SALAMANCA
5107;37294;19.25373852049949;5107;HURTUMPASCUAL;42;37294;Base SANTA MARTA DE TORMES;SALAMANCA
5108;37294;21.422911549093833;5108;JUNCIANA;40;37294;Base SANTA MARTA DE TORMES;SALAMANCA
5010;37294;22.163486673737022;5010;LA ALDEHUELA;143;37294;Base SANTA MARTA DE TORMES;SALAMANCA
5061;5057;14.074500551439145;5061;LA COLILLA;375;5057;Base CEBREROS;ÁVILA
5232;5057;14.27069758491495;5232;LA SERRADA;135;5057;Base CEBREROS;ÁVILA
5247;5057;17.22792205614953;5247;LA TORRE;38;5057;Base CEBREROS;ÁVILA
5109;40194;21.89245065167939;5109;LANGA;450;40194;Base SEGOVIA;SEGOVIA
5116;37294;19.514467331841992;5116;MALPARTIDA DE CORNEJA;91;37294;Base SANTA MARTA DE TORMES;SALAMANCA
5124;37294;20.46706722698132;5124;MEDINILLA;77;37294;Base SANTA MARTA DE TORMES;SALAMANCA
5136;5057;20.05920317275075;5136;MUÑICO;80;5057;Base CEBREROS;ÁVILA
5141;5057;14.83768183586;5141;MUÑOPEPE;104;5057;Base CEBREROS;ÁVILA
5147;37294;18.383503797435466;5147;NARROS DEL CASTILLO;152;37294;Base SANTA MARTA DE TORMES;SALAMANCA
5148;5057;17.38994269468854;5148;NARROS DEL PUERTO;28;5057;Base CEBREROS;ÁVILA
5152;40194;19.93449546269791;5152;NAVA DE ARÉVALO;663;40194;Base SEGOVIA;SEGOVIA
5154;5057;19.317995554089073;5154;NAVADIJOS;29;5057;Base CEBREROS;ÁVILA
5155;37294;21.62905475576861;5155;NAVAESCURIAL;53;37294;Base SANTA MARTA DE TORMES;SALAMANCA
5158;5057;11.897328290768309;5158;NAVALMORAL;412;5057;Base CEBREROS;ÁVILA
5167;5057;15.317879137916652;5167;NAVARREVISCA;299;5057;Base CEBREROS;ÁVILA
5182;5057;17.219642054959724;5182;PEDRO BERNARDO;758;5057;Base CEBREROS;ÁVILA
5184;5057;12.448998446231412;5184;PEGUERINOS;294;5057;Base CEBREROS;ÁVILA
5188;5057;19.583510388869776;5188;POVEDA;33;5057;Base CEBREROS;ÁVILA
5190;5057;16.483924787231437;5190;POZANCO;60;5057;Base CEBREROS;ÁVILA
5191;5057;19.29663152462055;5191;PRADOSEGAR;117;5057;Base CEBREROS;ÁVILA
5192;37294;25.010906888048275;5192;PUERTO CASTILLA;98;37294;Base SANTA MARTA DE TORMES;SALAMANCA
5194;5057;18.91486576876798;5194;RIOCABADO;125;5057;Base CEBREROS;ÁVILA
5200;37294;19.960925776631118;5200;SAN BARTOLOMÉ DE CORNEJA;35;37294;Base SANTA MARTA DE TORMES;SALAMANCA
5206;5057;14.574389841311643;5206;SAN ESTEBAN DE LOS PATOS;20;5057;Base CEBREROS;ÁVILA
5208;47175;21.612531498796262;5208;SAN ESTEBAN DE ZAPARDIEL;40;47175;Base TUDELA DE DUERO;VALLADOLID
5207;5057;18.08326191468327;5207;SAN ESTEBAN DEL VALLE;734;5057;Base CEBREROS;ÁVILA
5901;5057;23.398494294605783;5901;SAN JUAN DE GREDOS;228;5057;Base CEBREROS;ÁVILA
5212;5057;13.189219211595143;5212;SAN JUAN DEL MOLINILLO;234;5057;Base CEBREROS;ÁVILA
5214;37294;22.86484807271504;5214;SAN LORENZO DE TORMES;30;37294;Base SANTA MARTA DE TORMES;SALAMANCA
5215;5057;20.98872729252356;5215;SAN MARTÍN DE LA VEGA DEL ALBERCHE;153;5057;Base CEBREROS;ÁVILA
5216;5057;18.911821655916278;5216;SAN MARTÍN DEL PIMPOLLAR;219;5057;Base CEBREROS;ÁVILA
5217;37294;21.091284684934777;5217;SAN MIGUEL DE CORNEJA;70;37294;Base SANTA MARTA DE TORMES;SALAMANCA
5204;40194;15.60277895776095;5204;SANCHIDRIÁN;708;40194;Base SEGOVIA;SEGOVIA
5226;37294;22.52155561417522;5226;SANTA MARÍA DE LOS CABALLEROS;72;37294;Base SANTA MARTA DE TORMES;SALAMANCA
5224;5057;16.527646320319274;5224;SANTA MARÍA DEL ARROYO;102;5057;Base CEBREROS;ÁVILA
5227;5057;10.028276879853621;5227;SANTA MARÍA DEL TIÉTAR;553;5057;Base CEBREROS;ÁVILA
5904;37294;24.52698285806597;5904;SANTIAGO DEL TORMES;107;37294;Base SANTA MARTA DE TORMES;SALAMANCA
5239;5057;14.276942775909912;5239;SOTALBO;245;5057;Base CEBREROS;ÁVILA
5242;40194;18.82594686053622;5242;TIÑOSILLOS;756;40194;Base SEGOVIA;SEGOVIA
5246;37294;19.53780224373809;5246;TÓRTOLES;212;37294;Base SANTA MARTA DE TORMES;SALAMANCA
5249;37294;24.257792428993884;5249;UMBRÍAS;100;37294;Base SANTA MARTA DE TORMES;SALAMANCA
5254;40194;16.868319347873786;5254;VELAYOS;217;40194;Base SEGOVIA;SEGOVIA
5256;5057;18.18760649176545;5256;VILLAFLOR;99;5057;Base CEBREROS;ÁVILA
5905;5057;13.583417956761302;5905;VILLANUEVA DE ÁVILA;227;5057;Base CEBREROS;ÁVILA
5258;40194;18.69132718353728;5258;VILLANUEVA DE GÓMEZ;115;40194;Base SEGOVIA;SEGOVIA
5261;37294;20.098676550189044;5261;VILLAR DE CORNEJA;36;37294;Base SANTA MARTA DE TORMES;SALAMANCA
5262;5057;18.328333210980457;5262;VILLAREJO DEL VALLE;314;5057;Base CEBREROS;ÁVILA
5266;37294;17.38506470756071;5266;ZAPARDIEL DE LA CAÑADA;84;37294;Base SANTA MARTA DE TORMES;SALAMANCA
5267;37294;24.345234477709393;5267;ZAPARDIEL DE LA RIBERA;92;37294;Base SANTA MARTA DE TORMES;SALAMANCA
9010;9059;13.726245228372404;9010;ALCOCERO DE MOLA;41;9059;Base BURGOS;BURGOS
9907;9059;6.505111694593268;9907;ALFOZ DE QUINTANADUEÑAS;2133;9059;Base BURGOS;BURGOS
9013;9059;21.100894466165705;9013;ALTABLE;47;9059;Base BURGOS;BURGOS
9022;9059;22.64488868940406;9022;ARAUZO DE TORRE;61;9059;Base BURGOS;BURGOS
9023;9059;7.5999010874332384;9023;ARCOS;1835;9059;Base BURGOS;BURGOS
9024;9059;16.88003434387796;9024;ARENILLAS DE RIOPISUERGA;166;9059;Base BURGOS;BURGOS
9032;9059;16.188565075634628;9032;AVELLANOSA DE MUÑÓ;96;9059;Base BURGOS;BURGOS
9036;9059;15.619100172449322;9036;BAÑUELOS DE BUREBA;31;9059;Base BURGOS;BURGOS
9039;9059;17.64441843409518;9039;BARBADILLO DEL PEZ;66;9059;Base BURGOS;BURGOS
9050;9059;27.65448781453974;9050;BERBERANA;48;9059;Base BURGOS;BURGOS
9058;9059;7.789108968475217;9058;BUNIEL;612;9059;Base BURGOS;BURGOS
9060;9059;18.748710427363;9060;BUSTO DE BUREBA;143;9059;Base BURGOS;BURGOS
9062;9059;21.129732739178937;9062;CABEZÓN DE LA SIERRA;36;9059;Base BURGOS;BURGOS
9064;9059;21.39408696084583;9064;CALERUEGA;400;9059;Base BURGOS;BURGOS
9075;9059;8.275364676710074;9075;CARDEÑUELA RIOPICO;111;9059;Base BURGOS;BURGOS
9078;9059;15.888582329963588;9078;CASCAJARES DE LA SIERRA;27;9059;Base BURGOS;BURGOS
9079;9059;12.434202972431835;9079;CASTELLANOS DE CASTRO;46;9059;Base BURGOS;BURGOS
9093;9059;8.322713145059506;9093;CAYUELA;189;9059;Base BURGOS;BURGOS
9098;9059;18.517951209583046;9098;CEREZO DE RÍO TIRÓN;490;9059;Base BURGOS;BURGOS
9101;9059;12.57738275851218;9101;CIADONCHA;70;9059;Base BURGOS;BURGOS
9108;9059;9.234000774176362;9108;COGOLLOS;677;9059;Base BURGOS;BURGOS
9110;9059;16.822234345434456;9110;CONTRERAS;87;9059;Base BURGOS;BURGOS
9120;9059;22.02649331225902;9120;ENCÍO;41;9059;Base BURGOS;BURGOS
9122;9059;19.485994901409224;9122;ESPINOSA DE CERVERA;85;9059;Base BURGOS;BURGOS
9128;9059;8.146935368747457;9128;FRANDOVÍNEZ;96;9059;Base BURGOS;BURGOS
9134;9059;20.690325447469533;9134;FRÍAS;270;9059;Base BURGOS;BURGOS
9139;47175;21.58044090012446;9139;FUENTEMOLINOS;91;47175;Base TUDELA DE DUERO;VALLADOLID
9148;9059;14.661451195401249;9148;GRIJALBA;112;9059;Base BURGOS;BURGOS
9151;9059;22.222345695272704;9151;GUMIEL DE IZÁN;584;9059;Base BURGOS;BURGOS
9152;9059;22.88805182342251;9152;GUMIEL DE MERCADO;380;9059;Base BURGOS;BURGOS
9159;9059;12.680252950471617;9159;HONTANAS;71;9059;Base BURGOS;BURGOS
9162;9059;9.810045978789004;9162;HONTORIA DE LA CANTERA;174;9059;Base BURGOS;BURGOS
9169;9059;15.34422248543188;9169;HORTIGÜELA;107;9059;Base BURGOS;BURGOS
9180;9059;11.527479277699658;9180;IGLESIAS;141;9059;Base BURGOS;BURGOS
9182;34079;15.443300254407957;9182;ITERO DEL CASTILLO;71;34079;Base GRIJOTA;PALENCIA
9183;9059;16.120379250058335;9183;JARAMILLO DE LA FUENTE;47;9059;Base BURGOS;BURGOS
9189;9059;27.3618271869653;9189;JUNTA DE TRASLALOMA;122;9059;Base BURGOS;BURGOS
9144;9059;21.670503668199075;9144;LA GALLEGA;39;9059;Base BURGOS;BURGOS
9365;47175;22.319332038848984;9365;LA SEQUERA DE HAZA;27;47175;Base TUDELA DE DUERO;VALLADOLID
9422;9059;17.433891649476102;9422;LA VID DE BUREBA;24;9059;Base BURGOS;BURGOS
9195;9059;15.224072879032894;9195;LLANO DE BUREBA;49;9059;Base BURGOS;BURGOS
9014;9059;19.23490015349755;9014;LOS ALTOS;186;9059;Base BURGOS;BURGOS
9043;9059;16.591418114728484;9043;LOS BARRIOS DE BUREBA;178;9059;Base BURGOS;BURGOS
9196;9059;11.0096542761504;9196;MADRIGAL DEL MONTE;143;9059;Base BURGOS;BURGOS
9199;47175;18.70747670043002;9199;MAMBRILLA DE CASTREJÓN;107;47175;Base TUDELA DE DUERO;VALLADOLID
9202;9059;11.418050693880081;9202;MANCILES;21;9059;Base BURGOS;BURGOS
9206;9059;11.296445483729212;9206;MAZUELA;56;9059;Base BURGOS;BURGOS
9208;9059;13.002243221418563;9208;MECERREYES;188;9059;Base BURGOS;BURGOS
9211;9059;17.24015400253195;9211;MELGAR DE FERNAMENTAL;1513;9059;Base BURGOS;BURGOS
9217;9059;20.287541703628015;9217;MERINDAD DE VALDIVIELSO;401;9059;Base BURGOS;BURGOS
9218;47175;25.014573178255816;9218;MILAGROS;415;47175;Base TUDELA DE DUERO;VALLADOLID
9219;9059;24.70735549176266;9219;MIRANDA DE EBRO;36018;9059;Base BURGOS;BURGOS
9223;9059;19.456972941858346;9223;MONASTERIO DE LA SIERRA;40;9059;Base BURGOS;BURGOS
9230;9059;18.3452192662318;9230;NAVAS DE BUREBA;24;9059;Base BURGOS;BURGOS
9236;9059;11.76279879325804;9236;OLMILLOS DE MUÑÓ;40;9059;Base BURGOS;BURGOS
9242;9059;15.781569445505108;9242;PADILLA DE ABAJO;67;9059;Base BURGOS;BURGOS
9247;34079;16.423884511004726;9247;PALACIOS DE RIOPISUERGA;18;34079;Base GRIJOTA;PALENCIA
9256;47175;18.966368438312426;9256;PEDROSA DE DUERO;460;47175;Base TUDELA DE DUERO;VALLADOLID
9259;9059;8.359689429233978;9259;PEDROSA DE RÍO ÚRBEL;243;9059;Base BURGOS;BURGOS
9270;9059;19.301754771210753;9270;PINILLA TRASMONTE;161;9059;Base BURGOS;BURGOS
9272;9059;15.839580673012819;9272;POZA DE LA SAL;283;9059;Base BURGOS;BURGOS
9274;9059;16.30796911140532;9274;PRADOLUENGO;1070;9059;Base BURGOS;BURGOS
9275;9059;11.468260793314993;9275;PRESENCIO;207;9059;Base BURGOS;BURGOS
9279;9059;24.635187951782388;9279;QUEMADA;238;9059;Base BURGOS;BURGOS
9283;9059;18.467985541422514;9283;QUINTANAÉLEZ;47;9059;Base BURGOS;BURGOS
9292;9059;12.533378968326115;9292;QUINTANAVIDES;64;9059;Base BURGOS;BURGOS
9304;9059;7.925148053501406;9304;RABÉ DE LAS CALZADAS;250;9059;Base BURGOS;BURGOS
9309;42095;16.93500147347073;9309;REGUMIEL DE LA SIERRA;301;42095;Base GOLMAYO;SORIA
9311;9059;15.436846998233381;9311;RETUERTA;59;9059;Base BURGOS;BURGOS
9318;9059;17.701991766033963;9318;RIOCAVADO DE LA SIERRA;55;9059;Base BURGOS;BURGOS
9337;9059;25.337779663460886;9337;SAN JUAN DEL MONTE;152;9059;Base BURGOS;BURGOS
9338;9059;7.039840578270491;9338;SAN MAMÉS DE BURGOS;310;9059;Base BURGOS;BURGOS
9343;9059;14.044059892274285;9343;SANTA CECILIA;105;9059;Base BURGOS;BURGOS
9345;47175;27.345229889205424;9345;SANTA CRUZ DE LA SALCEDA;134;47175;Base TUDELA DE DUERO;VALLADOLID
9346;9059;15.851534752334612;9346;SANTA CRUZ DEL VALLE URBIÓN;103;9059;Base BURGOS;BURGOS
9350;9059;13.810047993233109;9350;SANTA MARÍA DEL CAMPO;523;9059;Base BURGOS;BURGOS
9351;9059;11.710646367343841;9351;SANTA MARÍA DEL INVIERNO;67;9059;Base BURGOS;BURGOS
9353;9059;19.86523793671536;9353;SANTA MARÍA RIBARREDONDA;95;9059;Base BURGOS;BURGOS
9362;9059;7.515569903419847;9362;SARRACÍN;261;9059;Base BURGOS;BURGOS
9366;9059;16.26780418523242;9366;SOLARANA;77;9059;Base BURGOS;BURGOS
9373;9059;17.825545101339248;9373;SOTRESGUDO;420;9059;Base BURGOS;BURGOS
9377;9059;7.595451712742293;9377;TARDAJOS;864;9059;Base BURGOS;BURGOS
9378;9059;17.374388350069644;9378;TEJADA;35;9059;Base BURGOS;BURGOS
9380;9059;21.146456643249753;9380;TERRADILLOS DE ESGUEVA;64;9059;Base BURGOS;BURGOS
9381;9059;14.198913770587836;9381;TINIEBLAS DE LA SIERRA;23;9059;Base BURGOS;BURGOS
9384;9059;14.708183921572497;9384;TORDÓMAR;298;9059;Base BURGOS;BURGOS
9389;9059;15.430459685543488;9389;TORREPADRE;65;9059;Base BURGOS;BURGOS
9391;47175;19.478084164489722;9391;TÓRTOLES DE ESGUEVA;387;47175;Base TUDELA DE DUERO;VALLADOLID
9392;9059;15.56334405220089;9392;TOSANTOS;53;9059;Base BURGOS;BURGOS
9400;9059;26.479355821197352;9400;VADOCONDES;364;9059;Base BURGOS;BURGOS
9406;9059;10.109375198479167;9406;VALDORROS;375;9059;Base BURGOS;BURGOS
9411;9059;14.081662919555649;9411;VALLE DE OCA;163;9059;Base BURGOS;BURGOS
9902;9059;9.570135766435913;9902;VALLE DE SANTIBÁÑEZ;479;9059;Base BURGOS;BURGOS
9417;34079;15.405454152492826;9417;VALLEJERA;39;34079;Base GRIJOTA;PALENCIA
9418;9059;15.748471740831736;9418;VALLES DE PALENZUELA;75;9059;Base BURGOS;BURGOS
9429;9059;11.757669663527164;9429;VILLAESCUSA LA SOMBRÍA;60;9059;Base BURGOS;BURGOS
9430;9059;14.962176662991071;9430;VILLAESPASA;22;9059;Base BURGOS;BURGOS
9431;9059;13.964054295451188;9431;VILLAFRANCA MONTES DE OCA;122;9059;Base BURGOS;BURGOS
9439;9059;6.709930358147672;9439;VILLALBILLA DE BURGOS;1514;9059;Base BURGOS;BURGOS
9440;9059;21.288874695146045;9440;VILLALBILLA DE GUMIEL;74;9059;Base BURGOS;BURGOS
9443;9059;12.263315788634989;9443;VILLAMAYOR DE LOS MONTES;160;9059;Base BURGOS;BURGOS
9449;9059;10.265850795623374;9449;VILLANUEVA DE ARGAÑO;122;9059;Base BURGOS;BURGOS
9456;9059;12.629794553834131;9456;VILLAQUIRÁN DE LOS INFANTES;138;9059;Base BURGOS;BURGOS
9458;9059;7.240429672068981;9458;VILLARIEZO;719;9059;Base BURGOS;BURGOS
9463;9059;11.994805869213396;9463;VILLASUR DE HERREROS;273;9059;Base BURGOS;BURGOS
9466;9059;10.990567355022197;9466;VILLAVERDE DEL MONTE;108;9059;Base BURGOS;BURGOS
9467;9059;14.464549201100695;9467;VILLAVERDE-MOGINA;75;9059;Base BURGOS;BURGOS
9424;9059;18.7530518493735;9424;VILORIA DE RIOJA;37;9059;Base BURGOS;BURGOS
9478;9059;17.238024281659104;9478;VIZCAÍNOS;40;9059;Base BURGOS;BURGOS
24001;24142;22.082097596943193;24001;ACEBEDO;184;24142;Base SAN ANDRÉS DEL RABANEDO;LEÓN
24002;24142;16.93099281011311;24002;ALGADEFE;301;24142;Base SAN ANDRÉS DEL RABANEDO;LEÓN
24003;24142;20.082067791402412;24003;ALIJA DEL INFANTADO;573;24142;Base SAN ANDRÉS DEL RABANEDO;LEÓN
24004;24142;18.01186033191104;24004;ALMANZA;609;24142;Base SAN ANDRÉS DEL RABANEDO;LEÓN
24008;24142;15.912736198760694;24008;ASTORGA;10308;24142;Base SAN ANDRÉS DEL RABANEDO;LEÓN
24011;24115;13.749967377174046;24011;BARJAS;145;24115;Base PONFERRADA;El Bierzo
24020;24142;23.863100822049002;24020;BOCA DE HUÉRGANO;426;24142;Base SAN ANDRÉS DEL RABANEDO;LEÓN
24022;24115;8.350116825691769;24022;BORRENES;303;24115;Base PONFERRADA;El Bierzo
24026;24142;11.497711650968178;24026;BUSTILLO DEL PÁRAMO;1057;24142;Base SAN ANDRÉS DEL RABANEDO;LEÓN
24029;24142;20.770541057129698;24029;CABRILLANES;707;24142;Base SAN ANDRÉS DEL RABANEDO;LEÓN
24030;24115;8.27608659303845;24030;CACABELOS;4735;24115;Base PONFERRADA;El Bierzo
24031;24142;18.713864474929856;24031;CALZADA DEL COTO;223;24142;Base SAN ANDRÉS DEL RABANEDO;LEÓN
24032;24142;19.492351380591636;24032;CAMPAZAS;107;24142;Base SAN ANDRÉS DEL RABANEDO;LEÓN
24038;24115;8.079089699168183;24038;CARRACEDELO;3423;24115;Base PONFERRADA;El Bierzo
24040;24142;11.309185935309818;24040;CARROCERA;440;24142;Base SAN ANDRÉS DEL RABANEDO;LEÓN
24041;24115;9.121200858805528;24041;CARUCEDO;483;24115;Base PONFERRADA;El Bierzo
24042;24142;17.62776729506234;24042;CASTILFALÉ;62;24142;Base SAN ANDRÉS DEL RABANEDO;LEÓN
24046;24142;20.004807055893785;24046;CASTROCALBÓN;913;24142;Base SAN ANDRÉS DEL RABANEDO;LEÓN
24050;24142;16.479685267925134;24050;CASTROTIERRA DE VALMADRIGAL;105;24142;Base SAN ANDRÉS DEL RABANEDO;LEÓN
24056;24142;17.396326939980227;24056;CISTIERNA;2905;24142;Base SAN ANDRÉS DEL RABANEDO;LEÓN
24057;24115;7.74457366599913;24057;CONGOSTO;1425;24115;Base PONFERRADA;El Bierzo
24058;24142;12.123224349429846;24058;CORBILLOS DE LOS OTEROS;176;24142;Base SAN ANDRÉS DEL RABANEDO;LEÓN
24060;24142;18.749862740839397;24060;CRÉMENES;512;24142;Base SAN ANDRÉS DEL RABANEDO;LEÓN
24066;24115;18.114448364016553;24066;DESTRIANA;424;24115;Base PONFERRADA;El Bierzo
24067;24115;13.375064870577498;24067;ENCINEDO;616;24115;Base PONFERRADA;El Bierzo
24069;34079;16.68857484336281;24069;ESCOBAR DE CAMPOS;31;34079;Base GRIJOTA;PALENCIA
24074;24142;18.671978781268997;24074;FUENTES DE CARBAJAL;76;24142;Base SAN ANDRÉS DEL RABANEDO;LEÓN
24076;24142;9.216547223379617;24076;GARRAFE DE TORÍO;1640;24142;Base SAN ANDRÉS DEL RABANEDO;LEÓN
24081;24142;13.205372949906767;24081;GUSENDOS DE LOS OTEROS;126;24142;Base SAN ANDRÉS DEL RABANEDO;LEÓN
24083;24115;13.966140221524777;24083;IGÜEÑA;1049;24115;Base PONFERRADA;El Bierzo
24068;24142;15.77523296568667;24068;LA ERCINA;425;24142;Base SAN ANDRÉS DEL RABANEDO;LEÓN
24087;24142;14.021672046511469;24087;LAGUNA DALGA;626;24142;Base SAN ANDRÉS DEL RABANEDO;LEÓN
24088;24142;16.345411757145925;24088;LAGUNA DE NEGRILLOS;1046;24142;Base SAN ANDRÉS DEL RABANEDO;LEÓN
24100;24115;6.767492435341864;24100;MOLINASECA;872;24115;Base PONFERRADA;El Bierzo
24101;24115;17.88673702969448;24101;MURIAS DE PAREDES;340;24115;Base PONFERRADA;El Bierzo
24102;24115;11.720580407540279;24102;NOCEDA DEL BIERZO;605;24115;Base PONFERRADA;El Bierzo
24107;24142;14.13399127307865;24107;PAJARES DE LOS OTEROS;235;24142;Base SAN ANDRÉS DEL RABANEDO;LEÓN
24108;24142;16.22676340030732;24108;PALACIOS DE LA VALDUERNA;353;24142;Base SAN ANDRÉS DEL RABANEDO;LEÓN
24115;24115;5.0;24115;PONFERRADA;62994;24115;Base PONFERRADA;El Bierzo
24116;24142;27.55328252881006;24116;POSADA DE VALDEÓN;405;24142;Base SAN ANDRÉS DEL RABANEDO;LEÓN
24117;24142;18.771324733521666;24117;POZUELO DEL PÁRAMO;392;24142;Base SAN ANDRÉS DEL RABANEDO;LEÓN
24118;24142;19.15547341284566;24118;PRADO DE LA GUZPEÑA;104;24142;Base SAN ANDRÉS DEL RABANEDO;LEÓN
24119;24115;7.0358008433726695;24119;PRIARANZA DEL BIERZO;699;24115;Base PONFERRADA;El Bierzo
24121;24142;19.207978899724537;24121;PUEBLA DE LILLO;654;24142;Base SAN ANDRÉS DEL RABANEDO;LEÓN
24137;24142;17.498882770371612;24137;SABERO;1021;24142;Base SAN ANDRÉS DEL RABANEDO;LEÓN
24142;24142;5.0;24142;SAN ANDRÉS DEL RABANEDO;29884;24142;Base SAN ANDRÉS DEL RABANEDO;LEÓN
24146;24142;20.419560729326875;24146;SAN ESTEBAN DE NOGALES;243;24142;Base SAN ANDRÉS DEL RABANEDO;LEÓN
24150;24142;11.962757427786794;24150;SAN PEDRO BERCIANOS;226;24142;Base SAN ANDRÉS DEL RABANEDO;LEÓN
24143;24115;8.68859844183048;24143;SANCEDO;528;24115;Base PONFERRADA;El Bierzo
24153;24142;15.386295655077179;24153;SANTA CRISTINA DE VALMADRIGAL;273;24142;Base SAN ANDRÉS DEL RABANEDO;LEÓN
24160;24142;12.682110533837374;24160;SANTAS MARTAS;752;24142;Base SAN ANDRÉS DEL RABANEDO;LEÓN
24161;24115;17.087739320759418;24161;SANTIAGO MILLAS;359;24115;Base PONFERRADA;El Bierzo
24162;24142;7.070149160020163;24162;SANTOVENIA DE LA VALDONCINA;2064;24142;Base SAN ANDRÉS DEL RABANEDO;LEÓN
24165;24115;10.768028229126966;24165;SOBRADO;282;24115;Base PONFERRADA;El Bierzo
24166;24142;15.334890723696406;24166;SOTO DE LA VEGA;1493;24142;Base SAN ANDRÉS DEL RABANEDO;LEÓN
24167;24142;12.833142834331264;24167;SOTO Y AMÍO;717;24142;Base SAN ANDRÉS DEL RABANEDO;LEÓN
24168;24142;16.177685197580058;24168;TORAL DE LOS GUZMANES;499;24142;Base SAN ANDRÉS DEL RABANEDO;LEÓN
24206;24115;8.745995277260405;24206;TORAL DE LOS VADOS;1753;24115;Base PONFERRADA;El Bierzo
24169;24115;9.940267297183068;24169;TORENO;2855;24115;Base PONFERRADA;El Bierzo
24170;24115;11.338150998941334;24170;TORRE DEL BIERZO;1968;24115;Base PONFERRADA;El Bierzo
24173;24142;11.256497315081166;24173;TURCIA;986;24142;Base SAN ANDRÉS DEL RABANEDO;LEÓN
24176;24142;15.013564093437298;24176;VALDEFUENTES DEL PÁRAMO;306;24142;Base SAN ANDRÉS DEL RABANEDO;LEÓN
24177;24142;16.888771257104395;24177;VALDELUGUEROS;486;24142;Base SAN ANDRÉS DEL RABANEDO;LEÓN
24178;24142;18.276347482545447;24178;VALDEMORA;57;24142;Base SAN ANDRÉS DEL RABANEDO;LEÓN
24180;24142;13.762699357792753;24180;VALDEPOLO;1215;24142;Base SAN ANDRÉS DEL RABANEDO;LEÓN
24181;24142;21.62065365868125;24181;VALDERAS;1489;24142;Base SAN ANDRÉS DEL RABANEDO;LEÓN
24182;24142;16.233194564207093;24182;VALDERREY;416;24142;Base SAN ANDRÉS DEL RABANEDO;LEÓN
24183;24142;21.126513259261056;24183;VALDERRUEDA;821;24142;Base SAN ANDRÉS DEL RABANEDO;LEÓN
24184;24142;13.204898773100071;24184;VALDESAMARIO;175;24142;Base SAN ANDRÉS DEL RABANEDO;LEÓN
24190;24142;16.702029632847108;24190;VALVERDE-ENRIQUE;152;24142;Base SAN ANDRÉS DEL RABANEDO;LEÓN
24196;24115;10.627451219703712;24196;VEGA DE ESPINAREDA;2007;24115;Base PONFERRADA;El Bierzo
24198;24115;13.585955739560026;24198;VEGA DE VALCARCE;552;24115;Base PONFERRADA;El Bierzo
24199;24142;13.909459199144822;24199;VEGAQUEMADA;437;24142;Base SAN ANDRÉS DEL RABANEDO;LEÓN
24207;24142;15.386960246519626;24207;VILLADEMOR DE LA VEGA;291;24142;Base SAN ANDRÉS DEL RABANEDO;LEÓN
24209;24115;10.085521122069864;24209;VILLAFRANCA DEL BIERZO;2659;24115;Base PONFERRADA;El Bierzo
24214;24142;14.245615656206649;24214;VILLAMEJIL;653;24142;Base SAN ANDRÉS DEL RABANEDO;LEÓN
24216;24142;17.49062925354419;24216;VILLAMONTÁN DE LA VALDUERNA;683;24142;Base SAN ANDRÉS DEL RABANEDO;LEÓN
24217;24142;14.551578616153598;24217;VILLAMORATIEL DE LAS MATAS;120;24142;Base SAN ANDRÉS DEL RABANEDO;LEÓN
24218;24142;10.203722546366757;24218;VILLANUEVA DE LAS MANZANAS;502;24142;Base SAN ANDRÉS DEL RABANEDO;LEÓN
24224;24142;12.820368091848545;24224;VILLARES DE ÓRBIGO;563;24142;Base SAN ANDRÉS DEL RABANEDO;LEÓN
34001;34079;10.832986102945252;34001;ABARCA DE CAMPOS;38;34079;Base GRIJOTA;PALENCIA
34003;34079;16.628375284761702;34003;ABIA DE LAS TORRES;170;34079;Base GRIJOTA;PALENCIA
34005;9059;21.666370332919474;34005;ALAR DEL REY;912;9059;Base BURGOS;BURGOS
34010;34079;11.132779012957245;34010;AMPUDIA;579;34079;Base GRIJOTA;PALENCIA
34012;34079;15.946499677872941;34012;ANTIGÜEDAD;336;34079;Base GRIJOTA;PALENCIA
34015;34079;13.61643877617237;34015;ARCONADA;44;34079;Base GRIJOTA;PALENCIA
34017;34079;12.755659474964249;34017;ASTUDILLO;1039;34079;Base GRIJOTA;PALENCIA
34020;34079;22.528865655601482;34020;AYUELA;53;34079;Base GRIJOTA;PALENCIA
34024;34079;9.698495447204744;34024;BAQUERÍN DE CAMPOS;22;34079;Base GRIJOTA;PALENCIA
34027;9059;26.579049208948014;34027;BARRUELO DE SANTULLÁN;1160;9059;Base BURGOS;BURGOS
34028;34079;23.725342420251867;34028;BÁSCONES DE OJEDA;134;34079;Base GRIJOTA;PALENCIA
34029;34079;7.104550919596344;34029;BECERRIL DE CAMPOS;757;34079;Base GRIJOTA;PALENCIA
34034;34079;13.144040790416392;34034;BOADILLA DEL CAMINO;101;34079;Base GRIJOTA;PALENCIA
34036;9059;27.492298982067016;34036;BRAÑOSERA;253;9059;Base BURGOS;BURGOS
34037;34079;22.800521059656212;34037;BUENAVISTA DE VALDAVIA;296;34079;Base GRIJOTA;PALENCIA
34039;34079;14.805735904633902;34039;BUSTILLO DEL PÁRAMO DE CARRIÓN;55;34079;Base GRIJOTA;PALENCIA
34046;34079;11.052748639422418;34046;CARDEÑOSA DE VOLPEJERA;60;34079;Base GRIJOTA;PALENCIA
34049;34079;27.868087128528284;34049;CASTREJÓN DE LA PEÑA;320;34079;Base GRIJOTA;PALENCIA
34050;47175;18.137948198527823;34050;CASTRILLO DE DON JUAN;181;47175;Base TUDELA DE DUERO;VALLADOLID
34053;34079;10.465253008985178;34053;CASTROMOCHO;197;34079;Base GRIJOTA;PALENCIA
34055;34079;13.346472512403723;34055;CERVATOS DE LA CUEZA;241;34079;Base GRIJOTA;PALENCIA
34056;9059;28.834115122178304;34056;CERVERA DE PISUERGA;2284;9059;Base BURGOS;BURGOS
34058;34079;15.707992440597248;34058;CEVICO NAVERO;178;34079;Base GRIJOTA;PALENCIA
34060;9059;16.64518119198831;34060;COBOS DE CERRATO;128;9059;Base BURGOS;BURGOS
34061;34079;22.303023840517387;34061;COLLAZOS DE BOEDO;99;34079;Base GRIJOTA;PALENCIA
34067;9059;28.09289745680043;34067;DEHESA DE MONTEJO;135;9059;Base BURGOS;BURGOS
34068;34079;23.113647778768108;34068;DEHESA DE ROMANOS;46;34079;Base GRIJOTA;PALENCIA
34072;34079;11.307527754364285;34072;FRECHILLA;136;34079;Base GRIJOTA;PALENCIA
34073;24142;22.918767627389247;34073;FRESNO DEL RÍO;171;24142;Base SAN ANDRÉS DEL RABANEDO;LEÓN
34083;9059;20.978150917906802;34083;HERRERA DE PISUERGA;1898;9059;Base BURGOS;BURGOS
34087;34079;12.253169846876924;34087;HORNILLOS DE CERRATO;170;34079;Base GRIJOTA;PALENCIA
34904;9059;30.911406566662173;34904;LA PERNÍA;313;9059;Base BURGOS;BURGOS
34140;34079;23.86013343570926;34140;LA PUEBLA DE VALDAVIA;81;34079;Base GRIJOTA;PALENCIA
34094;34079;16.090479191140577;34094;LEDIGOS;62;34079;Base GRIJOTA;PALENCIA
34903;34079;16.74423549974551;34903;LOMA DE UCIEZA;193;34079;Base GRIJOTA;PALENCIA
34100;24142;22.76100402895835;34100;MANTINOS;145;24142;Base SAN ANDRÉS DEL RABANEDO;LEÓN
34101;34079;14.002947615175868;34101;MARCILLA DE CAMPOS;58;34079;Base GRIJOTA;PALENCIA
34102;34079;8.123196632791247;34102;MAZARIEGOS;202;34079;Base GRIJOTA;PALENCIA
34104;34079;14.564749614814131;34104;MELGAR DE YUSO;271;34079;Base GRIJOTA;PALENCIA
34107;34079;24.43742173604617;34107;MICIECES DE OJEDA;71;34079;Base GRIJOTA;PALENCIA
34109;34079;17.1073774474187;34109;MORATINOS;59;34079;Base GRIJOTA;PALENCIA
34114;9059;24.825059652549694;34114;OLMOS DE OJEDA;170;9059;Base BURGOS;BURGOS
34120;34079;6.756914604995281;34120;PALENCIA;76738;34079;Base GRIJOTA;PALENCIA
34121;34079;15.266691718257784;34121;PALENZUELA;215;34079;Base GRIJOTA;PALENCIA
34127;34079;9.232653779844854;34127;PERALES;118;34079;Base GRIJOTA;PALENCIA
34132;34079;12.234245155713452;34132;POBLACIÓN DE CAMPOS;122;34079;Base GRIJOTA;PALENCIA
34134;9059;30.850230125905654;34134;POLENTINOS;40;9059;Base BURGOS;BURGOS
34135;9059;21.729700168527895;34135;POMAR DE VALDIVIA;490;9059;Base BURGOS;BURGOS
34141;34079;13.49739239654783;34141;QUINTANA DEL PUENTE;251;34079;Base GRIJOTA;PALENCIA
34151;24142;26.216094347309255;34151;RESPENDA DE LA PEÑA;141;24142;Base SAN ANDRÉS DEL RABANEDO;LEÓN
34152;34079;12.378885776187117;34152;REVENGA DE CAMPOS;136;34079;Base GRIJOTA;PALENCIA
34154;34079;22.562606077965878;34154;REVILLA DE COLLAZOS;75;34079;Base GRIJOTA;PALENCIA
34156;34079;12.51788600894524;34156;RIBEROS DE LA CUEZA;54;34079;Base GRIJOTA;PALENCIA
34158;9059;26.529302858437656;34158;SALINAS DE PISUERGA;329;9059;Base BURGOS;BURGOS
34159;34079;9.613457925743008;34159;SAN CEBRIÁN DE CAMPOS;407;34079;Base GRIJOTA;PALENCIA
34163;34079;14.091500668087003;34163;SAN MAMÉS DE CAMPOS;49;34079;Base GRIJOTA;PALENCIA
34171;24142;25.630404996638333;34171;SANTIBÁÑEZ DE LA PEÑA;934;24142;Base SAN ANDRÉS DEL RABANEDO;LEÓN
34174;34079;12.248697524737564;34174;SANTOYO;192;34079;Base GRIJOTA;PALENCIA
34177;34079;9.593431056319897;34177;SOTO DE CERRATO;176;34079;Base GRIJOTA;PALENCIA
34178;34079;15.37733354172781;34178;TABANERA DE CERRATO;138;34079;Base GRIJOTA;PALENCIA
34185;24142;27.864438338114816;34185;TRIOLLO;74;24142;Base SAN ANDRÉS DEL RABANEDO;LEÓN
34186;34079;13.216551439505821;34186;VALBUENA DE PISUERGA;52;34079;Base GRIJOTA;PALENCIA
34902;34079;10.961689927811467;34902;VALLE DEL RETORTILLO;168;34079;Base GRIJOTA;PALENCIA
34199;24142;23.417833504001745;34199;VELILLA DEL RÍO CARRIÓN;1129;24142;Base SAN ANDRÉS DEL RABANEDO;LEÓN
34202;34079;20.37843851176246;34202;VILLABASTA DE VALDAVIA;33;34079;Base GRIJOTA;PALENCIA
34214;24142;22.988697838355566;34214;VILLALBA DE GUARDO;201;24142;Base SAN ANDRÉS DEL RABANEDO;LEÓN
34217;34079;6.89998748846036;34217;VILLALOBÓN;1900;34079;Base GRIJOTA;PALENCIA
34221;34079;9.919070498692001;34221;VILLAMEDIANA;183;34079;Base GRIJOTA;PALENCIA
34222;34079;19.557026275516854;34222;VILLAMERIEL;105;34079;Base GRIJOTA;PALENCIA
34224;34079;11.689125828733975;34224;VILLAMUERA DE LA CUEZA;37;34079;Base GRIJOTA;PALENCIA
34228;34079;18.87035948108982;34228;VILLANUÑO DE VALDAVIA;93;34079;Base GRIJOTA;PALENCIA
34229;34079;19.678882574230688;34229;VILLAPROVEDO;46;34079;Base GRIJOTA;PALENCIA
34231;34079;16.979383224377557;34231;VILLARRABÉ;176;34079;Base GRIJOTA;PALENCIA
34246;34079;12.759412781505876;34246;VILLOVIECO;62;34079;Base GRIJOTA;PALENCIA
37004;37294;23.239393840705393;37004;AHIGAL DE VILLARINO;31;37294;Base SANTA MARTA DE TORMES;SALAMANCA
37014;49125;28.140764083403287;37014;ALDEADÁVILA DE LA RIBERA;1120;49125;Base MORALEJA DEL VINO;ZAMORA
37017;37294;11.46710011639078;37017;ALDEANUEVA DE FIGUEROA;253;37294;Base SANTA MARTA DE TORMES;SALAMANCA
37019;37294;11.30869209739793;37019;ALDEARRODRIGO;150;37294;Base SANTA MARTA DE TORMES;SALAMANCA
37021;37294;10.813713896815116;37021;ALDEASECA DE ALBA;64;37294;Base SANTA MARTA DE TORMES;SALAMANCA
37022;37294;14.7098748340126;37022;ALDEASECA DE LA FRONTERA;248;37294;Base SANTA MARTA DE TORMES;SALAMANCA
37024;37294;16.11229118506357;37024;ALDEAVIEJA DE TORMES;99;37294;Base SANTA MARTA DE TORMES;SALAMANCA
37025;37294;15.08847684695677;37025;ALDEHUELA DE LA BÓVEDA;265;37294;Base SANTA MARTA DE TORMES;SALAMANCA
37033;37294;9.617669288076835;37033;ARCEDIANO;96;37294;Base SANTA MARTA DE TORMES;SALAMANCA
37044;37294;28.97016939273728;37044;BARRUECOPARDO;421;37294;Base SANTA MARTA DE TORMES;SALAMANCA
37050;37294;15.99423940952122;37050;BERROCAL DE HUEBRA;75;37294;Base SANTA MARTA DE TORMES;SALAMANCA
37057;37294;15.028074690476265;37057;BÓVEDA DEL RÍO ALMAR;196;37294;Base SANTA MARTA DE TORMES;SALAMANCA
37058;37294;22.12902703231731;37058;BRINCONES;59;37294;Base SANTA MARTA DE TORMES;SALAMANCA
37065;37294;26.918959231735855;37065;CABEZA DEL CABALLO;237;37294;Base SANTA MARTA DE TORMES;SALAMANCA
37068;37294;19.065425929873346;37068;CABRILLAS;322;37294;Base SANTA MARTA DE TORMES;SALAMANCA
37069;37294;6.839680379677443;37069;CALVARRASA DE ABAJO;1201;37294;Base SANTA MARTA DE TORMES;SALAMANCA
37072;37294;11.348886081780485;37072;CALZADA DE DON DIEGO;131;37294;Base SANTA MARTA DE TORMES;SALAMANCA
37073;37294;9.449472362537723;37073;CALZADA DE VALDUNCIEL;700;37294;Base SANTA MARTA DE TORMES;SALAMANCA
37081;37294;16.54113904937814;37081;CANTALAPIEDRA;911;37294;Base SANTA MARTA DE TORMES;SALAMANCA
37092;37294;7.274372775442096;37092;CASTELLANOS DE MORISCOS;3051;37294;Base SANTA MARTA DE TORMES;SALAMANCA
37098;37294;22.440912082515414;37098;CEPEDA;303;37294;Base SANTA MARTA DE TORMES;SALAMANCA
37099;37294;20.710017271319277;37099;CERECEDA DE LA SIERRA;62;37294;Base SANTA MARTA DE TORMES;SALAMANCA
37106;37294;19.538531079750676;37106;CIPÉREZ;225;37294;Base SANTA MARTA DE TORMES;SALAMANCA
37108;37294;11.473880181402619;37108;COCA DE ALBA;95;37294;Base SANTA MARTA DE TORMES;SALAMANCA
37109;37294;23.29542598284208;37109;COLMENAR DE MONTEMAYOR;173;37294;Base SANTA MARTA DE TORMES;SALAMANCA
37115;37294;23.205637904273992;37115;DIOS LE GUARDE;125;37294;Base SANTA MARTA DE TORMES;SALAMANCA
37116;37294;14.405376473572232;37116;DOÑINOS DE LEDESMA;65;37294;Base SANTA MARTA DE TORMES;SALAMANCA
37117;37294;7.66023593630958;37117;DOÑINOS DE SALAMANCA;2209;37294;Base SANTA MARTA DE TORMES;SALAMANCA
37054;37294;30.80879937705237;37054;EL BODÓN;245;37294;Base SANTA MARTA DE TORMES;SALAMANCA
37077;37294;13.623230993060313;37077;EL CAMPO DE PEÑARANDA;250;37294;Base SANTA MARTA DE TORMES;SALAMANCA
37113;37294;20.55452806490191;37113;EL CUBO DE DON SANCHO;377;37294;Base SANTA MARTA DE TORMES;SALAMANCA
37239;37294;11.618042345175569;37239;EL PEDROSO DE LA ARMUÑA;215;37294;Base SANTA MARTA DE TORMES;SALAMANCA
37253;37294;9.608859148590774;37253;EL PINO DE TORMES;149;37294;Base SANTA MARTA DE TORMES;SALAMANCA
37122;37294;10.65771488051522;37122;ENCINAS DE ARRIBA;226;37294;Base SANTA MARTA DE TORMES;SALAMANCA
37125;37294;17.589737711020177;37125;ESCURIAL DE LA SIERRA;244;37294;Base SANTA MARTA DE TORMES;SALAMANCA
37127;37294;32.514076928702245;37127;ESPEJA;211;37294;Base SANTA MARTA DE TORMES;SALAMANCA
37128;37294;11.697030869560908;37128;ESPINO DE LA ORBADA;245;37294;Base SANTA MARTA DE TORMES;SALAMANCA
37129;37294;8.728394710407404;37129;FLORIDA DE LIÉBANA;244;37294;Base SANTA MARTA DE TORMES;SALAMANCA
37131;37294;14.55397366316201;37131;FRADES DE LA SIERRA;167;37294;Base SANTA MARTA DE TORMES;SALAMANCA
37133;37294;20.67348046544602;37133;FRESNEDOSO;98;37294;Base SANTA MARTA DE TORMES;SALAMANCA
37136;37294;33.76154522272496;37136;FUENTEGUINALDO;652;37294;Base SANTA MARTA DE TORMES;SALAMANCA
37137;37294;26.698546323036044;37137;FUENTELIANTE;84;37294;Base SANTA MARTA DE TORMES;SALAMANCA
37139;37294;18.486462232030107;37139;FUENTES DE BÉJAR;244;37294;Base SANTA MARTA DE TORMES;SALAMANCA
37141;37294;12.914310538973806;37141;GAJATES;140;37294;Base SANTA MARTA DE TORMES;SALAMANCA
37145;37294;31.43549538613473;37145;GALLEGOS DE ARGAÑÁN;264;37294;Base SANTA MARTA DE TORMES;SALAMANCA
37147;37294;20.55738660765193;37147;GARCIBUEY;204;37294;Base SANTA MARTA DE TORMES;SALAMANCA
37148;37294;10.237214838291642;37148;GARCIHERNÁNDEZ;411;37294;Base SANTA MARTA DE TORMES;SALAMANCA
37154;37294;24.850696977623773;37154;GUADRAMIRO;124;37294;Base SANTA MARTA DE TORMES;SALAMANCA
37156;37294;16.985953531823426;37156;GUIJUELO;5508;37294;Base SANTA MARTA DE TORMES;SALAMANCA
37157;37294;30.320511210279342;37157;HERGUIJUELA DE CIUDAD RODRIGO;69;37294;Base SANTA MARTA DE TORMES;SALAMANCA
37158;37294;23.363921729724918;37158;HERGUIJUELA DE LA SIERRA;226;37294;Base SANTA MARTA DE TORMES;SALAMANCA
37161;37294;22.1221487077524;37161;HORCAJO DE MONTEMAYOR;101;37294;Base SANTA MARTA DE TORMES;SALAMANCA
37167;37294;11.582883016416854;37167;JUZBADO;183;37294;Base SANTA MARTA DE TORMES;SALAMANCA
37011;37294;36.69926299851101;37011;LA ALBERGUERÍA DE ARGAÑÁN;98;37294;Base SANTA MARTA DE TORMES;SALAMANCA
37037;37294;27.53031581685621;37037;LA ATALAYA;100;37294;Base SANTA MARTA DE TORMES;SALAMANCA
37063;37294;18.745867702570397;37063;LA CABEZA DE BÉJAR;60;37294;Base SANTA MARTA DE TORMES;SALAMANCA
37135;37294;20.047260749537273;37135;LA FUENTE DE SAN ESTEBAN;1279;37294;Base SANTA MARTA DE TORMES;SALAMANCA
37381;37294;28.65959908226711;37381;LA ZARZA DE PUMAREDA;133;37294;Base SANTA MARTA DE TORMES;SALAMANCA
37168;37294;25.495696627590632;37168;LAGUNILLA;428;37294;Base SANTA MARTA DE TORMES;SALAMANCA
37169;37294;12.697831824968269;37169;LARRODRIGO;186;37294;Base SANTA MARTA DE TORMES;SALAMANCA
37346;37294;13.448177114704515;37346;LAS VEGUILLAS;275;37294;Base SANTA MARTA DE TORMES;SALAMANCA
37172;37294;17.934612511754857;37172;LINARES DE RIOFRÍO;913;37294;Base SANTA MARTA DE TORMES;SALAMANCA
37175;37294;7.548657110258139;37175;MACHACÓN;445;37294;Base SANTA MARTA DE TORMES;SALAMANCA
37176;37294;22.756668100847833;37176;MADROÑAL;135;37294;Base SANTA MARTA DE TORMES;SALAMANCA
37178;37294;15.767115334982842;37178;MALPARTIDA;80;37294;Base SANTA MARTA DE TORMES;SALAMANCA
37183;37294;21.02063945454607;37183;MARTÍN DE YELTES;387;37294;Base SANTA MARTA DE TORMES;SALAMANCA
37187;37294;13.089190939497076;37187;MATILLA DE LOS CAÑOS DEL RÍO;613;37294;Base SANTA MARTA DE TORMES;SALAMANCA
37193;37294;21.465415706752744;37193;MIRANDA DEL CASTAÑAR;381;37294;Base SANTA MARTA DE TORMES;SALAMANCA
37194;37294;21.924791619407355;37194;MOGARRAZ;252;37294;Base SANTA MARTA DE TORMES;SALAMANCA
37195;37294;21.266884005174596;37195;MOLINILLO;43;37294;Base SANTA MARTA DE TORMES;SALAMANCA
37196;37294;22.19426667833021;37196;MONFORTE DE LA SIERRA;53;37294;Base SANTA MARTA DE TORMES;SALAMANCA
37197;37294;17.15428286499901;37197;MONLEÓN;85;37294;Base SANTA MARTA DE TORMES;SALAMANCA
37199;37294;24.96868012513569;37199;MONSAGRO;127;37294;Base SANTA MARTA DE TORMES;SALAMANCA
37201;37294;24.187215211146118;37201;MONTEMAYOR DEL RÍO;262;37294;Base SANTA MARTA DE TORMES;SALAMANCA
37202;37294;7.368458850783135;37202;MONTERRUBIO DE ARMUÑA;1331;37294;Base SANTA MARTA DE TORMES;SALAMANCA
37208;37294;23.358504844992755;37208;MORONTA;76;37294;Base SANTA MARTA DE TORMES;SALAMANCA
37212;37294;21.832792200834557;37212;NAVACARROS;133;37294;Base SANTA MARTA DE TORMES;SALAMANCA
37216;37294;10.997704169212422;37216;NAVALES;311;37294;Base SANTA MARTA DE TORMES;SALAMANCA
37218;37294;19.756219970162757;37218;NAVAMORALES;44;37294;Base SANTA MARTA DE TORMES;SALAMANCA
37222;37294;9.398410822743461;37222;NEGRILLA DE PALENCIA;76;37294;Base SANTA MARTA DE TORMES;SALAMANCA
37223;37294;27.852861607270285;37223;OLMEDO DE CAMACES;94;37294;Base SANTA MARTA DE TORMES;SALAMANCA
37228;37294;15.448045697151937;37228;PALACIOSRUBIOS;299;37294;Base SANTA MARTA DE TORMES;SALAMANCA
37230;37294;8.859311394998407;37230;PARADA DE ARRIBA;272;37294;Base SANTA MARTA DE TORMES;SALAMANCA
37233;37294;29.120842094918185;37233;PASTORES;56;37294;Base SANTA MARTA DE TORMES;SALAMANCA
37235;37294;13.34500611492898;37235;PEDRAZA DE ALBA;220;37294;Base SANTA MARTA DE TORMES;SALAMANCA
37242;37294;14.208847849013914;37242;PELAYOS;72;37294;Base SANTA MARTA DE TORMES;SALAMANCA
37248;37294;21.84280767009102;37248;PERALEJOS DE ABAJO;171;37294;Base SANTA MARTA DE TORMES;SALAMANCA
37254;37294;10.072586962717537;37254;PITIEGUA;182;37294;Base SANTA MARTA DE TORMES;SALAMANCA
37255;37294;15.118162063846272;37255;PIZARRAL;64;37294;Base SANTA MARTA DE TORMES;SALAMANCA
37256;37294;13.964829315823572;37256;POVEDA DE LAS CINTAS;194;37294;Base SANTA MARTA DE TORMES;SALAMANCA
37258;37294;34.810990067521814;37258;PUEBLA DE AZABA;142;37294;Base SANTA MARTA DE TORMES;SALAMANCA
37263;37294;23.779994125226885;37263;PUERTO DE BÉJAR;352;37294;Base SANTA MARTA DE TORMES;SALAMANCA
37265;37294;16.60737441275978;37265;RÁGAMA;197;37294;Base SANTA MARTA DE TORMES;SALAMANCA
37274;37294;5.95128075646369;37274;SALAMANCA;144866;37294;Base SANTA MARTA DE TORMES;SALAMANCA
37277;37294;15.916800160186128;37277;SALVATIERRA DE TORMES;72;37294;Base SANTA MARTA DE TORMES;SALAMANCA
37284;37294;19.845528281221142;37284;SAN ESTEBAN DE LA SIERRA;372;37294;Base SANTA MARTA DE TORMES;SALAMANCA
37285;37294;29.894706424656547;37285;SAN FELICES DE LOS GALLEGOS;350;37294;Base SANTA MARTA DE TORMES;SALAMANCA
37286;37294;21.35676347597211;37286;SAN MARTÍN DEL CASTAÑAR;234;37294;Base SANTA MARTA DE TORMES;SALAMANCA
37290;37294;10.840021700224415;37290;SAN PEDRO DEL VALLE;269;37294;Base SANTA MARTA DE TORMES;SALAMANCA
37280;37294;23.379231524654166;37280;SANCHÓN DE LA RIBERA;67;37294;Base SANTA MARTA DE TORMES;SALAMANCA
37281;37294;15.987130528268125;37281;SANCHÓN DE LA SAGRADA;51;37294;Base SANTA MARTA DE TORMES;SALAMANCA
37279;37294;24.14010520301141;37279;SANCTI-SPÍRITUS;731;37294;Base SANTA MARTA DE TORMES;SALAMANCA
37283;37294;16.019513160916823;37283;SANDO;113;37294;Base SANTA MARTA DE TORMES;SALAMANCA
37296;37294;14.231153690835127;37296;SANTIAGO DE LA PUEBLA;282;37294;Base SANTA MARTA DE TORMES;SALAMANCA
37298;37294;20.283514493695172;37298;SANTIBÁÑEZ DE LA SIERRA;149;37294;Base SANTA MARTA DE TORMES;SALAMANCA
37302;37294;30.813071253826752;37302;SAUCELLE;252;37294;Base SANTA MARTA DE TORMES;SALAMANCA
37306;37294;26.159341883616744;37306;SERRADILLA DEL ARROYO;246;37294;Base SANTA MARTA DE TORMES;SALAMANCA
37307;37294;26.578631194631292;37307;SERRADILLA DEL LLANO;138;37294;Base SANTA MARTA DE TORMES;SALAMANCA
37311;37294;31.72274301958606;37311;SOBRADILLO;173;37294;Base SANTA MARTA DE TORMES;SALAMANCA
37314;37294;13.58396205539723;37314;TABERA DE ABAJO;99;37294;Base SANTA MARTA DE TORMES;SALAMANCA
37321;37294;24.337843751731473;37321;TENEBRÓN;121;37294;Base SANTA MARTA DE TORMES;SALAMANCA
37332;37294;21.863333053450276;37332;VALDEHIJADEROS;84;37294;Base SANTA MARTA DE TORMES;SALAMANCA
37333;37294;18.801689872049938;37333;VALDELACASA;189;37294;Base SANTA MARTA DE TORMES;SALAMANCA
37334;37294;24.475883721645168;37334;VALDELAGEVE;67;37294;Base SANTA MARTA DE TORMES;SALAMANCA
37336;37294;9.019193407752788;37336;VALDEMIERQUE;59;37294;Base SANTA MARTA DE TORMES;SALAMANCA
37339;37294;19.467950547920662;37339;VALERO;286;37294;Base SANTA MARTA DE TORMES;SALAMANCA
37345;37294;11.285773979430381;37345;VEGA DE TIRADOS;149;37294;Base SANTA MARTA DE TORMES;SALAMANCA
37351;37294;14.956392920364522;37351;VILLAFLORES;260;37294;Base SANTA MARTA DE TORMES;SALAMANCA
37354;37294;7.137492014487277;37354;VILLAMAYOR;7669;37294;Base SANTA MARTA DE TORMES;SALAMANCA
37355;37294;20.97216004647754;37355;VILLANUEVA DEL CONDE;174;37294;Base SANTA MARTA DE TORMES;SALAMANCA
37357;37294;31.245125700889883;37357;VILLAR DE CIERVO;253;37294;Base SANTA MARTA DE TORMES;SALAMANCA
37371;37294;34.69042044142569;37371;VILLASRUBIAS;236;37294;Base SANTA MARTA DE TORMES;SALAMANCA
37374;37294;11.03879671703771;37374;VILLORIA;1258;37294;Base SANTA MARTA DE TORMES;SALAMANCA
37375;37294;10.695577207634075;37375;VILLORUELA;731;37294;Base SANTA MARTA DE TORMES;SALAMANCA
40002;40194;8.533934003611247;40002;ADRADA DE PIRÓN;40;40194;Base SEGOVIA;SEGOVIA
40012;40194;12.195451365736302;40012;ALDEA REAL;287;40194;Base SEGOVIA;SEGOVIA
40013;47175;17.384592735590317;40013;ALDEASOÑA;67;47175;Base TUDELA DE DUERO;VALLADOLID
40021;40194;13.388408861739096;40021;AREVALILLO DE CEGA;18;40194;Base SEGOVIA;SEGOVIA
40022;40194;10.886736098502464;40022;ARMUÑA;241;40194;Base SEGOVIA;SEGOVIA
40024;42095;26.983090254144084;40024;AYLLÓN;1105;42095;Base GOLMAYO;SORIA
40026;40194;8.282643521801592;40026;BASARDILLA;136;40194;Base SEGOVIA;SEGOVIA
40029;40194;23.594372180431247;40029;BERCIMUEL;36;40194;Base SEGOVIA;SEGOVIA
40030;40194;12.525217918870215;40030;BERNARDOS;463;40194;Base SEGOVIA;SEGOVIA
40031;40194;6.558786674378051;40031;BERNUY DE PORREROS;1247;40194;Base SEGOVIA;SEGOVIA
40035;40194;8.574620183466486;40035;CABAÑAS DE POLENDOS;199;40194;Base SEGOVIA;SEGOVIA
40037;47175;18.604162830811337;40037;CALABAZAS DE FUENTIDUEÑA;25;47175;Base TUDELA DE DUERO;VALLADOLID
40039;40194;24.622696297719095;40039;CAMPO DE SAN PEDRO;259;40194;Base SEGOVIA;SEGOVIA
40161;40194;23.06546440548824;40161;CARABIAS;54;40194;Base SEGOVIA;SEGOVIA
40044;40194;18.68601293060956;40044;CARRASCAL DEL RÍO;136;40194;Base SEGOVIA;SEGOVIA
40048;40194;19.90073234786833;40048;CASTROJIMENO;31;40194;Base SEGOVIA;SEGOVIA
40051;40194;20.301346238832096;40051;CASTROSERRACÍN;24;40194;Base SEGOVIA;SEGOVIA
40054;40194;20.614297362663457;40054;CEREZO DE ARRIBA;134;40194;Base SEGOVIA;SEGOVIA
40057;47175;16.165223772863335;40057;COCA;1703;47175;Base TUDELA DE DUERO;VALLADOLID
40058;40194;16.406218715489267;40058;CODORNIZ;307;40194;Base SEGOVIA;SEGOVIA
40060;40194;17.417146964470984;40060;CONDADO DE CASTILNOVO;79;40194;Base SEGOVIA;SEGOVIA
40902;47175;17.465681132809227;40902;COZUELOS DE FUENTIDUEÑA;105;47175;Base TUDELA DE DUERO;VALLADOLID
40062;40194;12.181293619189308;40062;CUBILLO;73;40194;Base SEGOVIA;SEGOVIA
40071;40194;21.575879687465385;40071;ENCINAS;40;40194;Base SEGOVIA;SEGOVIA
40073;40194;11.573559891324237;40073;ESCALONA DEL PRADO;468;40194;Base SEGOVIA;SEGOVIA
40075;40194;9.277149957135165;40075;ESCOBAR DE POLENDOS;166;40194;Base SEGOVIA;SEGOVIA
40077;40194;6.86445135281782;40077;ESPIRDO;1607;40194;Base SEGOVIA;SEGOVIA
40082;47175;16.42763278543552;40082;FUENTE DE SANTA CRUZ;99;47175;Base TUDELA DE DUERO;VALLADOLID
40088;40194;16.41729185661608;40088;FUENTERREBOLLO;339;40194;Base SEGOVIA;SEGOVIA
40089;47175;17.709697092084113;40089;FUENTESAÚCO DE FUENTIDUEÑA;223;47175;Base TUDELA DE DUERO;VALLADOLID
40091;47175;20.505691588698667;40091;FUENTESOTO;100;47175;Base TUDELA DE DUERO;VALLADOLID
40093;40194;13.63525794822185;40093;GALLEGOS;93;40194;Base SEGOVIA;SEGOVIA
40095;47175;15.664979822701897;40095;GOMEZSERRACÍN;625;47175;Base TUDELA DE DUERO;VALLADOLID
40105;40194;9.219775076628233;40105;JUARROS DE RIOMOROS;45;40194;Base SEGOVIA;SEGOVIA
40106;40194;14.346403814826225;40106;JUARROS DE VOLTOYA;184;40194;Base SEGOVIA;SEGOVIA
40113;40194;8.031073550768552;40113;LA LOSA;531;40194;Base SEGOVIA;SEGOVIA
40107;40194;14.633932204724832;40107;LABAJOS;106;40194;Base SEGOVIA;SEGOVIA
40109;40194;27.023680142538847;40109;LANGUILLA;84;40194;Base SEGOVIA;SEGOVIA
40118;40194;10.54804576825892;40118;MARAZUELA;53;40194;Base SEGOVIA;SEGOVIA
40131;40194;11.036953682283832;40131;MONTERRUBIO;56;40194;Base SEGOVIA;SEGOVIA
40132;40194;24.444514855139445;40132;MORAL DE HORNUEZ;40;40194;Base SEGOVIA;SEGOVIA
40140;40194;17.645820510443464;40140;NAVALILLA;97;40194;Base SEGOVIA;SEGOVIA
40143;40194;20.974460778028366;40143;NAVARES DE ENMEDIO;92;40194;Base SEGOVIA;SEGOVIA
40151;40194;12.425188909850753;40151;ORTIGOSA DE PESTAÑO;53;40194;Base SEGOVIA;SEGOVIA
40152;40194;9.41072139990179;40152;OTERO DE HERREROS;966;40194;Base SEGOVIA;SEGOVIA
40155;40194;6.580164263122022;40155;PALAZUELOS DE ERESMA;5968;40194;Base SEGOVIA;SEGOVIA
40156;40194;13.997207551266657;40156;PEDRAZA;349;40194;Base SEGOVIA;SEGOVIA
40159;40194;15.1608583331018;40159;PINAREJOS;194;40194;Base SEGOVIA;SEGOVIA
40163;40194;14.11095763743655;40163;PUEBLA DE PEDRAZA;51;40194;Base SEGOVIA;SEGOVIA
40171;40194;25.284687122935626;40171;RIBOTA;43;40194;Base SEGOVIA;SEGOVIA
40174;47175;19.25739838916555;40174;SACRAMENIA;330;47175;Base TUDELA DE DUERO;VALLADOLID
40182;40194;14.540574662904017;40182;SAN MARTÍN Y MUDRIÁN;251;40194;Base SEGOVIA;SEGOVIA
40193;40194;16.181951671719016;40193;SEBÚLCOR;241;40194;Base SEGOVIA;SEGOVIA
40194;40194;5.0;40194;SEGOVIA;51525;40194;Base SEGOVIA;SEGOVIA
40195;40194;18.60104156184361;40195;SEPÚLVEDA;988;40194;Base SEGOVIA;SEGOVIA
40196;40194;23.294714673040772;40196;SEQUERA DE FRESNO;47;40194;Base SEGOVIA;SEGOVIA
40199;40194;9.903629770040979;40199;SOTOSALBOS;135;40194;Base SEGOVIA;SEGOVIA
40200;40194;10.150459172865936;40200;TABANERA LA LUENGA;53;40194;Base SEGOVIA;SEGOVIA
40206;40194;11.93752476348101;40206;TORRE VAL DE SAN PEDRO;180;40194;Base SEGOVIA;SEGOVIA
40202;40194;21.31873877654167;40202;TORREADRADA;50;40194;Base SEGOVIA;SEGOVIA
40218;40194;19.104027818129232;40218;VALLE DE TABLADILLO;74;40194;Base SEGOVIA;SEGOVIA
40214;40194;6.8997704643036615;40214;VALSECA;218;40194;Base SEGOVIA;SEGOVIA
40216;40194;7.496167992699188;40216;VALVERDE DEL MAJANO;1126;40194;Base SEGOVIA;SEGOVIA
40234;40194;14.461871359185196;40234;ZARZUELA DEL PINAR;408;40194;Base SEGOVIA;SEGOVIA
42001;42095;10.991459175705257;42001;ABEJAR;386;42095;Base GOLMAYO;SORIA
42013;42095;10.099003993385296;42013;ALDEHUELA DE PERIÁÑEZ;30;42095;Base GOLMAYO;SORIA
42019;42095;10.671657646589487;42019;ALMARZA;626;42095;Base GOLMAYO;SORIA
42022;42095;12.75524930249763;42022;ALMENAR DE SORIA;216;42095;Base GOLMAYO;SORIA
42024;42095;10.612612980474822;42024;ARANCÓN;76;42095;Base GOLMAYO;SORIA
42031;42095;20.826892479845032;42031;BARCONES;25;42095;Base GOLMAYO;SORIA
42032;42095;16.11741049664831;42032;BAYUBAS DE ABAJO;144;42095;Base GOLMAYO;SORIA
42033;42095;15.368678963207582;42033;BAYUBAS DE ARRIBA;60;42095;Base GOLMAYO;SORIA
42036;42095;12.984865879679827;42036;BLACOS;38;42095;Base GOLMAYO;SORIA
42038;42095;12.36454164306652;42038;BORJABAD;30;42095;Base GOLMAYO;SORIA
42039;42095;19.526004483858937;42039;BOROBIA;228;42095;Base GOLMAYO;SORIA
42042;42095;8.607383023079105;42042;BUITRAGO;74;42095;Base GOLMAYO;SORIA
42043;42095;18.542589422182907;42043;BURGO DE OSMA-CIUDAD DE OSMA;5204;42095;Base GOLMAYO;SORIA
42044;42095;11.294195610753935;42044;CABREJAS DEL CAMPO;53;42095;Base GOLMAYO;SORIA
42046;42095;11.973081696679357;42046;CALATAÑAZOR;43;42095;Base GOLMAYO;SORIA
42056;42095;11.808193281484819;42056;CASTILFRÍO DE LA SIERRA;34;42095;Base GOLMAYO;SORIA
42058;42095;27.896196530872007;42058;CASTILLEJO DE ROBLEDO;95;42095;Base GOLMAYO;SORIA
42060;42095;14.39490809948441;42060;CERBÓN;30;42095;Base GOLMAYO;SORIA
42064;42095;18.40648592569164;42064;CIRIA;70;42095;Base GOLMAYO;SORIA
42070;42095;14.38677564115617;42070;CUBILLA;24;42095;Base GOLMAYO;SORIA
42073;42095;19.359463462101914;42073;CUEVA DE ÁGREDA;69;42095;Base GOLMAYO;SORIA
42160;42095;10.125324944295453;42160;EL ROYO;251;42095;Base GOLMAYO;SORIA
42083;42095;15.287819209776588;42083;FRECHILLA DE ALMAZÁN;21;42095;Base GOLMAYO;SORIA
42086;42095;24.874869633310116;42086;FUENTECAMBRÓN;32;42095;Base GOLMAYO;SORIA
42088;42095;17.914215424278893;42088;FUENTELMONGE;61;42095;Base GOLMAYO;SORIA
42089;42095;8.965076523276332;42089;FUENTELSAZ DE SORIA;64;42095;Base GOLMAYO;SORIA
42093;42095;15.532747989518295;42093;FUENTESTRÚN;52;42095;Base GOLMAYO;SORIA
42141;42095;12.506622557362185;42141;LA PÓVEDA DE SORIA;110;42095;Base GOLMAYO;SORIA
42157;42095;18.98002323489184;42157;LA RIBA DE ESCALOTE;8;42095;Base GOLMAYO;SORIA
42014;42095;12.823066233493268;42014;LAS ALDEHUELAS;60;42095;Base GOLMAYO;SORIA
42149;42095;6.825527029601937;42149;LOS RÁBANOS;476;42095;Base GOLMAYO;SORIA
42211;42095;9.853765349288288;42211;LOS VILLARES DE SORIA;75;42095;Base GOLMAYO;SORIA
42107;42095;14.248472195096923;42107;MAGAÑA;64;42095;Base GOLMAYO;SORIA
42113;42095;23.11866140316383;42113;MEDINACELI;671;42095;Base GOLMAYO;SORIA
42115;42095;22.46232893496229;42115;MIÑO DE MEDINACELI;78;42095;Base GOLMAYO;SORIA
42118;42095;15.536914050821098;42118;MOMBLONA;18;42095;Base GOLMAYO;SORIA
42119;42095;19.57093727304523;42119;MONTEAGUDO DE LAS VICARÍAS;177;42095;Base GOLMAYO;SORIA
42120;42095;24.48917356051581;42120;MONTEJO DE TIERMES;140;42095;Base GOLMAYO;SORIA
42123;42095;15.923635350021403;42123;MORÓN DE ALMAZÁN;202;42095;Base GOLMAYO;SORIA
42128;42095;10.763827894262423;42128;NARROS;71;42095;Base GOLMAYO;SORIA
42135;42095;12.820644066077168;42135;ONCALA;61;42095;Base GOLMAYO;SORIA
42154;42095;8.775766739081574;42154;RENIEBLAS;110;42095;Base GOLMAYO;SORIA
42155;42095;22.23520697159805;42155;RETORTILLO DE SORIA;130;42095;Base GOLMAYO;SORIA
42156;42095;17.41272382833269;42156;REZNOS;22;42095;Base GOLMAYO;SORIA
42158;42095;13.129809169819996;42158;RIOSECO DE SORIA;123;42095;Base GOLMAYO;SORIA
42161;42095;12.276870391566;42161;SALDUERO;145;42095;Base GOLMAYO;SORIA
42163;42095;17.38206375172536;42163;SAN FELICES;59;42095;Base GOLMAYO;SORIA
42164;42095;17.41904301433047;42164;SAN LEONARDO DE YAGÜE;1949;42095;Base GOLMAYO;SORIA
42165;42095;15.395454190891758;42165;SAN PEDRO MANRIQUE;619;42095;Base GOLMAYO;SORIA
42168;42095;19.024249395057197;42168;SANTA MARÍA DE LAS HOYAS;113;42095;Base GOLMAYO;SORIA
42176;42095;13.479948797797093;42176;TAJAHUERCE;23;42095;Base GOLMAYO;SORIA
42177;42095;15.12988688906822;42177;TAJUECO;57;42095;Base GOLMAYO;SORIA
42178;42095;15.037989249555903;42178;TALVEILA;101;42095;Base GOLMAYO;SORIA
42181;42095;10.832575562659759;42181;TARDELCUENDE;424;42095;Base GOLMAYO;SORIA
42185;42095;13.521192045570546;42185;TORREBLACOS;26;42095;Base GOLMAYO;SORIA
42188;42095;15.08582239058001;42188;TRÉVAGO;47;42095;Base GOLMAYO;SORIA
42192;42095;13.037390489168445;42192;VALDEGEÑA;37;42095;Base GOLMAYO;SORIA
42197;42095;13.87557945220817;42197;VALDERRODILLA;62;42095;Base GOLMAYO;SORIA
42198;42095;13.595345520874602;42198;VALTAJEROS;19;42095;Base GOLMAYO;SORIA
42200;42095;15.3436561623836;42200;VELAMAZÁN;67;42095;Base GOLMAYO;SORIA
42213;42095;14.264173175823036;42213;VILLASECA DE ARCIEL;24;42095;Base GOLMAYO;SORIA
42215;42095;11.982501597299137;42215;VINUESA;833;42095;Base GOLMAYO;SORIA
42218;42095;16.018832194571207;42218;YANGUAS;106;42095;Base GOLMAYO;SORIA
42219;42095;21.834539877749528;42219;YELO;37;42095;Base GOLMAYO;SORIA
47001;47175;17.41765601109457;47001;ADALIA;50;47175;Base TUDELA DE DUERO;VALLADOLID
47003;34079;18.626585835439222;47003;AGUILAR DE CAMPOS;259;34079;Base GRIJOTA;PALENCIA
47008;47175;16.430326240976168;47008;ALMENARA DE ADAJA;22;47175;Base TUDELA DE DUERO;VALLADOLID
47010;47175;9.997668315600514;47010;ARROYO DE LA ENCOMIENDA;22268;47175;Base TUDELA DE DUERO;VALLADOLID
47011;47175;18.220466729887605;47011;ATAQUINES;573;47175;Base TUDELA DE DUERO;VALLADOLID
47013;34079;21.085287879233853;47013;BARCIAL DE LA LOMA;100;34079;Base GRIJOTA;PALENCIA
47019;34079;17.0709764148802;47019;BERRUECES;93;34079;Base GRIJOTA;PALENCIA
47020;47175;20.27791398789361;47020;BOBADILLA DEL CAMPO;284;47175;Base TUDELA DE DUERO;VALLADOLID
47027;47175;9.787063411615827;47027;CABEZÓN DE PISUERGA;3895;47175;Base TUDELA DE DUERO;VALLADOLID
47032;47175;8.755785260297841;47032;CAMPORREDONDO;147;47175;Base TUDELA DE DUERO;VALLADOLID
47035;37294;19.337793726124428;47035;CARPIO;938;37294;Base SANTA MARTA DE TORMES;SALAMANCA
47040;24142;20.90056461574098;47040;CASTROBOL;45;24142;Base SAN ANDRÉS DEL RABANEDO;LEÓN
47042;49125;15.228112334087967;47042;CASTROMEMBIBRE;49;49125;Base MORALEJA DEL VINO;ZAMORA
47043;47175;16.911576324585234;47043;CASTROMONTE;326;47175;Base TUDELA DE DUERO;VALLADOLID
47047;47175;14.68769124236615;47047;CASTROVERDE DE CERRATO;189;47175;Base TUDELA DE DUERO;VALLADOLID
47055;47175;12.36797721596134;47055;CORCOS;210;47175;Base TUDELA DE DUERO;VALLADOLID
47057;34079;11.695908952661831;47057;CUBILLAS DE SANTA MARTA;404;34079;Base GRIJOTA;PALENCIA
47063;47175;14.957141766240735;47063;FOMPEDRAZA;111;47175;Base TUDELA DE DUERO;VALLADOLID
47065;37294;18.376968547089263;47065;FRESNO EL VIEJO;836;37294;Base SANTA MARTA DE TORMES;SALAMANCA
47070;34079;13.945382765486853;47070;GATÓN DE CAMPOS;41;34079;Base GRIJOTA;PALENCIA
47074;47175;12.332578671946713;47074;HORNILLOS DE ERESMA;171;47175;Base TUDELA DE DUERO;VALLADOLID
47111;47175;8.708207007486532;47111;LA PEDRAJA DE PORTILLO;1175;47175;Base TUDELA DE DUERO;VALLADOLID
47232;47175;15.701585216831;47232;LA ZARZA;118;47175;Base TUDELA DE DUERO;VALLADOLID
47076;47175;8.22426076536662;47076;LAGUNA DE DUERO;22907;47175;Base TUDELA DE DUERO;VALLADOLID
47080;47175;13.878788194756412;47080;MANZANILLO;48;47175;Base TUDELA DE DUERO;VALLADOLID
47081;49125;17.464349868415006;47081;MARZALES;41;49125;Base MORALEJA DEL VINO;ZAMORA
47084;24142;20.632022857131222;47084;MAYORGA;1409;24142;Base SAN ANDRÉS DEL RABANEDO;LEÓN
47090;47175;9.945409797673156;47090;MOJADOS;3393;47175;Base TUDELA DE DUERO;VALLADOLID
47092;34079;13.491637351795303;47092;MONTEALEGRE DE CAMPOS;105;34079;Base GRIJOTA;PALENCIA
47094;34079;16.14542876997323;47094;MORAL DE LA REINA;146;34079;Base GRIJOTA;PALENCIA
47098;47175;11.346212972128384;47098;MUCIENTES;691;47175;Base TUDELA DE DUERO;VALLADOLID
47102;47175;19.469084525618076;47102;NUEVA VILLA DE LAS TORRES;278;47175;Base TUDELA DE DUERO;VALLADOLID
47103;47175;10.104784256006328;47103;OLIVARES DE DUERO;327;47175;Base TUDELA DE DUERO;VALLADOLID
47104;47175;14.261266671931368;47104;OLMEDO;3564;47175;Base TUDELA DE DUERO;VALLADOLID
47105;47175;8.416182641293325;47105;OLMOS DE ESGUEVA;197;47175;Base TUDELA DE DUERO;VALLADOLID
47106;47175;17.210561442592244;47106;OLMOS DE PEÑAFIEL;38;47175;Base TUDELA DE DUERO;VALLADOLID
47115;47175;14.939562070794102;47115;PEÑAFLOR DE HORNIJA;350;47175;Base TUDELA DE DUERO;VALLADOLID
47124;47175;13.824742183714115;47124;POZALDEZ;500;47175;Base TUDELA DE DUERO;VALLADOLID
47130;34079;11.317973257400482;47130;QUINTANILLA DE TRIGUEROS;101;34079;Base GRIJOTA;PALENCIA
47137;47175;15.76315236069875;47137;ROTURAS;26;47175;Base TUDELA DE DUERO;VALLADOLID
47139;47175;15.072359034805425;47139;RUEDA;1103;47175;Base TUDELA DE DUERO;VALLADOLID
47140;34079;19.837511546680492;47140;SAELICES DE MAYORGA;111;34079;Base GRIJOTA;PALENCIA
47144;47175;10.149993050889695;47144;SAN MARTÍN DE VALVENÍ;84;47175;Base TUDELA DE DUERO;VALLADOLID
47145;47175;10.08031005862404;47145;SAN MIGUEL DEL ARROYO;646;47175;Base TUDELA DE DUERO;VALLADOLID
47148;49125;16.15355747080919;47148;SAN PEDRO DE LATARCE;434;49125;Base MORALEJA DEL VINO;ZAMORA
47152;49125;20.82897485856292;47152;SANTA EUFEMIA DEL ARROYO;73;49125;Base MORALEJA DEL VINO;ZAMORA
47154;47175;7.94760895093451;47154;SANTIBÁÑEZ DE VALCORBA;187;47175;Base TUDELA DE DUERO;VALLADOLID
47159;47175;12.471508217513392;47159;SERRADA;1109;47175;Base TUDELA DE DUERO;VALLADOLID
47163;49125;15.50598538645537;47163;TIEDRA;282;49125;Base MORALEJA DEL VINO;ZAMORA
47165;47175;14.879694760999;47165;TORDESILLAS;8638;47175;Base TUDELA DE DUERO;VALLADOLID
47166;47175;16.93341816399498;47166;TORRECILLA DE LA ABADESA;250;47175;Base TUDELA DE DUERO;VALLADOLID
47168;47175;15.942917224312035;47168;TORRECILLA DE LA TORRE;28;47175;Base TUDELA DE DUERO;VALLADOLID
47174;34079;11.967090130143298;47174;TRIGUEROS DEL VALLE;314;34079;Base GRIJOTA;PALENCIA
47180;47175;17.17756202678239;47180;VALDEARCOS DE LA VEGA;64;47175;Base TUDELA DE DUERO;VALLADOLID
47181;34079;15.600807218169736;47181;VALDENEBRO DE LOS VALLES;185;34079;Base GRIJOTA;PALENCIA
47183;34079;21.45548352967921;47183;VALDUNQUILLO;116;34079;Base GRIJOTA;PALENCIA
47188;47175;17.11238508354789;47188;VEGA DE VALDETRONCO;91;47175;Base TUDELA DE DUERO;VALLADOLID
47192;47175;12.716724697064738;47192;VENTOSA DE LA CUESTA;101;47175;Base TUDELA DE DUERO;VALLADOLID
47193;47175;9.285841236152208;47193;VIANA DE CEGA;2292;47175;Base TUDELA DE DUERO;VALLADOLID
47197;34079;18.976434763121468;47197;VILLABRÁGIMA;1048;34079;Base GRIJOTA;PALENCIA
47198;34079;16.186868026350098;47198;VILLACARRALÓN;66;34079;Base GRIJOTA;PALENCIA
47199;34079;17.2588336933485;47199;VILLACID DE CAMPOS;82;34079;Base GRIJOTA;PALENCIA
47200;47175;13.46573383267604;47200;VILLACO;75;47175;Base TUDELA DE DUERO;VALLADOLID
47209;34079;19.763084205699805;47209;VILLALÁN DE CAMPOS;32;34079;Base GRIJOTA;PALENCIA
47210;49125;17.077388012701654;47210;VILLALAR DE LOS COMUNEROS;490;49125;Base MORALEJA DEL VINO;ZAMORA
47212;34079;13.566579739458174;47212;VILLALBA DE LOS ALCORES;392;34079;Base GRIJOTA;PALENCIA
47213;49125;15.928892900555624;47213;VILLALBARBA;100;49125;Base MORALEJA DEL VINO;ZAMORA
47214;34079;15.275630960584712;47214;VILLALÓN DE CAMPOS;1496;34079;Base GRIJOTA;PALENCIA
47217;47175;11.879695280300359;47217;VILLANUBLA;2915;47175;Base TUDELA DE DUERO;VALLADOLID
47221;47175;9.222282919512377;47221;VILLANUEVA DE LOS INFANTES;112;47175;Base TUDELA DE DUERO;VALLADOLID
47223;49125;17.090787110105964;47223;VILLARDEFRADES;136;49125;Base MORALEJA DEL VINO;ZAMORA
47224;47175;8.17467058628747;47224;VILLARMENTERO DE ESGUEVA;102;47175;Base TUDELA DE DUERO;VALLADOLID
47226;47175;8.5902336885027;47226;VILLAVAQUERÍN;145;47175;Base TUDELA DE DUERO;VALLADOLID
49002;49125;12.208899844810071;49002;ABEZAMES;60;49125;Base MORALEJA DEL VINO;ZAMORA
49005;49125;15.293307677674852;49005;ALFARAZ DE SAYAGO;124;49125;Base MORALEJA DEL VINO;ZAMORA
49007;49125;10.899379015036791;49007;ALMARAZ DE DUERO;397;49125;Base MORALEJA DEL VINO;ZAMORA
49012;49125;17.60467778519086;49012;ARGAÑÍN;80;49125;Base MORALEJA DEL VINO;ZAMORA
49013;49125;9.833350797642648;49013;ARGUJILLO;218;49125;Base MORALEJA DEL VINO;ZAMORA
49015;24142;21.47928048398926;49015;ARRABALDE;194;24142;Base SAN ANDRÉS DEL RABANEDO;LEÓN
49016;49125;11.537770082430221;49016;ASPARIEGOS;225;49125;Base MORALEJA DEL VINO;ZAMORA
49017;24115;20.230378136300352;49017;ASTURIANOS;260;24115;Base PONFERRADA;El Bierzo
49020;49125;14.155981681321398;49020;BELVER DE LOS MONTES;253;49125;Base MORALEJA DEL VINO;ZAMORA
49022;49125;10.036648556399207;49022;BENEGILES;268;49125;Base MORALEJA DEL VINO;ZAMORA
49026;49125;17.971883957391864;49026;BRETOCINO;195;49125;Base MORALEJA DEL VINO;ZAMORA
49027;24115;24.24327943710374;49027;BRIME DE SOG;116;24115;Base PONFERRADA;El Bierzo
49029;49125;19.2152113431816;49029;BURGANES DE VALVERDE;618;49125;Base MORALEJA DEL VINO;ZAMORA
49030;49125;12.81156205663524;49030;BUSTILLO DEL ORO;79;49125;Base MORALEJA DEL VINO;ZAMORA
49031;49125;9.977099983822228;49031;CABAÑAS DE SAYAGO;151;49125;Base MORALEJA DEL VINO;ZAMORA
49033;49125;23.199642232754456;49033;CAMARZANA DE TERA;746;49125;Base MORALEJA DEL VINO;ZAMORA
49038;49125;8.34863181194373;49038;CASASECA DE CAMPEÁN;86;49125;Base MORALEJA DEL VINO;ZAMORA
49042;49125;13.269958823407652;49042;CASTRONUEVO;218;49125;Base MORALEJA DEL VINO;ZAMORA
49043;34079;21.77473674766558;49043;CASTROVERDE DE CAMPOS;256;34079;Base GRIJOTA;PALENCIA
49047;49125;11.682032549560033;49047;CERECINOS DEL CARRIZAL;108;49125;Base MORALEJA DEL VINO;ZAMORA
49054;49125;8.5342391187802;49054;CORRALES DEL VINO;929;49125;Base MORALEJA DEL VINO;ZAMORA
49059;49125;9.71254494164634;49059;CUELGAMURES;80;49125;Base MORALEJA DEL VINO;ZAMORA
49146;49125;10.828905094589352;49146;EL PEGO;284;49125;Base MORALEJA DEL VINO;ZAMORA
49151;49125;7.677768131382249;49151;EL PERDIGÓN;650;49125;Base MORALEJA DEL VINO;ZAMORA
49062;24115;18.849897722556243;49062;ESPADAÑEDO;104;24115;Base PONFERRADA;El Bierzo
49064;49125;19.023478426386163;49064;FARIZA;496;49125;Base MORALEJA DEL VINO;ZAMORA
49065;49125;22.452475243258586;49065;FERMOSELLE;1149;49125;Base MORALEJA DEL VINO;ZAMORA
49068;49125;18.1732955054801;49068;FERRERUELA;419;49125;Base MORALEJA DEL VINO;ZAMORA
49069;24115;25.86843654737999;49069;FIGUERUELA DE ARRIBA;318;24115;Base PONFERRADA;El Bierzo
49077;49125;13.385850989398534;49077;FRESNO DE SAYAGO;143;49125;Base MORALEJA DEL VINO;ZAMORA
49083;49125;11.511529206578455;49083;FUENTESECAS;44;49125;Base MORALEJA DEL VINO;ZAMORA
49086;49125;9.513532771179708;49086;GALLEGOS DEL PAN;116;49125;Base MORALEJA DEL VINO;ZAMORA
49090;49125;6.311959917139473;49090;GEMA;197;49125;Base MORALEJA DEL VINO;ZAMORA
49024;49125;11.706338318077105;49024;LA BÓVEDA DE TORO;676;49125;Base MORALEJA DEL VINO;ZAMORA
49100;24115;22.00754588902827;49100;LUBIÁN;290;24115;Base PONFERRADA;El Bierzo
49104;49125;25.46137787378228;49104;MAHIDE;310;49125;Base MORALEJA DEL VINO;ZAMORA
49107;49125;11.937658982076648;49107;MALVA;100;49125;Base MORALEJA DEL VINO;ZAMORA
49109;49125;22.493257302217312;49109;MANGANESES DE LA POLVOROSA;641;49125;Base MORALEJA DEL VINO;ZAMORA
49114;49125;10.00761868491931;49114;MATILLA LA SECA;36;49125;Base MORALEJA DEL VINO;ZAMORA
49116;49125;22.292512163724876;49116;MELGAR DE TERA;351;49125;Base MORALEJA DEL VINO;ZAMORA
49117;49125;21.701031894785483;49117;MICERECES DE TERA;414;49125;Base MORALEJA DEL VINO;ZAMORA
49124;49125;15.104071507486031;49124;MORAL DE SAYAGO;262;49125;Base MORALEJA DEL VINO;ZAMORA
49127;49125;6.760367139195058;49127;MORALES DEL VINO;3085;49125;Base MORALEJA DEL VINO;ZAMORA
49136;49125;17.520284799977773;49136;MUGA DE SAYAGO;317;49125;Base MORALEJA DEL VINO;ZAMORA
49143;24115;20.068965812189163;49143;PALACIOS DE SANABRIA;230;24115;Base PONFERRADA;El Bierzo
49147;49125;8.998021287505898;49147;PELEAGONZALO;294;49125;Base MORALEJA DEL VINO;ZAMORA
49148;49125;7.236788322688431;49148;PELEAS DE ABAJO;255;49125;Base MORALEJA DEL VINO;ZAMORA
49149;49125;12.169823171768229;49149;PEÑAUSENDE;375;49125;Base MORALEJA DEL VINO;ZAMORA
49153;49125;14.411289299932522;49153;PERILLA DE CASTRO;148;49125;Base MORALEJA DEL VINO;ZAMORA
49157;49125;16.114446080241933;49157;PINO DEL ORO;175;49125;Base MORALEJA DEL VINO;ZAMORA
49160;49125;12.656750448584678;49160;POBLADURA DE VALDERADUEY;35;49125;Base MORALEJA DEL VINO;ZAMORA
49159;24142;20.65549096407094;49159;POBLADURA DEL VALLE;273;24142;Base SAN ANDRÉS DEL RABANEDO;LEÓN
49168;49125;19.13868891251677;49168;QUINTANILLA DEL MONTE;95;49125;Base MORALEJA DEL VINO;ZAMORA
49173;49125;24.54213167220913;49173;RÁBANO DE ALISTE;314;49125;Base MORALEJA DEL VINO;ZAMORA
49178;49125;8.818265144291413;49178;ROALES;1022;49125;Base MORALEJA DEL VINO;ZAMORA
49183;49125;19.05666712372029;49183;SALCE;85;49125;Base MORALEJA DEL VINO;ZAMORA
49184;49125;18.164381333329967;49184;SAMIR DE LOS CAÑOS;156;49125;Base MORALEJA DEL VINO;ZAMORA
49185;49125;17.93749395648657;49185;SAN AGUSTÍN DEL POZO;166;49125;Base MORALEJA DEL VINO;ZAMORA
49186;49125;12.728634446224806;49186;SAN CEBRIÁN DE CASTRO;249;49125;Base MORALEJA DEL VINO;ZAMORA
49188;49125;19.57835495817051;49188;SAN ESTEBAN DEL MOLAR;109;49125;Base MORALEJA DEL VINO;ZAMORA
49208;49125;22.041723976212467;49208;SAN VICENTE DE LA CABEZA;323;49125;Base MORALEJA DEL VINO;ZAMORA
49209;49125;23.396339696276257;49209;SAN VITERO;429;49125;Base MORALEJA DEL VINO;ZAMORA
49199;49125;20.028375528659506;49199;SANTA COLOMBA DE LAS MONJAS;232;49125;Base MORALEJA DEL VINO;ZAMORA
49224;24115;17.944908403258566;49224;TREFACIO;165;24115;Base PONFERRADA;El Bierzo
49225;24115;22.28933157798649;49225;UÑA DE QUINTANA;121;24115;Base PONFERRADA;El Bierzo
49228;49125;9.630625810453367;49228;VALDEFINJAS;59;49125;Base MORALEJA DEL VINO;ZAMORA
49232;49125;21.03288627170344;49232;VEGA DE VILLALOBOS;91;49125;Base MORALEJA DEL VINO;ZAMORA
49235;49125;13.77183592164765;49235;VEZDEMARBÁN;439;49125;Base MORALEJA DEL VINO;ZAMORA
49236;49125;18.689565758615565;49236;VIDAYANES;76;49125;Base MORALEJA DEL VINO;ZAMORA
49239;49125;11.197002211047;49239;VILLABUENA DEL PUENTE;586;49125;Base MORALEJA DEL VINO;ZAMORA
49240;49125;16.098184087192745;49240;VILLADEPERA;179;49125;Base MORALEJA DEL VINO;ZAMORA
49241;37294;13.68622104319875;49241;VILLAESCUSA;237;37294;Base SANTA MARTA DE TORMES;SALAMANCA
49246;49125;13.525792449618782;49246;VILLALBA DE LA LAMPREANA;212;49125;Base MORALEJA DEL VINO;ZAMORA
49248;49125;20.29212521874123;49248;VILLALOBOS;193;49125;Base MORALEJA DEL VINO;ZAMORA
49250;49125;18.379573421875328;49250;VILLALPANDO;1399;49125;Base MORALEJA DEL VINO;ZAMORA
49252;49125;19.776379764218028;49252;VILLAMAYOR DE CAMPOS;339;49125;Base MORALEJA DEL VINO;ZAMORA
49255;49125;11.616447522936227;49255;VILLAMOR DE LOS ESCUDEROS;365;49125;Base MORALEJA DEL VINO;ZAMORA
49256;49125;20.77035012085024;49256;VILLANÁZAR;249;49125;Base MORALEJA DEL VINO;ZAMORA
49262;24115;24.614373649550004;49262;VILLARDECIERVOS;392;24115;Base PONFERRADA;El Bierzo
49265;49125;17.144674398515633;49265;VILLARDIEGUA DE LA RIBERA;116;49125;Base MORALEJA DEL VINO;ZAMORA
49267;49125;12.31890140299922;49267;VILLARDONDIEGO;127;49125;Base MORALEJA DEL VINO;ZAMORA
49268;49125;15.14006078858877;49268;VILLARRÍN DE CAMPOS;415;49125;Base MORALEJA DEL VINO;ZAMORA
49270;49125;12.947323033195644;49270;VILLAVENDIMIO;156;49125;Base MORALEJA DEL VINO;ZAMORA
5001;40194;15.962433271716016;5001;ADANERO;208;40194;Base SEGOVIA;SEGOVIA
5005;5057;20.083119038048945;5005;ALBORNOS;175;5057;Base CEBREROS;ÁVILA
5015;37294;17.50340962900607;5015;AREVALILLO;58;37294;Base SANTA MARTA DE TORMES;SALAMANCA
5023;37294;21.394510074837793;5023;BARROMÁN;175;37294;Base SANTA MARTA DE TORMES;SALAMANCA
5029;37294;20.769222837023676;5029;BERNUY-ZAPARDIEL;84;37294;Base SANTA MARTA DE TORMES;SALAMANCA
5030;5057;12.98505204810321;5030;BERROCALEJO DE ARAGONA;56;5057;Base CEBREROS;ÁVILA
5045;40194;20.560601948710882;5045;CABIZUELA;88;40194;Base SEGOVIA;SEGOVIA
5046;37294;21.792128092294895;5046;CANALES;35;37294;Base SANTA MARTA DE TORMES;SALAMANCA
5054;5057;13.764728856089844;5054;CASAVIEJA;1394;5057;Base CEBREROS;ÁVILA
5057;5057;5.0;5057;CEBREROS;3239;5057;Base CEBREROS;ÁVILA
5062;37294;21.174383620025875;5062;COLLADO DE CONTRERAS;145;37294;Base SANTA MARTA DE TORMES;SALAMANCA
5064;40194;22.156444485357785;5064;CONSTANZANA;99;40194;Base SEGOVIA;SEGOVIA
5013;5057;20.48994631469709;5013;EL ARENAL;978;5057;Base CEBREROS;ÁVILA
5112;37294;22.032052832630768;5112;EL LOSAR DEL BARCO;63;37294;Base SANTA MARTA DE TORMES;SALAMANCA
5129;37294;18.69789178976076;5129;EL MIRÓN;98;37294;Base SANTA MARTA DE TORMES;SALAMANCA
5078;37294;21.90772573361133;5078;FUENTES DE AÑO;88;37294;Base SANTA MARTA DE TORMES;SALAMANCA
5079;5057;17.63927289054842;5079;GALLEGOS DE ALTAMIROS;60;5057;Base CEBREROS;ÁVILA
5085;37294;24.802781863616133;5085;GIL GARCÍA;47;37294;Base SANTA MARTA DE TORMES;SALAMANCA
5087;5057;17.940896618225807;5087;GOTARRENDURA;167;5057;Base CEBREROS;ÁVILA
5088;5057;19.575754190983155;5088;GRANDES Y SAN MARTÍN;32;5057;Base CEBREROS;ÁVILA
5089;5057;22.140956367482303;5089;GUISANDO;474;5057;Base CEBREROS;ÁVILA
5090;40194;16.749322459869664;5090;GUTIERRE-MUÑOZ;64;40194;Base SEGOVIA;SEGOVIA
5094;37294;19.301938183485724;5094;HERREROS DE SUSO;140;37294;Base SANTA MARTA DE TORMES;SALAMANCA
5002;5057;11.134285183156834;5002;LA ADRADA;2796;5057;Base CEBREROS;ÁVILA
5096;5057;16.964470029849863;5096;LA HIJA DE DIOS;75;5057;Base CEBREROS;ÁVILA
5097;37294;21.051768878917787;5097;LA HORCAJADA;457;37294;Base SANTA MARTA DE TORMES;SALAMANCA
5118;37294;17.072497761980365;5118;MANCERA DE ARRIBA;70;37294;Base SANTA MARTA DE TORMES;SALAMANCA
5119;37294;20.353056437726703;5119;MANJABÁLAGO Y ORTIGOSA DE RIOALMAR;26;37294;Base SANTA MARTA DE TORMES;SALAMANCA
5121;5057;14.881165980453279;5121;MARTIHERRERO;361;5057;Base CEBREROS;ÁVILA
5122;37294;16.66505024887542;5122;MARTÍNEZ;108;37294;Base SANTA MARTA DE TORMES;SALAMANCA
5126;37294;20.557576623594482;5126;MESEGAR DE CORNEJA;66;37294;Base SANTA MARTA DE TORMES;SALAMANCA
5127;5057;14.866848857291563;5127;MIJARES;731;5057;Base CEBREROS;ÁVILA
5128;5057;15.103586976031153;5128;MINGORRÍA;410;5057;Base CEBREROS;ÁVILA
5130;5057;13.860034633133687;5130;MIRONCILLO;112;5057;Base CEBREROS;ÁVILA
5131;37294;18.90602441277929;5131;MIRUEÑA DE LOS INFANZONES;95;37294;Base SANTA MARTA DE TORMES;SALAMANCA
5133;5057;17.00602693079395;5133;MONSALUPE;59;5057;Base CEBREROS;ÁVILA
5135;5057;18.339753491546098;5135;MUÑANA;502;5057;Base CEBREROS;ÁVILA
5138;5057;16.04084544840459;5138;MUÑOGALINDO;300;5057;Base CEBREROS;ÁVILA
5139;5057;20.308307909171315;5139;MUÑOGRANDE;74;5057;Base CEBREROS;ÁVILA
5140;5057;20.566415774271523;5140;MUÑOMER DEL PECO;111;5057;Base CEBREROS;ÁVILA
5142;37294;18.680514527200806;5142;MUÑOSANCHO;88;37294;Base SANTA MARTA DE TORMES;SALAMANCA
5143;5057;18.55427534747762;5143;MUÑOTELLO;49;5057;Base CEBREROS;ÁVILA
5144;37294;17.2024477126021;5144;NARRILLOS DEL ÁLAMO;59;37294;Base SANTA MARTA DE TORMES;SALAMANCA
5157;5057;15.805555971339588;5157;NAVALACRUZ;204;5057;Base CEBREROS;ÁVILA
5160;5057;15.894469760324185;5160;NAVALOSA;324;5057;Base CEBREROS;ÁVILA
5161;5057;9.424138402704873;5161;NAVALPERAL DE PINARES;826;5057;Base CEBREROS;ÁVILA
5162;5057;24.544161076157632;5162;NAVALPERAL DE TORMES;77;5057;Base CEBREROS;ÁVILA
5163;5057;10.769067141980086;5163;NAVALUENGA;2172;5057;Base CEBREROS;ÁVILA
5164;5057;15.2958266842852;5164;NAVAQUESERA;43;5057;Base CEBREROS;ÁVILA
5169;5057;14.43346677537316;5169;NAVATALGORDO;237;5057;Base CEBREROS;ÁVILA
5171;37294;20.929750482734025;5171;NEILA DE SAN MIGUEL;62;37294;Base SANTA MARTA DE TORMES;SALAMANCA
5172;5057;14.551004374541645;5172;NIHARRA;183;5057;Base CEBREROS;ÁVILA
5174;40194;17.04214534022424;5174;ORBITA;69;40194;Base SEGOVIA;SEGOVIA
5176;5057;15.126686096060569;5176;PADIERNOS;275;5057;Base CEBREROS;ÁVILA
5177;40194;16.82750559301887;5177;PAJARES DE ADAJA;127;40194;Base SEGOVIA;SEGOVIA
5181;37294;17.06826197080158;5181;PASCUALCOBO;39;37294;Base SANTA MARTA DE TORMES;SALAMANCA
5186;37294;21.30042332698718;5186;PIEDRAHÍTA;1637;37294;Base SANTA MARTA DE TORMES;SALAMANCA
5195;5057;12.756558456676672;5195;RIOFRÍO;191;5057;Base CEBREROS;ÁVILA
5196;37294;19.813224823521168;5196;RIVILLA DE BARAJAS;56;37294;Base SANTA MARTA DE TORMES;SALAMANCA
5201;5057;8.199027721422311;5201;SAN BARTOLOMÉ DE PINARES;489;5057;Base CEBREROS;ÁVILA
5209;37294;18.00687768994035;5209;SAN GARCÍA DE INGELMOS;66;37294;Base SANTA MARTA DE TORMES;SALAMANCA
5213;5057;19.778883886495983;5213;SAN JUAN DEL OLMO;81;5057;Base CEBREROS;ÁVILA
5218;37294;16.563981354272798;5218;SAN MIGUEL DE SERREZUELA;106;37294;Base SANTA MARTA DE TORMES;SALAMANCA
5220;5057;19.10651211857617;5220;SAN PEDRO DEL ARROYO;501;5057;Base CEBREROS;ÁVILA
5205;5057;17.177287344967503;5205;SANCHORREJA;79;5057;Base CEBREROS;ÁVILA
5222;5057;8.749836854265537;5222;SANTA CRUZ DE PINARES;170;5057;Base CEBREROS;ÁVILA
5225;37294;19.314683464189706;5225;SANTA MARÍA DEL BERROCAL;382;37294;Base SANTA MARTA DE TORMES;SALAMANCA
5902;5057;13.718796232326657;5902;SANTA MARÍA DEL CUBILLO;322;5057;Base CEBREROS;ÁVILA
5228;37294;21.876510731314678;5228;SANTIAGO DEL COLLADO;162;37294;Base SANTA MARTA DE TORMES;SALAMANCA
5229;5057;16.518811996872312;5229;SANTO DOMINGO DE LAS POSADAS;69;5057;Base CEBREROS;ÁVILA
5230;5057;19.39903179885482;5230;SANTO TOMÉ DE ZABARCOS;71;5057;Base CEBREROS;ÁVILA
5236;37294;24.259505095573605;5236;SOLANA DE ÁVILA;100;37294;Base SANTA MARTA DE TORMES;SALAMANCA
5237;5057;20.219491029067335;5237;SOLANA DE RIOALMAR;138;5057;Base CEBREROS;ÁVILA
5240;5057;10.604903641831896;5240;SOTILLO DE LA ADRADA;5003;5057;Base CEBREROS;ÁVILA
5243;5057;14.39959601724671;5243;TOLBAÑOS;86;5057;Base CEBREROS;ÁVILA
5244;37294;24.75140394763766;5244;TORMELLAS;35;37294;Base SANTA MARTA DE TORMES;SALAMANCA
5252;5057;19.048703549387373;5252;VALDECASA;56;5057;Base CEBREROS;ÁVILA
5257;37294;21.5277265645129;5257;VILLAFRANCA DE LA SIERRA;134;37294;Base SANTA MARTA DE TORMES;SALAMANCA
5265;37294;19.92554517876222;5265;VITA;71;37294;Base SANTA MARTA DE TORMES;SALAMANCA
9007;9059;16.298366189236347;9007;AGUILAR DE BUREBA;50;9059;Base BURGOS;BURGOS
9009;9059;7.771027874297772;9009;ALBILLOS;214;9059;Base BURGOS;BURGOS
9012;9059;24.44235073425651;9012;ALFOZ DE SANTA GADEA;101;9059;Base BURGOS;BURGOS
9016;9059;22.264741474430455;9016;AMEYUGO;108;9059;Base BURGOS;BURGOS
9017;47175;20.56550310116612;9017;ANGUIX;156;47175;Base TUDELA DE DUERO;VALLADOLID
9018;9059;25.308404634205182;9018;ARANDA DE DUERO;33757;9059;Base BURGOS;BURGOS
9021;9059;22.12533252808545;9021;ARAUZO DE SALCE;46;9059;Base BURGOS;BURGOS
9025;9059;25.51048840189903;9025;ARIJA;115;9059;Base BURGOS;BURGOS
9027;9059;12.220354258016018;9027;ARRAYA DE OCA;53;9059;Base BURGOS;BURGOS
9029;9059;9.55478798978709;9029;ATAPUERCA;180;9059;Base BURGOS;BURGOS
9033;9059;19.558940320957333;9033;BAHABÓN DE ESGUEVA;84;9059;Base BURGOS;BURGOS
9035;9059;22.60026502068704;9035;BAÑOS DE VALDEARADOS;318;9059;Base BURGOS;BURGOS
9037;9059;18.182793721917704;9037;BARBADILLO DE HERREROS;104;9059;Base BURGOS;BURGOS
9044;9059;10.679732865526054;9044;BARRIOS DE COLINA;55;9059;Base BURGOS;BURGOS
9045;9059;17.664580595355954;9045;BASCONCILLOS DEL TOZO;294;9059;Base BURGOS;BURGOS
9046;9059;19.14745370097164;9046;BASCUÑANA;18;9059;Base BURGOS;BURGOS
9048;9059;16.774324253838977;9048;BELORADO;1834;9059;Base BURGOS;BURGOS
9054;9059;23.10208950431842;9054;BOZOÓ;102;9059;Base BURGOS;BURGOS
9055;42095;24.13896281878539;9055;BRAZACORTA;45;42095;Base GOLMAYO;SORIA
9056;9059;15.59035828438476;9056;BRIVIESCA;6560;9059;Base BURGOS;BURGOS
9061;9059;20.567096519280604;9061;CABAÑES DE ESGUEVA;149;9059;Base BURGOS;BURGOS
9066;9059;14.157571578426097;9066;CAMPOLARA;48;9059;Base BURGOS;BURGOS
9070;9059;18.761526610398466;9070;CARAZO;39;9059;Base BURGOS;BURGOS
9072;9059;7.468850678853157;9072;CARCEDO DE BURGOS;484;9059;Base BURGOS;BURGOS
9076;9059;15.324383753593377;9076;CARRIAS;24;9059;Base BURGOS;BURGOS
9083;9059;13.325405088517398;9083;CASTIL DE PEONES;35;9059;Base BURGOS;BURGOS
9082;9059;19.161466040446985;9082;CASTILDELGADO;28;9059;Base BURGOS;BURGOS
9084;9059;20.03056639803274;9084;CASTRILLO DE LA REINA;158;9059;Base BURGOS;BURGOS
9088;9059;18.384421346658435;9088;CASTRILLO DE RIOPISUERGA;58;9059;Base BURGOS;BURGOS
9090;9059;15.555267007271649;9090;CASTRILLO MOTA DE JUDÍOS;52;9059;Base BURGOS;BURGOS
9095;9059;10.662458792477587;9095;CELADA DEL CAMINO;90;9059;Base BURGOS;BURGOS
9103;9059;18.998329662256623;9103;CILLERUELO DE ABAJO;209;9059;Base BURGOS;BURGOS
9104;9059;18.26595429223971;9104;CILLERUELO DE ARRIBA;49;9059;Base BURGOS;BURGOS
9109;9059;29.493406826559696;9109;CONDADO DE TREVIÑO;1489;9059;Base BURGOS;BURGOS
9113;9059;14.555620696556343;9113;COVARRUBIAS;505;9059;Base BURGOS;BURGOS
9115;9059;19.340505594099298;9115;CUBO DE BUREBA;101;9059;Base BURGOS;BURGOS
9119;9059;12.094106117988119;9119;CUEVAS DE SAN CLEMENTE;45;9059;Base BURGOS;BURGOS
9124;9059;27.550078529016062;9124;ESPINOSA DE LOS MONTEROS;1648;9059;Base BURGOS;BURGOS
9125;9059;9.760546845608534;9125;ESTÉPAR;634;9059;Base BURGOS;BURGOS
9129;9059;17.751297681629975;9129;FRESNEDA DE LA SIERRA TIRÓN;97;9059;Base BURGOS;BURGOS
9130;9059;17.948863385301664;9130;FRESNEÑA;66;9059;Base BURGOS;BURGOS
9131;9059;26.08016875276417;9131;FRESNILLO DE LAS DUEÑAS;693;9059;Base BURGOS;BURGOS
9132;9059;17.36715122212249;9132;FRESNO DE RÍO TIRÓN;160;9059;Base BURGOS;BURGOS
9135;9059;18.751851635684694;9135;FUENTEBUREBA;56;9059;Base BURGOS;BURGOS
9137;47175;26.30408189040294;9137;FUENTELCÉSPED;273;47175;Base TUDELA DE DUERO;VALLADOLID
9138;47175;20.44320297899995;9138;FUENTELISENDO;99;47175;Base TUDELA DE DUERO;VALLADOLID
9141;47175;25.37430671953736;9141;FUENTESPINA;816;47175;Base TUDELA DE DUERO;VALLADOLID
9143;9059;13.241164201235968;9143;GALBARROS;27;9059;Base BURGOS;BURGOS
9149;9059;17.428653148719192;9149;GRISALEÑA;53;9059;Base BURGOS;BURGOS
9154;9059;19.272593225851672;9154;HACINAS;149;9059;Base BURGOS;BURGOS
9160;47175;22.783102202503805;9160;HONTANGAS;99;47175;Base TUDELA DE DUERO;VALLADOLID
9164;9059;23.600994546931016;9164;HONTORIA DE VALDEARADOS;164;9059;Base BURGOS;BURGOS
9163;42095;19.69072033459976;9163;HONTORIA DEL PINAR;610;42095;Base GOLMAYO;SORIA
9167;9059;9.979527462525851;9167;HORNILLOS DEL CAMINO;46;9059;Base BURGOS;BURGOS
9170;47175;21.432496553293195;9170;HOYALES DE ROA;212;47175;Base TUDELA DE DUERO;VALLADOLID
9173;9059;20.533337664966524;9173;HUERTA DE ARRIBA;128;9059;Base BURGOS;BURGOS
9174;9059;22.16251659434973;9174;HUERTA DE REY;881;9059;Base BURGOS;BURGOS
9177;9059;8.771851258907219;9177;IBEAS DE JUARROS;1445;9059;Base BURGOS;BURGOS
9179;9059;16.57256600156505;9179;IGLESIARRUBIA;45;9059;Base BURGOS;BURGOS
9190;9059;27.667909008254785;9190;JUNTA DE VILLALBA DE LOSA;78;9059;Base BURGOS;BURGOS
9168;47175;21.69986297470085;9168;LA HORRA;303;47175;Base TUDELA DE DUERO;VALLADOLID
9276;9059;28.384919216876973;9276;LA PUEBLA DE ARGANZÓN;557;9059;Base BURGOS;BURGOS
9312;9059;18.007916311093844;9312;LA REVILLA Y AHEDO;101;9059;Base BURGOS;BURGOS
9421;9059;27.148555643840762;9421;LA VID Y BARRIOS;245;9059;Base BURGOS;BURGOS
9297;9059;8.266825395678321;9297;LAS QUINTANILLAS;388;9059;Base BURGOS;BURGOS
9194;9059;14.595618025362283;9194;LERMA;2556;9059;Base BURGOS;BURGOS
9030;9059;9.321906426093047;9030;LOS AUSINES;165;9059;Base BURGOS;BURGOS
9198;9059;13.562210432086815;9198;MAHAMUD;105;9059;Base BURGOS;BURGOS
9200;9059;14.252900050200736;9200;MAMBRILLAS DE LARA;56;9059;Base BURGOS;BURGOS
9213;9059;21.470410253548454;9213;MERINDAD DE CUESTA-URRIA;270;9059;Base BURGOS;BURGOS
9214;9059;27.630381605754174;9214;MERINDAD DE MONTIJA;736;9059;Base BURGOS;BURGOS
9906;9059;7.956605594500943;9906;MERINDAD DE RÍO UBIERNA;1411;9059;Base BURGOS;BURGOS
9220;9059;20.100594046705027;9220;MIRAVECHE;95;9059;Base BURGOS;BURGOS
9225;42095;21.290297993727705;9225;MONCALVILLO;76;42095;Base GOLMAYO;SORIA
9226;9059;19.49451010433687;9226;MONTERRUBIO DE LA DEMANDA;56;9059;Base BURGOS;BURGOS
9227;9059;12.561698284449275;9227;MONTORIO;149;9059;Base BURGOS;BURGOS
9229;47175;19.005188993944063;9229;NAVA DE ROA;199;47175;Base TUDELA DE DUERO;VALLADOLID
9239;9059;20.475994111538423;9239;OQUILLAS;49;9059;Base BURGOS;BURGOS
9241;9059;7.734782994278179;9241;ORBANEJA RIOPICO;350;9059;Base BURGOS;BURGOS
9249;9059;12.736845020800528;9249;PALAZUELOS DE MUÑÓ;54;9059;Base BURGOS;BURGOS
9253;47175;24.749498319538144;9253;PARDILLA;102;47175;Base TUDELA DE DUERO;VALLADOLID
9257;9059;11.780503352543281;9257;PEDROSA DEL PÁRAMO;89;9059;Base BURGOS;BURGOS
9261;9059;25.429766579819134;9261;PEÑARANDA DE DUERO;465;9059;Base BURGOS;BURGOS
9266;9059;14.89305237540541;9266;PINEDA DE LA SIERRA;94;9059;Base BURGOS;BURGOS
9268;9059;20.662545736297343;9268;PINILLA DE LOS BARRUECOS;98;9059;Base BURGOS;BURGOS
9273;9059;14.372721316675745;9273;PRÁDANOS DE BUREBA;56;9059;Base BURGOS;BURGOS
9277;9059;14.479487612128672;9277;PUENTEDURA;122;9059;Base BURGOS;BURGOS
9281;9059;22.681711902836216;9281;QUINTANA DEL PIDIO;149;9059;Base BURGOS;BURGOS
9280;9059;15.61258091513428;9280;QUINTANABUREBA;31;9059;Base BURGOS;BURGOS
9289;42095;18.371691236796156;9289;QUINTANAR DE LA SIERRA;1513;42095;Base GOLMAYO;SORIA
9302;42095;20.678129114216958;9302;RABANERA DEL PINAR;99;42095;Base GOLMAYO;SORIA
9303;9059;14.7684696781926;9303;RÁBANOS;79;9059;Base BURGOS;BURGOS
9308;9059;18.753305441967107;9308;REDECILLA DEL CAMPO;67;9059;Base BURGOS;BURGOS
9321;47175;20.173243974053918;9321;ROA;2244;47175;Base TUDELA DE DUERO;VALLADOLID
9323;9059;14.258864748482623;9323;ROJAS;60;9059;Base BURGOS;BURGOS
9325;9059;16.871638210753993;9325;ROYUELA DE RÍO FRANCO;170;9059;Base BURGOS;BURGOS
9327;9059;12.898672001272985;9327;RUBLACEDO DE ABAJO;33;9059;Base BURGOS;BURGOS
9330;9059;18.543772771476156;9330;SALAS DE LOS INFANTES;1984;9059;Base BURGOS;BURGOS
9340;9059;15.192840424610303;9340;SAN MILLÁN DE LARA;61;9059;Base BURGOS;BURGOS
9360;9059;17.158180247577853;9360;SAN VICENTE DEL VALLE;28;9059;Base BURGOS;BURGOS
9348;9059;14.122159196452749;9348;SANTA INÉS;155;9059;Base BURGOS;BURGOS
9361;9059;18.5213248916007;9361;SARGENTES DE LA LORA;133;9059;Base BURGOS;BURGOS
9363;9059;12.9669185194359;9363;SASAMÓN;912;9059;Base BURGOS;BURGOS
9368;9059;14.75568811744602;9368;SORDILLOS;22;9059;Base BURGOS;BURGOS
9369;9059;22.32334448260364;9369;SOTILLO DE LA RIBERA;470;9059;Base BURGOS;BURGOS
9372;9059;7.0843012709114115;9372;SOTRAGERO;301;9059;Base BURGOS;BURGOS
9374;9059;11.352438911776261;9374;SUSINOS DEL PÁRAMO;118;9059;Base BURGOS;BURGOS
9375;9059;11.754148491262509;9375;TAMARÓN;55;9059;Base BURGOS;BURGOS
9382;9059;11.81936665727869;9382;TOBAR;27;9059;Base BURGOS;BURGOS
9386;9059;12.45777512383517;9386;TORRECILLA DEL MONTE;79;9059;Base BURGOS;BURGOS
9387;47175;23.75173196762843;9387;TORREGALINDO;123;47175;Base TUDELA DE DUERO;VALLADOLID
9390;9059;21.19153702540065;9390;TORRESANDINO;574;9059;Base BURGOS;BURGOS
9396;9059;21.588667613177027;9396;TUBILLA DEL LAGO;171;9059;Base BURGOS;BURGOS
9398;9059;14.00463321985703;9398;ÚRBEL DEL CASTILLO;58;9059;Base BURGOS;BURGOS
9403;9059;20.914467454751883;9403;VALDEANDE;98;9059;Base BURGOS;BURGOS
9405;47175;19.729664521360423;9405;VALDEZATE;121;47175;Base TUDELA DE DUERO;VALLADOLID
9408;9059;18.471722190365128;9408;VALLARTA DE BUREBA;42;9059;Base BURGOS;BURGOS
9904;9059;8.700001224287094;9904;VALLE DE LAS NAVAS;543;9059;Base BURGOS;BURGOS
9409;9059;21.867960951180905;9409;VALLE DE MANZANEDO;115;9059;Base BURGOS;BURGOS
9905;9059;16.439288147590865;9905;VALLE DE SEDANO;409;9059;Base BURGOS;BURGOS
9412;9059;21.740852482777203;9412;VALLE DE TOBALINA;863;9059;Base BURGOS;BURGOS
9414;9059;19.26193653127143;9414;VALLE DE VALDELAGUNA;191;9059;Base BURGOS;BURGOS
9415;9059;19.7353837568335;9415;VALLE DE VALDELUCIO;330;9059;Base BURGOS;BURGOS
9416;9059;20.455712873022065;9416;VALLE DE ZAMANZAS;45;9059;Base BURGOS;BURGOS
9407;9059;15.1332878671058;9407;VALMALA;26;9059;Base BURGOS;BURGOS
9423;9059;17.055904441929616;9423;VILEÑA;27;9059;Base BURGOS;BURGOS
9427;9059;13.653451985176055;9427;VILLADIEGO;1455;9059;Base BURGOS;BURGOS
9428;47175;18.467210806056112;9428;VILLAESCUSA DE ROA;90;47175;Base TUDELA DE DUERO;VALLADOLID
9437;9059;14.290783975877378;9437;VILLAHOZ;287;9059;Base BURGOS;BURGOS
9438;47175;24.186761659944196;9438;VILLALBA DE DUERO;706;47175;Base TUDELA DE DUERO;VALLADOLID
9444;9059;14.976372473862728;9444;VILLAMAYOR DE TREVIÑO;56;9059;Base BURGOS;BURGOS
9450;9059;18.796192652332543;9450;VILLANUEVA DE CARAZO;27;9059;Base BURGOS;BURGOS
9454;9059;20.278836776062235;9454;VILLANUEVA DE TEBA;42;9059;Base BURGOS;BURGOS
9903;9059;23.352185573527777;9903;VILLARCAYO DE MERINDAD DE CASTILLA LA VIEJA;4047;9059;Base BURGOS;BURGOS
9471;9059;7.213702537472539;9471;VILLAYERNO MORQUILLAS;205;9059;Base BURGOS;BURGOS
9472;9059;13.244632688847982;9472;VILLAZOPEQUE;52;9059;Base BURGOS;BURGOS
9473;9059;12.998991361155802;9473;VILLEGAS;79;9059;Base BURGOS;BURGOS
9482;9059;18.937545002910937;9482;ZARZOSA DE RÍO PISUERGA;31;9059;Base BURGOS;BURGOS
9483;9059;24.861128310832903;9483;ZAZUAR;209;9059;Base BURGOS;BURGOS
24006;24142;10.46853392853583;24006;ARDÓN;550;24142;Base SAN ANDRÉS DEL RABANEDO;LEÓN
24009;24115;13.673631223668645;24009;BALBOA;263;24115;Base PONFERRADA;El Bierzo
24014;24115;9.520802159612328;24014;BEMBIBRE;8158;24115;Base PONFERRADA;El Bierzo
24015;24142;12.097670037974327;24015;BENAVIDES;2342;24142;Base SAN ANDRÉS DEL RABANEDO;LEÓN
24018;24142;17.490168852157687;24018;BERCIANOS DEL REAL CAMINO;186;24142;Base SAN ANDRÉS DEL RABANEDO;LEÓN
24027;24115;7.358480126939293;24027;CABAÑAS RARAS;1302;24115;Base PONFERRADA;El Bierzo
24028;24142;11.525223340850676;24028;CABREROS DEL RÍO;408;24142;Base SAN ANDRÉS DEL RABANEDO;LEÓN
24034;24115;6.92815287496543;24034;CAMPONARAYA;4104;24115;Base PONFERRADA;El Bierzo
24051;24142;19.186405630825014;24051;CEA;378;24142;Base SAN ANDRÉS DEL RABANEDO;LEÓN
24053;24142;16.696232919749797;24053;CEBRONES DEL RÍO;435;24142;Base SAN ANDRÉS DEL RABANEDO;LEÓN
24065;24142;8.550775051120429;24065;CHOZAS DE ABAJO;2678;24142;Base SAN ANDRÉS DEL RABANEDO;LEÓN
24055;24142;9.261711888366545;24055;CIMANES DEL TEJAR;738;24142;Base SAN ANDRÉS DEL RABANEDO;LEÓN
24061;24142;8.070802995521072;24061;CUADROS;2090;24142;Base SAN ANDRÉS DEL RABANEDO;LEÓN
24062;24142;12.652839050347911;24062;CUBILLAS DE LOS OTEROS;137;24142;Base SAN ANDRÉS DEL RABANEDO;LEÓN
24063;24142;14.949241920984422;24063;CUBILLAS DE RUEDA;385;24142;Base SAN ANDRÉS DEL RABANEDO;LEÓN
24070;24115;11.56841325103208;24070;FABERO;4061;24115;Base PONFERRADA;El Bierzo
24071;24115;11.845006929332925;24071;FOLGOSO DE LA RIBERA;982;24115;Base PONFERRADA;El Bierzo
24078;24142;20.19757728130454;24078;GORDONCILLO;308;24142;Base SAN ANDRÉS DEL RABANEDO;LEÓN
24079;24142;13.696385071544249;24079;GRADEFES;925;24142;Base SAN ANDRÉS DEL RABANEDO;LEÓN
24080;34079;17.752123927150016;24080;GRAJAL DE CAMPOS;209;34079;Base GRIJOTA;PALENCIA
24082;24142;12.458936162468403;24082;HOSPITAL DE ÓRBIGO;956;24142;Base SAN ANDRÉS DEL RABANEDO;LEÓN
24086;24142;18.845243548719665;24086;JOARILLA DE LAS MATAS;245;24142;Base SAN ANDRÉS DEL RABANEDO;LEÓN
24010;24142;16.459115789898178;24010;LA BAÑEZA;10023;24142;Base SAN ANDRÉS DEL RABANEDO;LEÓN
24114;24142;12.484825789356375;24114;LA POLA DE GORDÓN;2842;24142;Base SAN ANDRÉS DEL RABANEDO;LEÓN
24104;24142;11.067431889327196;24104;LAS OMAÑAS;259;24142;Base SAN ANDRÉS DEL RABANEDO;LEÓN
24012;24142;13.97719738350336;24012;LOS BARRIOS DE LUNA;294;24142;Base SAN ANDRÉS DEL RABANEDO;LEÓN
24090;24115;12.795796720307298;24090;LUCILLO;356;24115;Base PONFERRADA;El Bierzo
24091;24115;14.598450539462009;24091;LUYEGO;554;24115;Base PONFERRADA;El Bierzo
24094;24142;10.604630089271112;24094;MANSILLA DE LAS MULAS;1663;24142;Base SAN ANDRÉS DEL RABANEDO;LEÓN
24095;24142;9.94004605398484;24095;MANSILLA MAYOR;324;24142;Base SAN ANDRÉS DEL RABANEDO;LEÓN
24096;24142;21.487688902717316;24096;MARAÑA;111;24142;Base SAN ANDRÉS DEL RABANEDO;LEÓN
24103;24115;13.340368629059258;24103;OENCIA;277;24115;Base PONFERRADA;El Bierzo
24109;24115;15.583950944285906;24109;PALACIOS DEL SIL;844;24115;Base PONFERRADA;El Bierzo
24110;24115;13.597832947047726;24110;PÁRAMO DEL SIL;1169;24115;Base PONFERRADA;El Bierzo
24120;24142;21.879632024247407;24120;PRIORO;349;24142;Base SAN ANDRÉS DEL RABANEDO;LEÓN
24122;24115;11.457189772706773;24122;PUENTE DE DOMINGO FLÓREZ;1385;24115;Base PONFERRADA;El Bierzo
24123;24142;14.723339275838004;24123;QUINTANA DEL CASTILLO;717;24142;Base SAN ANDRÉS DEL RABANEDO;LEÓN
24124;24142;18.368831304330044;24124;QUINTANA DEL MARCO;319;24142;Base SAN ANDRÉS DEL RABANEDO;LEÓN
24125;24142;19.32559687723743;24125;QUINTANA Y CONGOSTO;416;24142;Base SAN ANDRÉS DEL RABANEDO;LEÓN
24130;24142;22.27171212055682;24130;RIAÑO;474;24142;Base SAN ANDRÉS DEL RABANEDO;LEÓN
24131;24142;15.618601843284164;24131;RIEGO DE LA VEGA;714;24142;Base SAN ANDRÉS DEL RABANEDO;LEÓN
24136;24142;16.93511960621754;24136;ROPERUELOS DEL PÁRAMO;499;24142;Base SAN ANDRÉS DEL RABANEDO;LEÓN
24139;34079;18.97766359399113;24139;SAHAGÚN;2398;34079;Base GRIJOTA;PALENCIA
24144;24142;14.347981684084946;24144;SAN CRISTÓBAL DE LA POLANTERA;625;24142;Base SAN ANDRÉS DEL RABANEDO;LEÓN
24149;24142;14.967010078452606;24149;SAN MILLÁN DE LOS CABALLEROS;191;24142;Base SAN ANDRÉS DEL RABANEDO;LEÓN
24154;24142;17.28925612361398;24154;SANTA ELENA DE JAMUZ;1015;24142;Base SAN ANDRÉS DEL RABANEDO;LEÓN
24158;24142;10.80963767739193;24158;SANTA MARÍA DE ORDÁS;2999;24142;Base SAN ANDRÉS DEL RABANEDO;LEÓN
24159;24142;11.26247714162183;24159;SANTA MARINA DEL REY;1745;24142;Base SAN ANDRÉS DEL RABANEDO;LEÓN
24174;24142;13.03385978125554;24174;URDIALES DEL PÁRAMO;449;24142;Base SAN ANDRÉS DEL RABANEDO;LEÓN
24185;24115;16.321110930650278;24185;VAL DE SAN LORENZO;492;24115;Base PONFERRADA;El Bierzo
24175;24142;7.795394177139335;24175;VALDEFRESNO;2335;24142;Base SAN ANDRÉS DEL RABANEDO;LEÓN
24179;24142;14.201258785271204;24179;VALDEPIÉLAGO;308;24142;Base SAN ANDRÉS DEL RABANEDO;LEÓN
24187;24142;10.80990180159244;24187;VALDEVIMBRE;894;24142;Base SAN ANDRÉS DEL RABANEDO;LEÓN
24188;24142;14.857915523602873;24188;VALENCIA DE DON JUAN;5094;24142;Base SAN ANDRÉS DEL RABANEDO;LEÓN
24191;24142;16.91552524026025;24191;VALLECILLO;101;24142;Base SAN ANDRÉS DEL RABANEDO;LEÓN
24189;24142;6.972063103877293;24189;VALVERDE DE LA VIRGEN;7806;24142;Base SAN ANDRÉS DEL RABANEDO;LEÓN
24201;24142;11.017992907452573;24201;VEGAS DEL CONDADO;1154;24142;Base SAN ANDRÉS DEL RABANEDO;LEÓN
24202;24115;18.431257757238438;24202;VILLABLINO;7709;24115;Base PONFERRADA;El Bierzo
24210;24115;15.074428670334918;24210;VILLAGATÓN;636;24115;Base PONFERRADA;El Bierzo
24901;24142;14.922821237123824;24901;VILLAMANÍN;876;24142;Base SAN ANDRÉS DEL RABANEDO;LEÓN
24212;24142;13.801121818389802;24212;VILLAMAÑÁN;1076;24142;Base SAN ANDRÉS DEL RABANEDO;LEÓN
24213;24142;17.439785166178787;24213;VILLAMARTÍN DE DON SANCHO;144;24142;Base SAN ANDRÉS DEL RABANEDO;LEÓN
24215;24142;18.818443315366398;24215;VILLAMOL;136;24142;Base SAN ANDRÉS DEL RABANEDO;LEÓN
24902;24142;18.013285967778756;24902;VILLAORNATE Y CASTRO;337;24142;Base SAN ANDRÉS DEL RABANEDO;LEÓN
24222;24142;6.6543325389482355;24222;VILLAQUILAMBRE;18647;24142;Base SAN ANDRÉS DEL RABANEDO;LEÓN
24223;24142;13.1760029695934;24223;VILLAREJO DE ÓRBIGO;2873;24142;Base SAN ANDRÉS DEL RABANEDO;LEÓN
24225;24142;10.066203296466455;24225;VILLASABARIEGO;1148;24142;Base SAN ANDRÉS DEL RABANEDO;LEÓN
24226;24142;17.763696798188096;24226;VILLASELÁN;180;24142;Base SAN ANDRÉS DEL RABANEDO;LEÓN
24230;24142;15.624945388583676;24230;ZOTES DEL PÁRAMO;402;24142;Base SAN ANDRÉS DEL RABANEDO;LEÓN
34004;9059;23.481040330360727;34004;AGUILAR DE CAMPOO;6823;9059;Base BURGOS;BURGOS
34006;47175;13.456364610350434;34006;ALBA DE CERRATO;82;47175;Base TUDELA DE DUERO;VALLADOLID
34011;34079;9.398072402901542;34011;AMUSCO;410;34079;Base GRIJOTA;PALENCIA
34018;34079;7.23882867555366;34018;AUTILLA DEL PINO;219;34079;Base GRIJOTA;PALENCIA
34022;34079;13.325153988509348;34022;BALTANÁS;1228;34079;Base GRIJOTA;PALENCIA
34025;34079;18.15176088226979;34025;BÁRCENA DE CAMPOS;53;34079;Base GRIJOTA;PALENCIA
34041;34079;21.409241341771544;34041;CALAHORRA DE BOEDO;83;34079;Base GRIJOTA;PALENCIA
34045;34079;12.066084942698602;34045;CAPILLAS;72;34079;Base GRIJOTA;PALENCIA
34062;34079;25.069137904997927;34062;CONGOSTO DE VALDAVIA;140;34079;Base GRIJOTA;PALENCIA
34071;34079;18.798339714711503;34071;ESPINOSA DE VILLAGONZALO;154;34079;Base GRIJOTA;PALENCIA
34076;34079;9.591490447806684;34076;FUENTES DE NAVA;567;34079;Base GRIJOTA;PALENCIA
34080;24142;23.072166455367427;34080;GUARDO;5548;24142;Base SAN ANDRÉS DEL RABANEDO;LEÓN
34081;34079;12.75361118819496;34081;GUAZA DE CAMPOS;55;34079;Base GRIJOTA;PALENCIA
34086;34079;10.340659162448322;34086;HONTORIA DE CERRATO;106;34079;Base GRIJOTA;PALENCIA
34175;34079;16.110851333370498;34175;LA SERNA;93;34079;Base GRIJOTA;PALENCIA
34093;9059;23.01852349969475;34093;LA VID DE OJEDA;90;9059;Base BURGOS;BURGOS
34092;34079;16.09721391578042;34092;LANTADILLA;273;34079;Base GRIJOTA;PALENCIA
34098;34079;9.109555042843747;34098;MAGAZ DE PISUERGA;1031;34079;Base GRIJOTA;PALENCIA
34110;9059;27.36488023395746;34110;MUDÁ;80;9059;Base BURGOS;BURGOS
34113;34079;22.081979962014586;34113;OLEA DE BOEDO;39;34079;Base GRIJOTA;PALENCIA
34122;34079;21.46622104671651;34122;PÁRAMO DE BOEDO;104;34079;Base GRIJOTA;PALENCIA
34123;34079;8.921732320976822;34123;PAREDES DE NAVA;1911;34079;Base GRIJOTA;PALENCIA
34125;34079;9.09233329061607;34125;PEDRAZA DE CAMPOS;72;34079;Base GRIJOTA;PALENCIA
34126;34079;18.436689065668542;34126;PEDROSA DE LA VEGA;280;34079;Base GRIJOTA;PALENCIA
34129;24142;23.08807379098997;34129;PINO DEL RÍO;163;24142;Base SAN ANDRÉS DEL RABANEDO;LEÓN
34130;34079;10.852591621295225;34130;PIÑA DE CAMPOS;193;34079;Base GRIJOTA;PALENCIA
34131;34079;15.8121162995805;34131;POBLACIÓN DE ARROYO;42;34079;Base GRIJOTA;PALENCIA
34136;34079;21.61525011800371;34136;POZA DE LA VEGA;166;34079;Base GRIJOTA;PALENCIA
34139;9059;22.72133565543782;34139;PRÁDANOS DE OJEDA;181;9059;Base BURGOS;BURGOS
34147;34079;17.426388627629336;34147;RENEDO DE LA VEGA;192;34079;Base GRIJOTA;PALENCIA
34157;34079;19.605966531864343;34157;SALDAÑA;2869;34079;Base GRIJOTA;PALENCIA
34161;34079;20.679123585790585;34161;SAN CRISTÓBAL DE BOEDO;20;34079;Base GRIJOTA;PALENCIA
34167;34079;9.07927721304069;34167;SANTA CECILIA DEL ALCOR;92;34079;Base GRIJOTA;PALENCIA
34184;34079;10.22399825843371;34184;TORREMORMOJÓN;45;34079;Base GRIJOTA;PALENCIA
34190;34079;21.78692282905624;34190;VALDERRÁBANO;47;34079;Base GRIJOTA;PALENCIA
34192;34079;15.447583787750071;34192;VALDE-UCIEZA;76;34079;Base GRIJOTA;PALENCIA
34196;34079;12.229484426334508;34196;VALLE DE CERRATO;83;34079;Base GRIJOTA;PALENCIA
34205;34079;14.783211945258273;34205;VILLACONANCIO;50;34079;Base GRIJOTA;PALENCIA
34206;34079;15.502443336260752;34206;VILLADA;834;34079;Base GRIJOTA;PALENCIA
34208;34079;20.506766701207223;34208;VILLAELES DE VALDAVIA;48;34079;Base GRIJOTA;PALENCIA
34210;34079;15.149048662699089;34210;VILLAHÁN;99;34079;Base GRIJOTA;PALENCIA
34211;34079;15.524615042501653;34211;VILLAHERREROS;209;34079;Base GRIJOTA;PALENCIA
34213;34079;12.890760250158706;34213;VILLALACO;61;34079;Base GRIJOTA;PALENCIA
34216;34079;14.520259188136217;34216;VILLALCÓN;48;34079;Base GRIJOTA;PALENCIA
34227;34079;11.786067698520972;34227;VILLANUEVA DEL REBOLLAR;67;34079;Base GRIJOTA;PALENCIA
34232;34079;12.417651912672502;34232;VILLARRAMIEL;788;34079;Base GRIJOTA;PALENCIA
34233;34079;16.028187225958206;34233;VILLASARRACINO;132;34079;Base GRIJOTA;PALENCIA
34234;34079;19.50304527356844;34234;VILLASILA DE VALDAVIA;60;34079;Base GRIJOTA;PALENCIA
34238;34079;11.084117910150704;34238;VILLAVIUDAS;366;34079;Base GRIJOTA;PALENCIA
34240;34079;12.048693789718918;34240;VILLERÍAS DE CAMPOS;76;34079;Base GRIJOTA;PALENCIA
34241;34079;13.94908637012708;34241;VILLODRE;24;34079;Base GRIJOTA;PALENCIA
37002;37294;29.038842381012408;37002;AGALLAS;132;37294;Base SANTA MARTA DE TORMES;SALAMANCA
37007;37294;14.975973236766164;37007;ALARAZ;448;37294;Base SANTA MARTA DE TORMES;SALAMANCA
37009;37294;22.840131135729187;37009;ALBA DE YELTES;200;37294;Base SANTA MARTA DE TORMES;SALAMANCA
37012;37294;11.232295659915202;37012;ALCONADA;134;37294;Base SANTA MARTA DE TORMES;SALAMANCA
37015;37294;32.62070471258846;37015;ALDEA DEL OBISPO;252;37294;Base SANTA MARTA DE TORMES;SALAMANCA
37013;37294;23.29281854596346;37013;ALDEACIPRESTE;91;37294;Base SANTA MARTA DE TORMES;SALAMANCA
37016;37294;7.110612177146296;37016;ALDEALENGUA;713;37294;Base SANTA MARTA DE TORMES;SALAMANCA
37020;37294;8.491757283927269;37020;ALDEARRUBIA;519;37294;Base SANTA MARTA DE TORMES;SALAMANCA
37028;49125;22.10113765470159;37028;ALMENDRA;132;49125;Base MORALEJA DEL VINO;ZAMORA
37029;37294;12.4244282855636;37029;ANAYA DE ALBA;183;37294;Base SANTA MARTA DE TORMES;SALAMANCA
37030;37294;13.61715633653265;37030;AÑOVER DE TORMES;89;37294;Base SANTA MARTA DE TORMES;SALAMANCA
37032;37294;6.713370168637513;37032;ARAPILES;739;37294;Base SANTA MARTA DE TORMES;SALAMANCA
37035;37294;16.597404724721635;37035;ARMENTEROS;186;37294;Base SANTA MARTA DE TORMES;SALAMANCA
37038;37294;9.764938461650857;37038;BABILAFUENTE;925;37294;Base SANTA MARTA DE TORMES;SALAMANCA
37040;37294;10.767425759647708;37040;BARBADILLO;390;37294;Base SANTA MARTA DE TORMES;SALAMANCA
37041;37294;15.920223550628391;37041;BARBALOS;73;37294;Base SANTA MARTA DE TORMES;SALAMANCA
37046;37294;22.348923401676576;37046;BÉJAR;11957;37294;Base SANTA MARTA DE TORMES;SALAMANCA
37049;37294;28.84452286579664;37049;BERMELLAR;131;37294;Base SANTA MARTA DE TORMES;SALAMANCA
37051;37294;14.723637862175295;37051;BERROCAL DE SALVATIERRA;70;37294;Base SANTA MARTA DE TORMES;SALAMANCA
37059;37294;19.4705957842299;37059;BUENAMADRE;109;37294;Base SANTA MARTA DE TORMES;SALAMANCA
37062;37294;9.32669318277598;37062;CABEZABELLOSA DE LA CALZADA;74;37294;Base SANTA MARTA DE TORMES;SALAMANCA
37067;37294;5.99928257643697;37067;CABRERIZOS;4226;37294;Base SANTA MARTA DE TORMES;SALAMANCA
37082;37294;12.60825419886835;37082;CANTALPINO;804;37294;Base SANTA MARTA DE TORMES;SALAMANCA
37085;37294;5.685380300579719;37085;CARBAJOSA DE LA SAGRADA;7636;37294;Base SANTA MARTA DE TORMES;SALAMANCA
37086;37294;30.67617510431701;37086;CARPIO DE AZABA;112;37294;Base SANTA MARTA DE TORMES;SALAMANCA
37091;37294;36.03105802721941;37091;CASILLAS DE FLORES;168;37294;Base SANTA MARTA DE TORMES;SALAMANCA
37100;37294;28.975512666870877;37100;CEREZAL DE PEÑAHORCADA;67;37294;Base SANTA MARTA DE TORMES;SALAMANCA
37101;37294;26.91659968106729;37101;CERRALBO;111;37294;Base SANTA MARTA DE TORMES;SALAMANCA
37114;37294;15.741348556817211;37114;CHAGARCÍA MEDIANERO;73;37294;Base SANTA MARTA DE TORMES;SALAMANCA
37112;37294;20.72485988734447;37112;CRISTÓBAL;162;37294;Base SANTA MARTA DE TORMES;SALAMANCA
37118;37294;10.936183403425293;37118;ÉJEME;144;37294;Base SANTA MARTA DE TORMES;SALAMANCA
37061;37294;21.321093092262352;37061;EL CABACO;225;37294;Base SANTA MARTA DE TORMES;SALAMANCA
37177;37294;22.16846643741946;37177;EL MAÍLLO;282;37294;Base SANTA MARTA DE TORMES;SALAMANCA
37191;37294;27.566637326290312;37191;EL MILANO;88;37294;Base SANTA MARTA DE TORMES;SALAMANCA
37234;37294;37.25891577661356;37234;EL PAYO;313;37294;Base SANTA MARTA DE TORMES;SALAMANCA
37303;37294;31.523885739469797;37303;EL SAHUGO;181;37294;Base SANTA MARTA DE TORMES;SALAMANCA
37319;37294;20.554243472631345;37319;EL TEJADO;83;37294;Base SANTA MARTA DE TORMES;SALAMANCA
37325;37294;18.725826041122133;37325;EL TORNADIZO;86;37294;Base SANTA MARTA DE TORMES;SALAMANCA
37120;37294;15.727668514647004;37120;ENCINA DE SAN SILVESTRE;100;37294;Base SANTA MARTA DE TORMES;SALAMANCA
37121;37294;8.716393274787034;37121;ENCINAS DE ABAJO;619;37294;Base SANTA MARTA DE TORMES;SALAMANCA
37123;37294;25.75692648011857;37123;ENCINASOLA DE LOS COMENDADORES;148;37294;Base SANTA MARTA DE TORMES;SALAMANCA
37126;37294;20.35349311624174;37126;ESPADAÑA;34;37294;Base SANTA MARTA DE TORMES;SALAMANCA
37134;37294;12.202669397879596;37134;FRESNO ALHÁNDIGA;181;37294;Base SANTA MARTA DE TORMES;SALAMANCA
37142;37294;10.538310515371668;37142;GALINDO Y PERAHUY;704;37294;Base SANTA MARTA DE TORMES;SALAMANCA
37143;37294;13.943317231961004;37143;GALINDUSTE;400;37294;Base SANTA MARTA DE TORMES;SALAMANCA
37144;37294;11.485756352286554;37144;GALISANCHO;325;37294;Base SANTA MARTA DE TORMES;SALAMANCA
37146;37294;18.18350874464803;37146;GALLEGOS DE SOLMIRÓN;109;37294;Base SANTA MARTA DE TORMES;SALAMANCA
37149;37294;16.54204288577115;37149;GARCIRREY;55;37294;Base SANTA MARTA DE TORMES;SALAMANCA
37150;37294;16.91683546808475;37150;GEJUELO DEL BARRO;31;37294;Base SANTA MARTA DE TORMES;SALAMANCA
37159;37294;16.06090369594541;37159;HERGUIJUELA DEL CAMPO;62;37294;Base SANTA MARTA DE TORMES;SALAMANCA
37160;37294;31.70565433619226;37160;HINOJOSA DE DUERO;577;37294;Base SANTA MARTA DE TORMES;SALAMANCA
37162;37294;15.74294770805436;37162;HORCAJO MEDIANERO;205;37294;Base SANTA MARTA DE TORMES;SALAMANCA
37164;37294;8.770365813587382;37164;HUERTA;285;37294;Base SANTA MARTA DE TORMES;SALAMANCA
37006;37294;36.08004544427859;37006;LA ALAMEDILLA;101;37294;Base SANTA MARTA DE TORMES;SALAMANCA
37045;37294;19.784879423912148;37045;LA BASTIDA;26;37294;Base SANTA MARTA DE TORMES;SALAMANCA
37071;37294;21.909843297738217;37071;LA CALZADA DE BÉJAR;85;37294;Base SANTA MARTA DE TORMES;SALAMANCA
37163;37294;21.53636858455832;37163;LA HOYA;30;37294;Base SANTA MARTA DE TORMES;SALAMANCA
37188;37294;12.976801359850345;37188;LA MAYA;158;37294;Base SANTA MARTA DE TORMES;SALAMANCA
37243;37294;26.411557586999496;37243;LA PEÑA;70;37294;Base SANTA MARTA DE TORMES;SALAMANCA
37266;37294;30.6568245586382;37266;LA REDONDA;65;37294;Base SANTA MARTA DE TORMES;SALAMANCA
37268;37294;18.608959033804407;37268;LA RINCONADA DE LA SIERRA;100;37294;Base SANTA MARTA DE TORMES;SALAMANCA
37273;37294;16.89340414097377;37273;LA SAGRADA;82;37294;Base SANTA MARTA DE TORMES;SALAMANCA
37347;37294;9.019855870271655;37347;LA VELLÉS;540;37294;Base SANTA MARTA DE TORMES;SALAMANCA
37090;37294;21.380856747355168;37090;LAS CASAS DEL CONDE;63;37294;Base SANTA MARTA DE TORMES;SALAMANCA
37170;37294;14.423424185649411;37170;LEDESMA;1517;37294;Base SANTA MARTA DE TORMES;SALAMANCA
37171;37294;19.72950448624682;37171;LEDRADA;465;37294;Base SANTA MARTA DE TORMES;SALAMANCA
37300;37294;17.87918500867458;37300;LOS SANTOS;580;37294;Base SANTA MARTA DE TORMES;SALAMANCA
37174;37294;13.704828260721959;37174;MACOTERA;1001;37294;Base SANTA MARTA DE TORMES;SALAMANCA
37179;37294;15.438058934272048;37179;MANCERA DE ABAJO;197;37294;Base SANTA MARTA DE TORMES;SALAMANCA
37181;37294;29.842205570910085;37181;MARTIAGO;250;37294;Base SANTA MARTA DE TORMES;SALAMANCA
37184;49125;27.6474856081714;37184;MASUECO;251;49125;Base MORALEJA DEL VINO;ZAMORA
37192;37294;7.240895162309317;37192;MIRANDA DE AZÁN;447;37294;Base SANTA MARTA DE TORMES;SALAMANCA
37198;37294;20.382204212882645;37198;MONLERAS;245;37294;Base SANTA MARTA DE TORMES;SALAMANCA
37204;37294;23.170889738302908;37204;MORASVERDES;229;37294;Base SANTA MARTA DE TORMES;SALAMANCA
37205;37294;9.590256598150102;37205;MORILLE;224;37294;Base SANTA MARTA DE TORMES;SALAMANCA
37206;37294;10.015552967262972;37206;MORÍÑIGO;88;37294;Base SANTA MARTA DE TORMES;SALAMANCA
37214;37294;21.789184960517613;37214;NAVA DE FRANCIA;120;37294;Base SANTA MARTA DE TORMES;SALAMANCA
37215;37294;13.098716689436563;37215;NAVA DE SOTROBAL;160;37294;Base SANTA MARTA DE TORMES;SALAMANCA
37217;37294;21.362133894095845;37217;NAVALMORAL DE BÉJAR;56;37294;Base SANTA MARTA DE TORMES;SALAMANCA
37219;37294;18.610393027187826;37219;NAVARREDONDA DE LA RINCONADA;151;37294;Base SANTA MARTA DE TORMES;SALAMANCA
37221;37294;38.780785996270055;37221;NAVASFRÍAS;362;37294;Base SANTA MARTA DE TORMES;SALAMANCA
37225;37294;10.036185593539455;37225;PAJARES DE LA LAGUNA;114;37294;Base SANTA MARTA DE TORMES;SALAMANCA
37238;37294;8.903885636629266;37238;PEDROSILLO EL RALO;135;37294;Base SANTA MARTA DE TORMES;SALAMANCA
37240;37294;6.269373022784754;37240;PELABRAVO;1366;37294;Base SANTA MARTA DE TORMES;SALAMANCA
37244;37294;24.099184582494605;37244;PEÑACABALLERA;153;37294;Base SANTA MARTA DE TORMES;SALAMANCA
37245;37294;35.56228391787035;37245;PEÑAPARDA;308;37294;Base SANTA MARTA DE TORMES;SALAMANCA
37249;37294;21.167876009465896;37249;PERALEJOS DE ARRIBA;35;37294;Base SANTA MARTA DE TORMES;SALAMANCA
37251;37294;20.108581290143512;37251;PEROMINGO;122;37294;Base SANTA MARTA DE TORMES;SALAMANCA
37252;37294;22.072228433378875;37252;PINEDAS;94;37294;Base SANTA MARTA DE TORMES;SALAMANCA
37257;37294;22.885048947409892;37257;POZOS DE HINOJO;52;37294;Base SANTA MARTA DE TORMES;SALAMANCA
37261;37294;19.101582889669032;37261;PUENTE DEL CONGOSTO;225;37294;Base SANTA MARTA DE TORMES;SALAMANCA
37264;37294;31.16715973665647;37264;PUERTO SEGURO;55;37294;Base SANTA MARTA DE TORMES;SALAMANCA
37267;37294;22.29536156660356;37267;RETORTILLO;174;37294;Base SANTA MARTA DE TORMES;SALAMANCA
37270;37294;13.304516899732192;37270;ROBLIZA DE COJOS;187;37294;Base SANTA MARTA DE TORMES;SALAMANCA
37271;37294;11.556884203271968;37271;ROLLÁN;337;37294;Base SANTA MARTA DE TORMES;SALAMANCA
37275;37294;28.177562412164214;37275;SALDEANA;99;37294;Base SANTA MARTA DE TORMES;SALAMANCA
37036;37294;20.72757810228471;37036;SAN MIGUEL DEL ROBLEDO;43;37294;Base SANTA MARTA DE TORMES;SALAMANCA
37289;37294;17.440371823502616;37289;SAN MUÑOZ;201;37294;Base SANTA MARTA DE TORMES;SALAMANCA
37282;37294;20.822238624477198;37282;SANCHOTELLO;212;37294;Base SANTA MARTA DE TORMES;SALAMANCA
37293;37294;16.475323353710316;37293;SANTA MARÍA DE SANDO;95;37294;Base SANTA MARTA DE TORMES;SALAMANCA
37301;49125;20.88142017173462;37301;SARDÓN DE LOS FRAILES;101;49125;Base MORALEJA DEL VINO;ZAMORA
37305;37294;21.05327954011191;37305;SEQUEROS;207;37294;Base SANTA MARTA DE TORMES;SALAMANCA
37313;37294;23.065427122673288;37313;SOTOSERRANO;513;37294;Base SANTA MARTA DE TORMES;SALAMANCA
37320;37294;18.193303237246376;37320;TEJEDA Y SEGOYUELA;97;37294;Base SANTA MARTA DE TORMES;SALAMANCA
37322;37294;8.96986760957876;37322;TERRADILLOS;3220;37294;Base SANTA MARTA DE TORMES;SALAMANCA
37329;37294;18.135404529966973;37329;TREMEDAL DE TORMES;35;37294;Base SANTA MARTA DE TORMES;SALAMANCA
37330;37294;12.238223717839743;37330;VALDECARROS;310;37294;Base SANTA MARTA DE TORMES;SALAMANCA
37335;37294;12.576878481000103;37335;VALDELOSA;404;37294;Base SANTA MARTA DE TORMES;SALAMANCA
37337;37294;25.400656604729367;37337;VALDERRODRIGO;128;37294;Base SANTA MARTA DE TORMES;SALAMANCA
37342;37294;9.322840276618916;37342;VALVERDÓN;264;37294;Base SANTA MARTA DE TORMES;SALAMANCA
37352;37294;8.548103292722736;37352;VILLAGONZALO DE TORMES;216;37294;Base SANTA MARTA DE TORMES;SALAMANCA
37358;37294;12.839853584176616;37358;VILLAR DE GALLIMAZO;198;37294;Base SANTA MARTA DE TORMES;SALAMANCA
37359;37294;30.545424559909808;37359;VILLAR DE LA YEGUA;155;37294;Base SANTA MARTA DE TORMES;SALAMANCA
37360;37294;18.74972077402247;37360;VILLAR DE PERALONSO;204;37294;Base SANTA MARTA DE TORMES;SALAMANCA
37361;37294;24.38671369552843;37361;VILLAR DE SAMANIEGO;78;37294;Base SANTA MARTA DE TORMES;SALAMANCA
37363;37294;23.09875943418926;37363;VILLARES DE YELTES;96;37294;Base SANTA MARTA DE TORMES;SALAMANCA
37365;37294;13.060238390789975;37365;VILLARMAYOR;154;37294;Base SANTA MARTA DE TORMES;SALAMANCA
37366;37294;22.079366250243822;37366;VILLARMUERTO;40;37294;Base SANTA MARTA DE TORMES;SALAMANCA
37367;37294;27.32029873227043;37367;VILLASBUENAS;164;37294;Base SANTA MARTA DE TORMES;SALAMANCA
37368;37294;17.28564189730865;37368;VILLASDARDO;22;37294;Base SANTA MARTA DE TORMES;SALAMANCA
37369;37294;16.335409646346818;37369;VILLASECO DE LOS GAMITOS;137;37294;Base SANTA MARTA DE TORMES;SALAMANCA
37376;37294;23.508760688761452;37376;VITIGUDINO;2361;37294;Base SANTA MARTA DE TORMES;SALAMANCA
37377;37294;24.631783090567446;37377;YECLA DE YELTES;222;37294;Base SANTA MARTA DE TORMES;SALAMANCA
40003;47175;17.40984909954866;40003;ADRADOS;123;47175;Base TUDELA DE DUERO;VALLADOLID
40004;40194;13.438439012241878;40004;AGUILAFUENTE;564;40194;Base SEGOVIA;SEGOVIA
40005;40194;26.04064451521317;40005;ALCONADA DE MADERUELO;26;40194;Base SEGOVIA;SEGOVIA
40007;40194;13.083536472046806;40007;ALDEALENGUA DE PEDRAZA;79;40194;Base SEGOVIA;SEGOVIA
40009;40194;22.354317743528963;40009;ALDEANUEVA DE LA SERREZUELA;42;40194;Base SEGOVIA;SEGOVIA
40014;47175;23.2989561720173;40014;ALDEHORNO;59;47175;Base TUDELA DE DUERO;VALLADOLID
40015;40194;14.950685499197402;40015;ALDEHUELA DEL CODONAL;24;40194;Base SEGOVIA;SEGOVIA
40017;40194;9.369321068104448;40017;ANAYA;119;40194;Base SEGOVIA;SEGOVIA
40028;40194;12.251047380134981;40028;BERCIAL;105;40194;Base SEGOVIA;SEGOVIA
40032;40194;21.17174216297085;40032;BOCEGUILLAS;721;40194;Base SEGOVIA;SEGOVIA
40033;40194;8.051320484652383;40033;BRIEVA;86;40194;Base SEGOVIA;SEGOVIA
40034;40194;11.341524841181933;40034;CABALLAR;75;40194;Base SEGOVIA;SEGOVIA
40036;40194;14.712547665199523;40036;CABEZUELA;656;40194;Base SEGOVIA;SEGOVIA
40040;40194;15.396214168341903;40040;CANTALEJO;3558;40194;Base SEGOVIA;SEGOVIA
40046;40194;20.629445208984027;40046;CASTILLEJO DE MESLEÓN;110;40194;Base SEGOVIA;SEGOVIA
40049;40194;16.875360603284925;40049;CASTROSERNA DE ABAJO;32;40194;Base SEGOVIA;SEGOVIA
40055;40194;24.382378657394174;40055;CILLERUELO DE SAN MAMÉS;35;40194;Base SEGOVIA;SEGOVIA
40061;40194;25.256005061002686;40061;CORRAL DE AYLLÓN;77;40194;Base SEGOVIA;SEGOVIA
40063;47175;13.092289518266277;40063;CUÉLLAR;9530;47175;Base TUDELA DE DUERO;VALLADOLID
40905;47175;19.10604896002115;40905;CUEVAS DE PROVANCO;132;47175;Base TUDELA DE DUERO;VALLADOLID
40069;40194;18.965402588252118;40069;DONHIERRO;75;40194;Base SEGOVIA;SEGOVIA
40070;40194;18.955059809076936;40070;DURUELO;171;40194;Base SEGOVIA;SEGOVIA
40072;40194;7.1921601316299375;40072;ENCINILLAS;352;40194;Base SEGOVIA;SEGOVIA
40081;47175;15.789725078171331;40081;FRUMALES;120;47175;Base TUDELA DE DUERO;VALLADOLID
40083;40194;18.387146862709344;40083;FUENTE EL OLMO DE FUENTIDUEÑA;395;40194;Base SEGOVIA;SEGOVIA
40086;40194;13.300026940997956;40086;FUENTEPELAYO;772;40194;Base SEGOVIA;SEGOVIA
40087;47175;18.41209522313231;40087;FUENTEPIÑEL;68;47175;Base TUDELA DE DUERO;VALLADOLID
40092;47175;19.287745096390672;40092;FUENTIDUEÑA;133;47175;Base TUDELA DE DUERO;VALLADOLID
40099;40194;24.53152931066245;40099;HONRUBIA DE LA CUESTA;49;40194;Base SEGOVIA;SEGOVIA
40100;40194;17.0097424067852;40100;HONTALBILLA;299;40194;Base SEGOVIA;SEGOVIA
40104;40194;12.350996683539083;40104;ITUERO Y LAMA;448;40194;Base SEGOVIA;SEGOVIA
40125;40194;15.51542581315064;40125;LA MATILLA;71;40194;Base SEGOVIA;SEGOVIA
40110;40194;15.530160134396207;40110;LASTRAS DE CUÉLLAR;307;40194;Base SEGOVIA;SEGOVIA
40119;40194;8.380187767172707;40119;MARTÍN MIGUEL;263;40194;Base SEGOVIA;SEGOVIA
40124;47175;11.131051163838325;40124;MATA DE CUÉLLAR;207;47175;Base TUDELA DE DUERO;VALLADOLID
40127;47175;16.680546513805496;40127;MEMBIBRE DE LA HOZ;43;47175;Base TUDELA DE DUERO;VALLADOLID
40128;40194;12.557171430864106;40128;MIGUELÁÑEZ;138;40194;Base SEGOVIA;SEGOVIA
40134;40194;11.169555643370513;40134;MOZONCILLO;907;40194;Base SEGOVIA;SEGOVIA
40135;40194;13.165345034322822;40135;MUÑOPEDRO;309;40194;Base SEGOVIA;SEGOVIA
40136;40194;12.838511772110325;40136;MUÑOVEROS;145;40194;Base SEGOVIA;SEGOVIA
40138;40194;15.416577378896685;40138;NAVA DE LA ASUNCIÓN;2787;40194;Base SEGOVIA;SEGOVIA
40139;40194;12.610697581121299;40139;NAVAFRÍA;279;40194;Base SEGOVIA;SEGOVIA
40145;40194;15.327948189112986;40145;NAVAS DE ORO;1274;40194;Base SEGOVIA;SEGOVIA
40904;40194;7.487245961519561;40904;NAVAS DE RIOFRÍO;439;40194;Base SEGOVIA;SEGOVIA
40146;40194;12.385092179937491;40146;NAVAS DE SAN ANTONIO;366;40194;Base SEGOVIA;SEGOVIA
40148;40194;12.946092026174082;40148;NIEVA;256;40194;Base SEGOVIA;SEGOVIA
40157;40194;10.24126898327114;40157;PELAYOS DEL ARROYO;48;40194;Base SEGOVIA;SEGOVIA
40158;47175;16.519300902382913;40158;PEROSILLO;20;47175;Base TUDELA DE DUERO;VALLADOLID
40162;40194;16.518158116350165;40162;PRÁDENA;468;40194;Base SEGOVIA;SEGOVIA
40181;40194;8.182978857425233;40181;REAL SITIO DE SAN ILDEFONSO;5205;40194;Base SEGOVIA;SEGOVIA
40165;40194;14.578191844653395;40165;REBOLLO;74;40194;Base SEGOVIA;SEGOVIA
40166;47175;12.669269828634775;40166;REMONDO;316;47175;Base TUDELA DE DUERO;VALLADOLID
40177;47175;11.69250653680572;40177;SAN CRISTÓBAL DE CUÉLLAR;154;47175;Base TUDELA DE DUERO;VALLADOLID
40178;40194;17.918023178184995;40178;SAN CRISTÓBAL DE LA VEGA;83;40194;Base SEGOVIA;SEGOVIA
40906;40194;6.1345434614415995;40906;SAN CRISTÓBAL DE SEGOVIA;3153;40194;Base SEGOVIA;SEGOVIA
40183;40194;19.180133119297974;40183;SAN MIGUEL DE BERNUY;134;40194;Base SEGOVIA;SEGOVIA
40179;47175;15.08595054641868;40179;SANCHONUÑO;1027;47175;Base TUDELA DE DUERO;VALLADOLID
40185;40194;12.400952621785201;40185;SANTA MARÍA LA REAL DE NIEVA;885;40194;Base SEGOVIA;SEGOVIA
40186;40194;17.92929526888711;40186;SANTA MARTA DEL CERRO;49;40194;Base SEGOVIA;SEGOVIA
40192;40194;12.549951663455909;40192;SAUQUILLO DE CABEZAS;137;40194;Base SEGOVIA;SEGOVIA
40198;40194;19.5027137580159;40198;SOTILLO;30;40194;Base SEGOVIA;SEGOVIA
40201;40194;18.266324509862827;40201;TOLOCIRIO;36;40194;Base SEGOVIA;SEGOVIA
40204;40194;18.034296125260198;40204;TORRECILLA DEL PINAR;179;40194;Base SEGOVIA;SEGOVIA
40207;40194;7.092660386349378;40207;TRESCASAS;1105;40194;Base SEGOVIA;SEGOVIA
40211;40194;10.008933037717398;40211;VALDEPRADOS;60;40194;Base SEGOVIA;SEGOVIA
40219;47175;11.419557916367234;40219;VALLELADO;728;47175;Base TUDELA DE DUERO;VALLADOLID
40221;40194;15.864624005251025;40221;VALLERUELA DE SEPÚLVEDA;52;40194;Base SEGOVIA;SEGOVIA
40222;40194;12.956249886876119;40222;VEGANZONES;197;40194;Base SEGOVIA;SEGOVIA
40223;40194;10.819632961745548;40223;VEGAS DE MATUTE;339;40194;Base SEGOVIA;SEGOVIA
40225;40194;13.326680362640197;40225;VILLACASTÍN;1525;40194;Base SEGOVIA;SEGOVIA
40228;47175;13.450350364093302;40228;VILLAVERDE DE ÍSCAR;593;47175;Base TUDELA DE DUERO;VALLADOLID
42003;42095;17.617946153863016;42003;ADRADAS;58;42095;Base GOLMAYO;SORIA
42006;42095;8.373675932349691;42006;ALCONABA;199;42095;Base GOLMAYO;SORIA
42008;42095;20.57194502870798;42008;ALCUBILLA DE LAS PEÑAS;59;42095;Base GOLMAYO;SORIA
42009;42095;10.318585170002965;42009;ALDEALAFUENTE;83;42095;Base GOLMAYO;SORIA
42010;42095;11.33038650650701;42010;ALDEALICES;20;42095;Base GOLMAYO;SORIA
42012;42095;10.839879091609548;42012;ALDEALSEÑOR;28;42095;Base GOLMAYO;SORIA
42015;42095;16.330743307943578;42015;ALENTISQUE;24;42095;Base GOLMAYO;SORIA
42016;42095;12.01512778152879;42016;ALIUD;21;42095;Base GOLMAYO;SORIA
42020;42095;13.446307608948617;42020;ALMAZÁN;5476;42095;Base GOLMAYO;SORIA
42021;42095;15.345085784817066;42021;ALMAZUL;60;42095;Base GOLMAYO;SORIA
42026;42095;19.643747349141098;42026;ARENILLAS;42;42095;Base GOLMAYO;SORIA
42028;42095;10.209245145287483;42028;AUSEJO DE LA SIERRA;115;42095;Base GOLMAYO;SORIA
42029;42095;19.57626242880921;42029;BARAONA;122;42095;Base GOLMAYO;SORIA
42041;42095;13.300640733324563;42041;BUBEROS;28;42095;Base GOLMAYO;SORIA
42045;42095;12.43824924370754;42045;CABREJAS DEL PINAR;299;42095;Base GOLMAYO;SORIA
42048;42095;17.27312014315704;42048;CALTOJAR;51;42095;Base GOLMAYO;SORIA
42050;42095;16.690584944018998;42050;CAÑAMAQUE;27;42095;Base GOLMAYO;SORIA
42051;42095;18.556820840028806;42051;CARABANTES;22;42095;Base GOLMAYO;SORIA
42053;42095;21.499859990209682;42053;CARRASCOSA DE ABAJO;18;42095;Base GOLMAYO;SORIA
42055;42095;16.527088482358906;42055;CASAREJOS;146;42095;Base GOLMAYO;SORIA
42061;42095;8.026758617484985;42061;CIDONES;314;42095;Base GOLMAYO;SORIA
42062;42095;16.7800786266966;42062;CIGUDOSA;15;42095;Base GOLMAYO;SORIA
42065;42095;10.436741678044521;42065;CIRUJALES DEL RÍO;20;42095;Base GOLMAYO;SORIA
42076;42095;19.61021380368783;42076;DEZA;165;42095;Base GOLMAYO;SORIA
42078;42095;15.8575857594309;42078;DURUELO DE LA SIERRA;1026;42095;Base GOLMAYO;SORIA
42081;42095;21.734993879871933;42081;ESPEJÓN;128;42095;Base GOLMAYO;SORIA
42082;42095;11.510886528838977;42082;ESTEPA DE SAN JUAN;13;42095;Base GOLMAYO;SORIA
42084;42095;21.00857991843558;42084;FRESNO DE CARACENA;19;42095;Base GOLMAYO;SORIA
42087;42095;8.320068891014532;42087;FUENTECANTOS;65;42095;Base GOLMAYO;SORIA
42094;42095;7.319175118313403;42094;GARRAY;785;42095;Base GOLMAYO;SORIA
42097;42095;18.71356799404623;42097;GORMAZ;26;42095;Base GOLMAYO;SORIA
42106;42095;11.458815017286916;42106;LA LOSILLA;13;42095;Base GOLMAYO;SORIA
42105;42095;25.073119397460502;42105;LICERAS;49;42095;Base GOLMAYO;SORIA
42108;42095;15.292224512608406;42108;MAJÁN;9;42095;Base GOLMAYO;SORIA
42110;42095;16.04175884131277;42110;MATALEBRERAS;81;42095;Base GOLMAYO;SORIA
42116;42095;24.88105970649648;42116;MIÑO DE SAN ESTEBAN;40;42095;Base GOLMAYO;SORIA
42117;42095;11.981629334786868;42117;MOLINOS DE DUERO;158;42095;Base GOLMAYO;SORIA
42124;42095;12.686514217110016;42124;MURIEL DE LA FUENTE;55;42095;Base GOLMAYO;SORIA
42125;42095;13.864050910279854;42125;MURIEL VIEJO;75;42095;Base GOLMAYO;SORIA
42132;42095;16.143244092005194;42132;NOVIERCAS;172;42095;Base GOLMAYO;SORIA
42139;42095;15.04700586201231;42139;PINILLA DEL CAMPO;18;42095;Base GOLMAYO;SORIA
42140;42095;14.983263826095142;42140;PORTILLO DE SORIA;12;42095;Base GOLMAYO;SORIA
42145;42095;17.871773937212865;42145;QUINTANAS DE GORMAZ;127;42095;Base GOLMAYO;SORIA
42148;42095;17.534468038751562;42148;QUIÑONERÍA;10;42095;Base GOLMAYO;SORIA
42153;42095;19.07992859590753;42153;RELLO;20;42095;Base GOLMAYO;SORIA
42159;42095;9.88389531224054;42159;ROLLAMIENTA;44;42095;Base GOLMAYO;SORIA
42166;42095;14.185007022044577;42166;SANTA CRUZ DE YANGUAS;56;42095;Base GOLMAYO;SORIA
42171;42095;15.964739461504468;42171;SERÓN DE NÁGIMA;122;42095;Base GOLMAYO;SORIA
42172;42095;14.552027997966793;42172;SOLIEDRA;33;42095;Base GOLMAYO;SORIA
42175;42095;12.29564088178236;42175;SUELLACABRAS;33;42095;Base GOLMAYO;SORIA
42183;42095;12.926240421130103;42183;TEJADO;96;42095;Base GOLMAYO;SORIA
42184;42095;17.456156725309068;42184;TORLENGUA;45;42095;Base GOLMAYO;SORIA
42189;42095;17.0119151498853;42189;UCERO;91;42095;Base GOLMAYO;SORIA
42190;42095;15.98446349068794;42190;VADILLO;83;42095;Base GOLMAYO;SORIA
42191;42095;10.393998940975013;42191;VALDEAVELLANO DE TERA;218;42095;Base GOLMAYO;SORIA
42193;42095;14.961687772126451;42193;VALDELAGUA DEL CERRO;13;42095;Base GOLMAYO;SORIA
42196;42095;15.74930710613562;42196;VALDEPRADO;8;42095;Base GOLMAYO;SORIA
42201;42095;8.043030072645342;42201;VELILLA DE LA SIERRA;27;42095;Base GOLMAYO;SORIA
42202;42095;15.336275425735122;42202;VELILLA DE LOS AJOS;15;42095;Base GOLMAYO;SORIA
42204;42095;12.161759678333851;42204;VIANA DE DUERO;49;42095;Base GOLMAYO;SORIA
42208;42095;13.499542620088857;42208;VILLAR DEL CAMPO;30;42095;Base GOLMAYO;SORIA
42209;42095;15.19379594066963;42209;VILLAR DEL RÍO;156;42095;Base GOLMAYO;SORIA
47002;47175;14.528940690481724;47002;AGUASAL;19;47175;Base TUDELA DE DUERO;VALLADOLID
47005;47175;11.794534329278486;47005;ALCAZARÉN;614;47175;Base TUDELA DE DUERO;VALLADOLID
47007;47175;7.575923544919611;47007;ALDEAMAYOR DE SAN MARTÍN;6163;47175;Base TUDELA DE DUERO;VALLADOLID
47009;47175;13.026678830446453;47009;AMUSQUILLO;99;47175;Base TUDELA DE DUERO;VALLADOLID
47017;47175;15.81814245031057;47017;BERCERO;177;47175;Base TUDELA DE DUERO;VALLADOLID
47021;47175;15.999092008705343;47021;BOCIGAS;75;47175;Base TUDELA DE DUERO;VALLADOLID
47024;34079;20.91371859965284;47024;BOLAÑOS DE CAMPOS;254;34079;Base GRIJOTA;PALENCIA
47025;47175;20.17097433995084;47025;BRAHOJOS DE MEDINA;101;47175;Base TUDELA DE DUERO;VALLADOLID
47026;34079;16.693759520689895;47026;BUSTILLO DE CHAVES;65;34079;Base GRIJOTA;PALENCIA
47029;49125;19.629821875756665;47029;CABREROS DEL MONTE;56;49125;Base MORALEJA DEL VINO;ZAMORA
47041;47175;13.801005834471184;47041;CASTRODEZA;142;47175;Base TUDELA DE DUERO;VALLADOLID
47044;47175;7.962757631305103;47044;CASTRONUEVO DE ESGUEVA;393;47175;Base TUDELA DE DUERO;VALLADOLID
47045;49125;14.221061671986966;47045;CASTRONUÑO;767;49125;Base MORALEJA DEL VINO;ZAMORA
47046;34079;18.689434925082885;47046;CASTROPONCE;128;34079;Base GRIJOTA;PALENCIA
47049;47175;19.691087126734324;47049;CERVILLEGO DE LA CRUZ;91;47175;Base TUDELA DE DUERO;VALLADOLID
47051;47175;11.50164764501956;47051;CIGUÑUELA;358;47175;Base TUDELA DE DUERO;VALLADOLID
47052;47175;7.545681427264109;47052;CISTÉRNIGA;9281;47175;Base TUDELA DE DUERO;VALLADOLID
47054;47175;11.406054169247444;47054;COGECES DEL MONTE;644;47175;Base TUDELA DE DUERO;VALLADOLID
47058;34079;15.676886701682912;47058;CUENCA DE CAMPOS;192;34079;Base GRIJOTA;PALENCIA
47059;47175;16.03293968698611;47059;CURIEL DE DUERO;119;47175;Base TUDELA DE DUERO;VALLADOLID
47060;47175;16.976595921145236;47060;ENCINAS DE ESGUEVA;218;47175;Base TUDELA DE DUERO;VALLADOLID
47062;47175;15.496150988819743;47062;FOMBELLIDA;175;47175;Base TUDELA DE DUERO;VALLADOLID
47064;34079;16.1923562139509;47064;FONTIHOYUELO;31;34079;Base GRIJOTA;PALENCIA
47067;47175;19.7999909027369;47067;FUENTE EL SOL;153;47175;Base TUDELA DE DUERO;VALLADOLID
47068;47175;15.401767602133557;47068;FUENTE-OLMEDO;42;47175;Base TUDELA DE DUERO;VALLADOLID
47069;47175;16.768469540552836;47069;GALLEGOS DE HORNIJA;109;47175;Base TUDELA DE DUERO;VALLADOLID
47071;47175;11.708279970073908;47071;GERIA;488;47175;Base TUDELA DE DUERO;VALLADOLID
47073;34079;13.627546692854382;47073;HERRÍN DE CAMPOS;112;34079;Base GRIJOTA;PALENCIA
47099;47175;15.152701996954448;47099;LA MUDARRA;169;47175;Base TUDELA DE DUERO;VALLADOLID
47110;47175;6.758211502631046;47110;LA PARRILLA;480;47175;Base TUDELA DE DUERO;VALLADOLID
47158;47175;14.051280141930448;47158;LA SECA;1013;47175;Base TUDELA DE DUERO;VALLADOLID
47176;34079;21.743481278955098;47176;LA UNIÓN DE CAMPOS;202;34079;Base GRIJOTA;PALENCIA
47077;47175;13.638762767024089;47077;LANGAYO;250;47175;Base TUDELA DE DUERO;VALLADOLID
47083;47175;13.84027874302538;47083;MATILLA DE LOS CAÑOS;113;47175;Base TUDELA DE DUERO;VALLADOLID
47089;34079;18.215917469204054;47089;MELGAR DE ARRIBA;162;34079;Base GRIJOTA;PALENCIA
47091;34079;19.491955345554075;47091;MONASTERIO DE VEGA;79;34079;Base GRIJOTA;PALENCIA
47096;34079;19.60429649936244;47096;MORALES DE CAMPOS;130;34079;Base GRIJOTA;PALENCIA
47097;49125;17.006512432691316;47097;MOTA DEL MARQUÉS;330;49125;Base MORALEJA DEL VINO;ZAMORA
47100;47175;20.229321745536154;47100;MURIEL;111;47175;Base TUDELA DE DUERO;VALLADOLID
47101;49125;18.675548852317515;47101;NAVA DEL REY;1925;49125;Base MORALEJA DEL VINO;ZAMORA
47109;34079;18.260574002821773;47109;PALAZUELO DE VEDIJA;164;34079;Base GRIJOTA;PALENCIA
47112;47175;12.343636084344798;47112;PEDRAJAS DE SAN ESTEBAN;3406;47175;Base TUDELA DE DUERO;VALLADOLID
47114;47175;15.470136413136352;47114;PEÑAFIEL;5188;47175;Base TUDELA DE DUERO;VALLADOLID
47119;47175;15.824435459161933;47119;PIÑEL DE ARRIBA;88;47175;Base TUDELA DE DUERO;VALLADOLID
47123;47175;15.00354479522789;47123;POZAL DE GALLINAS;538;47175;Base TUDELA DE DUERO;VALLADOLID
47125;49125;19.163519381696652;47125;POZUELO DE LA ORDEN;50;49125;Base MORALEJA DEL VINO;ZAMORA
47126;47175;17.266961716087188;47126;PURAS;45;47175;Base TUDELA DE DUERO;VALLADOLID
47127;47175;13.312484924070795;47127;QUINTANILLA DE ARRIBA;155;47175;Base TUDELA DE DUERO;VALLADOLID
47129;47175;10.031491406629346;47129;QUINTANILLA DE ONÉSIMO;992;47175;Base TUDELA DE DUERO;VALLADOLID
47131;47175;16.845538668986965;47131;RÁBANO;176;47175;Base TUDELA DE DUERO;VALLADOLID
47133;47175;7.4086003677006875;47133;RENEDO DE ESGUEVA;3972;47175;Base TUDELA DE DUERO;VALLADOLID
47138;47175;18.67438030739782;47138;RUBÍ DE BRACAMONTE;214;47175;Base TUDELA DE DUERO;VALLADOLID
47142;47175;18.185634972490345;47142;SAN CEBRIÁN DE MAZOTE;103;47175;Base TUDELA DE DUERO;VALLADOLID
47147;47175;18.587515126469327;47147;SAN PABLO DE LA MORALEJA;107;47175;Base TUDELA DE DUERO;VALLADOLID
47149;47175;15.706571220563445;47149;SAN PELAYO;48;47175;Base TUDELA DE DUERO;VALLADOLID
47151;47175;16.591217374975255;47151;SAN SALVADOR;23;47175;Base TUDELA DE DUERO;VALLADOLID
47156;47175;17.690490355351262;47156;SAN VICENTE DEL PALACIO;160;47175;Base TUDELA DE DUERO;VALLADOLID
47157;47175;8.40393196801859;47157;SARDÓN DE DUERO;607;47175;Base TUDELA DE DUERO;VALLADOLID
47162;34079;15.264038887089425;47162;TAMARIZ DE CAMPOS;84;34079;Base GRIJOTA;PALENCIA
47170;47175;16.237988316645392;47170;TORRE DE PEÑAFIEL;57;47175;Base TUDELA DE DUERO;VALLADOLID
47171;47175;15.29005470395792;47171;TORRELOBATÓN;386;47175;Base TUDELA DE DUERO;VALLADOLID
47172;47175;11.625433188789007;47172;TORRESCÁRCELA;164;47175;Base TUDELA DE DUERO;VALLADOLID
47173;47175;7.361599018717733;47173;TRASPINEDO;1240;47175;Base TUDELA DE DUERO;VALLADOLID
47178;49125;18.06776357047183;47178;URUEÑA;203;49125;Base MORALEJA DEL VINO;ZAMORA
47186;47175;8.853959775324412;47186;VALLADOLID;300618;47175;Base TUDELA DE DUERO;VALLADOLID
47189;47175;18.93451468535173;47189;VELASCÁLVARO;163;47175;Base TUDELA DE DUERO;VALLADOLID
47191;47175;13.317989807537048;47191;VELLIZA;121;47175;Base TUDELA DE DUERO;VALLADOLID
47195;47175;6.904472601978275;47195;VILLABÁÑEZ;507;47175;Base TUDELA DE DUERO;VALLADOLID
47196;34079;14.408656625649133;47196;VILLABARUZ DE CAMPOS;32;34079;Base GRIJOTA;PALENCIA
47203;34079;13.801077312712716;47203;VILLAFRADES DE CAMPOS;61;34079;Base GRIJOTA;PALENCIA
47206;47175;12.323284743334746;47206;VILLAFUERTE;86;47175;Base TUDELA DE DUERO;VALLADOLID
47216;47175;12.764123679935418;47216;VILLÁN DE TORDESILLAS;122;47175;Base TUDELA DE DUERO;VALLADOLID
47218;47175;11.903582244881107;47218;VILLANUEVA DE DUERO;1258;47175;Base TUDELA DE DUERO;VALLADOLID
47225;47175;16.1254309470962;47225;VILLASEXMIR;67;47175;Base TUDELA DE DUERO;VALLADOLID
47227;49125;16.081347678546937;47227;VILLAVELLID;53;49125;Base MORALEJA DEL VINO;ZAMORA
47194;47175;11.147531618515362;47194;VILORIA;331;47175;Base TUDELA DE DUERO;VALLADOLID
49004;24142;21.18791198243223;49004;ALCUBILLA DE NOGALES;108;24142;Base SAN ANDRÉS DEL RABANEDO;LEÓN
49008;49125;16.23941644870086;49008;ALMEIDA DE SAYAGO;422;49125;Base MORALEJA DEL VINO;ZAMORA
49009;49125;11.103794601518445;49009;ANDAVÍAS;420;49125;Base MORALEJA DEL VINO;ZAMORA
49010;49125;5.703729546412905;49010;ARCENILLAS;448;49125;Base MORALEJA DEL VINO;ZAMORA
49011;49125;19.640333475696636;49011;ARCOS DE LA POLVOROSA;216;49125;Base MORALEJA DEL VINO;ZAMORA
49018;24115;22.389202130178386;49018;AYOÓ DE VIDRIALES;274;24115;Base PONFERRADA;El Bierzo
49019;49125;19.293366449182464;49019;BARCIAL DEL BARCO;253;49125;Base MORALEJA DEL VINO;ZAMORA
49028;49125;23.114056587530754;49028;BRIME DE URZ;99;49125;Base MORALEJA DEL VINO;ZAMORA
49034;37294;13.918313297291219;49034;CAÑIZAL;421;37294;Base SANTA MARTA DE TORMES;SALAMANCA
49039;49125;5.850134352700016;49039;CASASECA DE LAS CHANAS;373;49125;Base MORALEJA DEL VINO;ZAMORA
49046;49125;18.819295967138927;49046;CERECINOS DE CAMPOS;234;49125;Base MORALEJA DEL VINO;ZAMORA
49048;24115;21.464930174379674;49048;CERNADILLA;110;24115;Base PONFERRADA;El Bierzo
49055;49125;18.608760972821905;49055;COTANES DEL MONTE;82;49125;Base MORALEJA DEL VINO;ZAMORA
49057;24115;21.135285610801226;49057;CUBO DE BENAVENTE;117;24115;Base PONFERRADA;El Bierzo
49058;49125;11.400227949908189;49058;EL CUBO DE TIERRA DEL VINO;298;49125;Base MORALEJA DEL VINO;ZAMORA
49102;49125;10.497860106860102;49102;EL MADERAL;169;49125;Base MORALEJA DEL VINO;ZAMORA
49158;49125;8.637805743348798;49158;EL PIÑERO;215;49125;Base MORALEJA DEL VINO;ZAMORA
49067;49125;22.96792691524422;49067;FERRERAS DE ARRIBA;358;49125;Base MORALEJA DEL VINO;ZAMORA
49071;49125;17.164662811923495;49071;FONFRÍA;763;49125;Base MORALEJA DEL VINO;ZAMORA
49078;49125;19.265068140053742;49078;FRIERA DE VALVERDE;127;49125;Base MORALEJA DEL VINO;ZAMORA
49079;24142;22.381074247661157;49079;FUENTE ENCALADA;89;24142;Base SAN ANDRÉS DEL RABANEDO;LEÓN
49081;49125;12.905607843043132;49081;FUENTESAÚCO;1606;49125;Base MORALEJA DEL VINO;ZAMORA
49085;24115;18.47569045751313;49085;GALENDE;1024;24115;Base PONFERRADA;El Bierzo
49091;49125;15.68873249625297;49091;GRANJA DE MORERUELA;250;49125;Base MORALEJA DEL VINO;ZAMORA
49093;49125;12.182443046210118;49093;GUARRATE;314;49125;Base MORALEJA DEL VINO;ZAMORA
49094;24115;23.736290211786542;49094;HERMISENDE;216;24115;Base PONFERRADA;El Bierzo
49097;24115;18.85961266008873;49097;JUSTEL;78;24115;Base PONFERRADA;El Bierzo
49101;49125;15.891355913062606;49101;LUELMO;149;49125;Base MORALEJA DEL VINO;ZAMORA
49105;24142;20.61182049894095;49105;MAIRE DE CASTROPONCE;140;24142;Base SAN ANDRÉS DEL RABANEDO;LEÓN
49112;24115;20.697278970704527;49112;MANZANAL DE LOS INFANTES;135;24115;Base PONFERRADA;El Bierzo
49111;49125;13.405786457615868;49111;MANZANAL DEL BARCO;128;49125;Base MORALEJA DEL VINO;ZAMORA
49118;49125;19.105041204757153;49118;MILLES DE LA POLVOROSA;199;49125;Base MORALEJA DEL VINO;ZAMORA
49120;24115;21.868267190487433;49120;MOLEZUELAS DE LA CARBALLEDA;46;24115;Base PONFERRADA;El Bierzo
49121;24115;21.993258287359243;49121;MOMBUEY;386;24115;Base PONFERRADA;El Bierzo
49123;49125;11.574636435709593;49123;MONTAMARTA;543;49125;Base MORALEJA DEL VINO;ZAMORA
49126;37294;16.093306873925002;49126;MORALEJA DE SAYAGO;299;37294;Base SANTA MARTA DE TORMES;SALAMANCA
49128;24142;21.944221757009853;49128;MORALES DE REY;517;24142;Base SAN ANDRÉS DEL RABANEDO;LEÓN
49130;49125;20.407952901900096;49130;MORALES DE VALVERDE;150;49125;Base MORALEJA DEL VINO;ZAMORA
49132;49125;10.255888397420662;49132;MORERUELA DE LOS INFANZONES;324;49125;Base MORALEJA DEL VINO;ZAMORA
49135;49125;12.308424569191471;49135;MUELAS DEL PAN;616;49125;Base MORALEJA DEL VINO;ZAMORA
49139;49125;23.225381023181008;49139;OTERO DE BODAS;166;49125;Base MORALEJA DEL VINO;ZAMORA
49142;49125;11.573320069877171;49142;PALACIOS DEL PAN;240;49125;Base MORALEJA DEL VINO;ZAMORA
49145;24115;21.02097886926583;49145;PEDRALBA DE LA PRADERÍA;195;24115;Base PONFERRADA;El Bierzo
49152;49125;10.2253941226422;49152;PERERUELA;496;49125;Base MORALEJA DEL VINO;ZAMORA
49155;49125;11.798516717087193;49155;PIEDRAHÍTA DE CASTRO;106;49125;Base MORALEJA DEL VINO;ZAMORA
49162;24115;18.352879884272724;49162;PORTO;156;24115;Base PONFERRADA;El Bierzo
49163;49125;11.454036361165755;49163;POZOANTIGUO;190;49125;Base MORALEJA DEL VINO;ZAMORA
49164;49125;16.201361467477856;49164;POZUELO DE TÁBARA;145;49125;Base MORALEJA DEL VINO;ZAMORA
49165;49125;19.900794917535173;49165;PRADO;53;49125;Base MORALEJA DEL VINO;ZAMORA
49166;24115;19.965618619112064;49166;PUEBLA DE SANABRIA;1366;24115;Base PONFERRADA;El Bierzo
49171;49125;22.266907499235916;49171;QUIRUELAS DE VIDRIALES;635;49125;Base MORALEJA DEL VINO;ZAMORA
49175;49125;18.136184598394006;49175;REVELLINOS;229;49125;Base MORALEJA DEL VINO;ZAMORA
49176;49125;20.993469285627558;49176;RIOFRÍO DE ALISTE;599;49125;Base MORALEJA DEL VINO;ZAMORA
49179;24115;19.073955356064474;49179;ROBLEDA-CERVANTES;400;24115;Base PONFERRADA;El Bierzo
49180;49125;18.353339185686757;49180;ROELOS DE SAYAGO;138;49125;Base MORALEJA DEL VINO;ZAMORA
49190;49125;16.44726544121773;49190;SAN MARTÍN DE VALDERADUEY;45;49125;Base MORALEJA DEL VINO;ZAMORA
49191;49125;9.33814506742701;49191;SAN MIGUEL DE LA RIBERA;252;49125;Base MORALEJA DEL VINO;ZAMORA
49192;49125;22.56663370706874;49192;SAN MIGUEL DEL VALLE;119;49125;Base MORALEJA DEL VINO;ZAMORA
49194;49125;12.178601621624464;49194;SAN PEDRO DE LA NAVE-ALMENDRA;322;49125;Base MORALEJA DEL VINO;ZAMORA
49200;49125;21.384577649647923;49200;SANTA CRISTINA DE LA POLVOROSA;1027;49125;Base MORALEJA DEL VINO;ZAMORA
49206;24142;23.46297176518002;49206;SANTIBÁÑEZ DE VIDRIALES;844;24142;Base SAN ANDRÉS DEL RABANEDO;LEÓN
49216;49125;17.51821522597821;49216;TAPIOLES;124;49125;Base MORALEJA DEL VINO;ZAMORA
49221;49125;16.931589148502212;49221;TORREGAMONES;226;49125;Base MORALEJA DEL VINO;ZAMORA
49223;49125;25.829514321372873;49223;TRABAZOS;838;49125;Base MORALEJA DEL VINO;ZAMORA
49226;49125;13.800592187679646;49226;VADILLO DE LA GUAREÑA;243;49125;Base MORALEJA DEL VINO;ZAMORA
49229;49125;22.304210420594988;49229;VALDESCORRIEL;131;49125;Base MORALEJA DEL VINO;ZAMORA
49230;37294;13.948892044727032;49230;VALLESA DE LA GUAREÑA;68;37294;Base SANTA MARTA DE TORMES;SALAMANCA
49233;49125;17.532794442102244;49233;VEGALATRAVE;79;49125;Base MORALEJA DEL VINO;ZAMORA
49234;49125;8.468537904678692;49234;VENIALBO;431;49125;Base MORALEJA DEL VINO;ZAMORA
49249;49125;14.10374464946146;49249;VILLALONSO;79;49125;Base MORALEJA DEL VINO;ZAMORA
49251;49125;10.139419199826555;49251;VILLALUBE;147;49125;Base MORALEJA DEL VINO;ZAMORA
49259;49125;21.13389027558765;49259;VILLANUEVA DE LAS PERAS;89;49125;Base MORALEJA DEL VINO;ZAMORA
49260;49125;21.84181204936671;49260;VILLANUEVA DEL CAMPO;761;49125;Base MORALEJA DEL VINO;ZAMORA
49269;49125;12.000998229870188;49269;VILLASECO DEL PAN;207;49125;Base MORALEJA DEL VINO;ZAMORA
49272;49125;20.266924460355412;49272;VILLAVEZA DE VALVERDE;72;49125;Base MORALEJA DEL VINO;ZAMORA
49273;49125;25.693742717301767;49273;VIÑAS;160;49125;Base MORALEJA DEL VINO;ZAMORA
