municipio_id,base_asignada_id,tiempo_minutos,id_mun,municipio,poblacion,lat_muni,lon_muni,id_base,helipuerto_nombre,lat_heli,lon_heli,distancia_km
5007,5019,23.599648238619164,5007,ALDEANUEVA DE SANTA CRUZ,102,40.38196,-5.419593,5019,Base ÁVILA,40.65587,-4.697713,86.5320435416036
5008,5019,17.24062254834186,5008,ALDEASECA,203,41.049202,-4.817519,5019,Base ÁVILA,40.65587,-4.697713,63.21561601058682
5016,5019,17.432068457216843,5016,ARÉVALO,7830,41.065505,-4.718925,5019,Base ÁVILA,40.65587,-4.697713,63.917584343128425
5034,5019,20.693723516899396,5034,BLASCONUÑO DE MATACABRAS,14,41.123872,-4.989882,5019,Base ÁVILA,40.65587,-4.697713,75.87698622863111
5035,5019,11.884890390436098,5035,BLASCOSANCHO,100,40.878249,-4.637347,5019,Base ÁVILA,40.65587,-4.697713,43.577931431599026
5037,5019,25.025844674852003,5037,BOHOYO,214,40.316655,-5.442655,5019,Base ÁVILA,40.65587,-4.697713,91.76143047445734
5042,5019,14.309142046117106,5042,CABEZAS DE ALAMBRE,153,40.943158,-4.840579,5019,Base ÁVILA,40.65587,-4.697713,52.46685416909606
5048,5019,15.761621849298525,5048,CANTIVEROS,99,40.951929,-4.956185,5019,Base ÁVILA,40.65587,-4.697713,57.79261344742792
5056,5019,18.877670686916332,5056,CASTELLANOS DE ZAPARDIEL,113,41.084718,-4.908902,5019,Base ÁVILA,40.65587,-4.697713,69.21812585202656
5059,5019,11.611556123691885,5059,CILLÁN,79,40.704366,-4.977995,5019,Base ÁVILA,40.65587,-4.697713,42.575705786870245
5060,5019,16.85315174786409,5060,CISLA,102,40.965295,-5.013227,5019,Base ÁVILA,40.65587,-4.697713,61.79488974216833
5063,37274,19.42480583807288,5063,COLLADO DEL MIRÓN,20,40.55449,-5.353557,37274,Base SALAMANCA,40.967368,-5.665381,71.2242880729339
5070,5019,18.351576106210224,5070,DONVIDAS,36,41.08864,-4.804724,5019,Base ÁVILA,40.65587,-4.697713,67.28911238943749
5022,5019,10.605912186537926,5022,EL BARRACO,2027,40.476079,-4.641142,5019,Base ÁVILA,40.65587,-4.697713,38.88834468397239
5036,5019,12.93105597171992,5036,EL BOHODÓN,110,40.916264,-4.729838,5019,Base ÁVILA,40.65587,-4.697713,47.41387189630637
5175,5019,10.91656208749012,5175,EL OSO,129,40.842842,-4.77127,5019,Base ÁVILA,40.65587,-4.697713,40.02739432079711
5241,5019,13.582686547109494,5241,EL TIEMBLO,4526,40.415683,-4.500749,5019,Base ÁVILA,40.65587,-4.697713,49.80318400606814
5072,5019,15.766136796675688,5072,ESPINOSA DE LOS CABALLEROS,97,41.009119,-4.650974,5019,Base ÁVILA,40.65587,-4.697713,57.80916825447753
5073,5019,17.145339383763584,5073,FLORES DE ÁVILA,270,40.934203,-5.078097,5019,Base ÁVILA,40.65587,-4.697713,62.866244407133145
5077,5019,15.895274237992435,5077,FUENTE EL SAÚZ,151,40.977514,-4.909221,5019,Base ÁVILA,40.65587,-4.697713,58.28267220597227
5080,5019,14.70936156285198,5080,GALLEGOS DE SOBRINOS,45,40.717329,-5.112086,5019,Base ÁVILA,40.65587,-4.697713,53.93432573045726
5081,5019,16.281046667875614,5081,GARGANTA DEL VILLAR,39,40.449708,-5.105238,5019,Base ÁVILA,40.65587,-4.697713,59.69717111554392
5082,5019,17.04511463068817,5082,GAVILANES,529,40.276857,-4.85384,5019,Base ÁVILA,40.65587,-4.697713,62.498753645856624
5083,5019,7.72665612339218,5083,GEMUÑO,142,40.592925,-4.782303,5019,Base ÁVILA,40.65587,-4.697713,28.331072452437997
5084,37274,21.822958421913647,5084,GILBUENA,48,40.414288,-5.608838,37274,Base SALAMANCA,40.967368,-5.665381,80.01751421368337
5092,5019,11.160032223503636,5092,HERNANSANCHO,142,40.857489,-4.730337,5019,Base ÁVILA,40.65587,-4.697713,40.92011815284667
5093,5019,9.190453398177741,5093,HERRADÓN DE PINARES,495,40.565312,-4.56023,5019,Base ÁVILA,40.65587,-4.697713,33.698329126651714
5095,5019,17.87033953727503,5095,HIGUERA DE LAS DUEÑAS,270,40.237883,-4.601122,5019,Base ÁVILA,40.65587,-4.697713,65.52457830334177
5106,5019,16.651852526128867,5106,HOYOS DE MIGUEL MUÑOZ,27,40.393433,-5.066902,5019,Base ÁVILA,40.65587,-4.697713,61.056792595805845
5104,5019,19.663208082620606,5104,HOYOS DEL COLLADO,30,40.358702,-5.199375,5019,Base ÁVILA,40.65587,-4.697713,72.09842963627555
5105,5019,19.232634544855586,5105,HOYOS DEL ESPINO,344,40.362041,-5.179052,5019,Base ÁVILA,40.65587,-4.697713,70.51965999780381
5051,37274,23.973263162286354,5051,LA CARRERA,160,40.347336,-5.555148,37274,Base SALAMANCA,40.967368,-5.665381,87.9019649283833
5110,5019,19.78337787295125,5110,LANZAHÍTA,788,40.203679,-4.936954,5019,Base ÁVILA,40.65587,-4.697713,72.53905220082125
5027,5019,9.710281139822925,5027,LAS BERLANAS,323,40.803561,-4.761169,5019,Base ÁVILA,40.65587,-4.697713,35.604364179350725
5168,5019,13.703610612232007,5168,LAS NAVAS DEL MARQUÉS,5590,40.603046,-4.326009,5019,Base ÁVILA,40.65587,-4.697713,50.24657224485069
5113,37274,24.755871588499453,5113,LOS LLANOS DE TORMES,103,40.328312,-5.498676,37274,Base SALAMANCA,40.967368,-5.665381,90.77152915783132
5114,5019,19.85446340067966,5114,MADRIGAL DE LAS ALTAS TORRES,1299,41.089759,-4.99833,5019,Base ÁVILA,40.65587,-4.697713,72.79969913582542
5115,5019,11.386232924325046,5115,MAELLO,700,40.811033,-4.509819,5019,Base ÁVILA,40.65587,-4.697713,41.74952072252517
5117,5019,18.140941692281913,5117,MAMBLAS,196,41.019192,-5.009849,5019,Base ÁVILA,40.65587,-4.697713,66.51678620503368
5120,5019,8.484888166802735,5120,MARLÍN,31,40.712762,-4.829378,5019,Base ÁVILA,40.65587,-4.697713,31.11125661161003
5123,5019,8.390821759620994,5123,MEDIANA DE VOLTOYA,117,40.70062,-4.5626,5019,Base ÁVILA,40.65587,-4.697713,30.766346451943644
5125,5019,13.384573708891137,5125,MENGAMUÑOZ,54,40.500807,-4.999097,5019,Base ÁVILA,40.65587,-4.697713,49.07677026593417
5132,5019,19.091890913521162,5132,MOMBELTRÁN,916,40.260166,-5.017888,5019,Base ÁVILA,40.65587,-4.697713,70.00360001624426
5134,5019,19.926030029488018,5134,MORALEJA DE MATACABRAS,53,41.107301,-4.957097,5019,Base ÁVILA,40.65587,-4.697713,73.06211010812272
5145,5019,11.175102428789348,5145,NARRILLOS DEL REBOLLAR,34,40.66492,-4.965875,5019,Base ÁVILA,40.65587,-4.697713,40.97537557222761
5149,5019,12.725187109499448,5149,NARROS DE SALDUEÑA,106,40.874873,-4.869506,5019,Base ÁVILA,40.65587,-4.697713,46.65901940149798
5153,37274,25.639441433706796,5153,NAVA DEL BARCO,83,40.293301,-5.541534,37274,Base SALAMANCA,40.967368,-5.665381,94.01128525692492
5151,5019,17.339000515969055,5151,NAVACEPEDILLA DE CORNEJA,100,40.485839,-5.18435,5019,Base ÁVILA,40.65587,-4.697713,63.576335225219864
5156,5019,16.075102547918036,5156,NAVAHONDILLA,353,40.325282,-4.493649,5019,Base ÁVILA,40.65587,-4.697713,58.94204267569946
5159,37274,26.26872876472826,5159,NAVALONGUILLA,185,40.277609,-5.49816,37274,Base SALAMANCA,40.967368,-5.665381,96.31867213733695
5165,5019,18.473558298364914,5165,NAVARREDONDA DE GREDOS,446,40.362113,-5.136119,5019,Base ÁVILA,40.65587,-4.697713,67.73638042733802
5166,5019,11.763252753811429,5166,NAVARREDONDILLA,158,40.453563,-4.821246,5019,Base ÁVILA,40.65587,-4.697713,43.13192676397524
5170,37274,24.401886375040995,5170,NAVATEJARES,50,40.335782,-5.530851,37274,Base SALAMANCA,40.967368,-5.665381,89.47358337515031
5173,5019,9.442450770381477,5173,OJOS-ALBOS,96,40.706461,-4.516428,5019,Base ÁVILA,40.65587,-4.697713,34.62231949139875
5178,5019,19.152179110702946,5178,PALACIOS DE GODA,397,41.117852,-4.784989,5019,Base ÁVILA,40.65587,-4.697713,70.22465673924412
5179,5019,12.188075619808707,5179,PAPATRIGO,219,40.870151,-4.831484,5019,Base ÁVILA,40.65587,-4.697713,44.68961060596526
5183,5019,13.74546939774171,5183,PEDRO-RODRÍGUEZ,134,40.936524,-4.785315,5019,Base ÁVILA,40.65587,-4.697713,50.400054458386265
5185,5019,8.701692671378668,5185,PEÑALBA DE ÁVILA,105,40.771991,-4.747349,5019,Base ÁVILA,40.65587,-4.697713,31.90620646172178
5187,5019,15.255800062449135,5187,PIEDRALAVES,2150,40.317684,-4.6983,5019,Base ÁVILA,40.65587,-4.697713,55.93793356231349
5189,5019,23.208969529896287,5189,POYALES DEL HOYO,487,40.172433,-5.165447,5019,Base ÁVILA,40.65587,-4.697713,85.09955494295305
5193,37274,18.62025747394341,5193,RASUEROS,160,41.023092,-5.074918,37274,Base SALAMANCA,40.967368,-5.665381,68.27427740445917
5197,5019,7.932996573116054,5197,SALOBRAL,102,40.611407,-4.810891,5019,Base ÁVILA,40.65587,-4.697713,29.08765410142553
5198,5019,16.342661218840128,5198,SALVADIÓS,71,40.876831,-5.096168,5019,Base ÁVILA,40.65587,-4.697713,59.92309113574713
5199,37274,21.954771390514264,5199,SAN BARTOLOMÉ DE BÉJAR,49,40.408286,-5.662693,37274,Base SALAMANCA,40.967368,-5.665381,80.50082843188564
5210,5019,11.176559411868574,5210,SAN JUAN DE LA ENCINILLA,70,40.828819,-4.839691,5019,Base ÁVILA,40.65587,-4.697713,40.98071784351811
5211,5019,10.395869989217685,5211,SAN JUAN DE LA NAVA,426,40.478247,-4.683971,5019,Base ÁVILA,40.65587,-4.697713,38.11818996046484
5219,5019,12.001539546497744,5219,SAN PASCUAL,45,40.882395,-4.756622,5019,Base ÁVILA,40.65587,-4.697713,44.00564500382506
5231,5019,14.755453578901085,5231,SAN VICENTE DE ARÉVALO,165,40.967983,-4.800637,5019,Base ÁVILA,40.65587,-4.697713,54.10332978930398
5221,5019,19.16394056343432,5221,SANTA CRUZ DEL VALLE,304,40.250843,-5.003373,5019,Base ÁVILA,40.65587,-4.697713,70.26778206592583
5233,5019,15.84163021613399,5233,SERRANILLOS,252,40.337343,-4.911176,5019,Base ÁVILA,40.65587,-4.697713,58.08597745915796
5234,5019,11.933306900747791,5234,SIGERES,41,40.799321,-4.932627,5019,Base ÁVILA,40.65587,-4.697713,43.75545863607523
5235,5019,18.142157918322468,5235,SINLABAJOS,135,41.077176,-4.831955,5019,Base ÁVILA,40.65587,-4.697713,66.52124570051572
5238,5019,10.704367977814291,5238,SOLOSANCHO,758,40.554221,-4.906181,5019,Base ÁVILA,40.65587,-4.697713,39.249349251985734
5245,5019,7.118286595103575,5245,TORNADIZOS DE ÁVILA,465,40.626366,-4.614274,5019,Base ÁVILA,40.65587,-4.697713,26.10038418204644
5251,5019,14.982968902417863,5251,VADILLO DE LA SIERRA,51,40.606284,-5.126526,5019,Base ÁVILA,40.65587,-4.697713,54.93755264219883
5253,5019,10.662167533155564,5253,VEGA DE SANTA MARÍA,86,40.836272,-4.634191,5019,Base ÁVILA,40.65587,-4.697713,39.09461428823707
5259,5019,17.2281691662279,5259,VILLANUEVA DEL ACERAL,92,41.041601,-4.853025,5019,Base ÁVILA,40.65587,-4.697713,63.1699536095023
5260,5019,16.34612124074058,5260,VILLANUEVA DEL CAMPILLO,101,40.578337,-5.179902,5019,Base ÁVILA,40.65587,-4.697713,59.935777882715456
5263,5019,14.990528183162663,5263,VILLATORO,161,40.555342,-5.110942,5019,Base ÁVILA,40.65587,-4.697713,54.965270004929764
5264,5019,12.83134199478371,5264,VIÑEGRA DE MORAÑA,48,40.851549,-4.920169,5019,Base ÁVILA,40.65587,-4.697713,47.0482539808736
9001,9059,13.98302407226902,9001,ABAJAS,28,42.623249,-3.581763,9059,Base BURGOS,42.34113,-3.704198,51.27108826498641
9003,34120,25.397302366770504,9003,ADRADA DE HAZA,205,41.594223,-3.823097,34120,Base PALENCIA,42.007837,-4.534601,93.12344201149185
9006,9059,17.24904975210801,9006,AGUAS CÁNDIDAS,59,42.717274,-3.504476,9059,Base BURGOS,42.34113,-3.704198,63.24651575772938
9011,9059,22.424813777224497,9011,ALFOZ DE BRICIA,68,42.906017,-3.847067,9059,Base BURGOS,42.34113,-3.704198,82.22431718315649
9019,9059,24.313906407083035,9019,ARANDILLA,155,41.737684,-3.430006,9059,Base BURGOS,42.34113,-3.704198,89.15099015930446
9020,9059,21.238629487955247,9020,ARAUZO DE MIEL,274,41.85988,-3.38775,9059,Base BURGOS,42.34113,-3.704198,77.87497478916924
9026,9059,10.541059831313847,9026,ARLANZÓN,424,42.32029,-3.458652,9059,Base BURGOS,42.34113,-3.704198,38.65055271481744
9038,9059,17.00054476736807,9038,BARBADILLO DEL MERCADO,134,42.039213,-3.358933,9059,Base BURGOS,42.34113,-3.704198,62.335330813682916
9041,9059,13.488290702579421,9041,BARRIO DE MUÑÓ,32,42.174503,-4.008068,9059,Base BURGOS,42.34113,-3.704198,49.45706590945788
9047,9059,13.68100631055015,9047,BELBIMBRE,54,42.168607,-4.012817,9059,Base BURGOS,42.34113,-3.704198,50.16368980535055
9051,34120,22.800346766859604,9051,BERLANGAS DE ROA,203,41.689249,-3.872793,34120,Base PALENCIA,42.007837,-4.534601,83.60127147848522
9052,9059,18.078403134332095,9052,BERZOSA DE BUREBA,26,42.627,-3.266343,9059,Base BURGOS,42.34113,-3.704198,66.28747815921768
9057,9059,22.979883636938016,9057,BUGEDO,189,42.649938,-3.017774,9059,Base BURGOS,42.34113,-3.704198,84.2595733354394
9059,9059,5.0,9059,BURGOS,175895,42.34113,-3.704198,9059,Base BURGOS,42.34113,-3.704198,18.333333333333332
9065,34120,26.78313002676067,9065,CAMPILLO DE ARANDA,171,41.610745,-3.731552,34120,Base PALENCIA,42.007837,-4.534601,98.20481009812245
9067,42173,19.011401053580087,9067,CANICOSA DE LA SIERRA,424,41.937898,-3.04051,42173,Base SORIA,41.763279,-2.466248,69.70847052979366
9068,9059,18.023976826467553,9068,CANTABRANA,23,42.73364,-3.467654,9059,Base BURGOS,42.34113,-3.704198,66.08791503038103
9071,9059,13.499514737161993,9071,CARCEDO DE BUREBA,37,42.576981,-3.498959,9059,Base BURGOS,42.34113,-3.704198,49.498220702927306
9073,9059,6.460370686409495,9073,CARDEÑADIJO,1430,42.301727,-3.666756,9059,Base BURGOS,42.34113,-3.704198,23.68802585016815
9074,9059,6.920508629082228,9074,CARDEÑAJIMENO,1169,42.330584,-3.619723,9059,Base BURGOS,42.34113,-3.704198,25.375198306634836
9077,9059,19.59879383130549,9077,CASCAJARES DE BUREBA,27,42.677838,-3.237474,9059,Base BURGOS,42.34113,-3.704198,71.86224404812013
9085,34120,25.213764697524187,9085,CASTRILLO DE LA VEGA,621,41.65074,-3.779261,34120,Base PALENCIA,42.007837,-4.534601,92.45047055758869
9086,9059,7.80198201949783,9086,CASTRILLO DEL VAL,823,42.31343,-3.584971,9059,Base BURGOS,42.34113,-3.704198,28.607267404825375
9091,9059,14.969363482873787,9091,CASTROJERIZ,778,42.289864,-4.143335,9059,Base BURGOS,42.34113,-3.704198,54.88766610387055
9063,9059,8.608164575708992,9063,CAVIA,248,42.282547,-3.844237,9059,Base BURGOS,42.34113,-3.704198,31.56327011093297
9094,9059,16.07294891797795,9094,CEBRECOS,58,41.984871,-3.596263,9059,Base BURGOS,42.34113,-3.704198,58.934146032585815
9100,9059,12.799127387308353,9100,CERRATÓN DE JUARROS,45,42.422384,-3.373869,9059,Base BURGOS,42.34113,-3.704198,46.93013375346396
9102,9059,20.425766448479997,9102,CILLAPERLATA,30,42.780866,-3.357062,9059,Base BURGOS,42.34113,-3.704198,74.89447697776
9105,9059,18.744305320279402,9105,CIRUELOS DE CERVERA,99,41.906957,-3.52891,9059,Base BURGOS,42.34113,-3.704198,68.72911950769114
9112,9059,23.820607096438753,9112,CORUÑA DEL CONDE,100,41.765435,-3.392005,9059,Base BURGOS,42.34113,-3.704198,87.34222602027542
9114,9059,10.593633996883868,9114,CUBILLO DEL CAMPO,101,42.170096,-3.610891,9059,Base BURGOS,42.34113,-3.704198,38.84332465524085
9123,9059,14.734097459471515,9123,ESPINOSA DEL CAMINO,42,42.407118,-3.278989,9059,Base BURGOS,42.34113,-3.704198,54.025024018062226
9127,9059,17.085297651515745,9127,FONTIOSO,54,41.943435,-3.738642,9059,Base BURGOS,42.34113,-3.704198,62.646091388891065
9133,9059,10.47576223039621,9133,FRESNO DE RODILLA,49,42.418823,-3.483545,9059,Base BURGOS,42.34113,-3.704198,38.411128178119434
9136,34120,23.920077746263882,9136,FUENTECÉN,237,41.628247,-3.87023,34120,Base PALENCIA,42.007837,-4.534601,87.7069517363009
9140,40194,24.482275668474447,9140,FUENTENEBRO,136,41.528413,-3.753817,40194,Base SEGOVIA,40.94987,-4.125241,89.76834411773963
9155,34120,24.768269181406065,9155,HAZA,34,41.621037,-3.830592,34120,Base PALENCIA,42.007837,-4.534601,90.8169869984889
9172,9059,10.708894493676972,9172,HUÉRMECES,153,42.522613,-3.771976,9059,Base BURGOS,42.34113,-3.704198,39.265946476815564
9175,9059,18.064240456737238,9175,HUMADA,116,42.668685,-4.083744,9059,Base BURGOS,42.34113,-3.704198,66.23554834136986
9176,9059,7.834016884610181,9176,HURONES,53,42.406304,-3.61354,9059,Base BURGOS,42.34113,-3.704198,28.724728576904
9178,9059,19.318335254211576,9178,IBRILLOS,29,42.454031,-3.083395,9059,Base BURGOS,42.34113,-3.704198,70.83389593210912
9181,9059,10.078153664747454,9181,ISAR,284,42.361594,-3.929085,9059,Base BURGOS,42.34113,-3.704198,36.953230104073995
9184,9059,15.969124908026547,9184,JARAMILLO QUEMADO,10,42.084241,-3.360395,9059,Base BURGOS,42.34113,-3.704198,58.55345799609734
9191,9059,13.816976777192084,9191,JURISDICCIÓN DE LARA,41,42.123126,-3.444394,9059,Base BURGOS,42.34113,-3.704198,50.66224818303764
9192,9059,24.486295836962544,9192,JURISDICCIÓN DE SAN ZADORNIL,66,42.841597,-3.156766,9059,Base BURGOS,42.34113,-3.704198,89.78308473552933
9117,34120,21.927143449254874,9117,LA CUEVA DE ROA,89,41.666377,-3.941951,34120,Base PALENCIA,42.007837,-4.534601,80.39952598060121
9166,9059,12.522990580144917,9166,LAS HORMAZAS,99,42.525501,-3.929074,9059,Base BURGOS,42.34113,-3.704198,45.91763212719803
9034,9059,13.936161669742717,9034,LOS BALBASES,302,42.214528,-4.06383,9059,Base BURGOS,42.34113,-3.704198,51.0992594557233
9197,9059,11.563642255746739,9197,MADRIGALEJO DEL MONTE,176,42.125296,-3.726002,9059,Base BURGOS,42.34113,-3.704198,42.400021604404714
9201,9059,19.739996870906324,9201,MAMOLAR,28,41.926617,-3.36192,9059,Base BURGOS,42.34113,-3.704198,72.37998852665652
9209,9059,23.457589518907557,9209,MEDINA DE POMAR,5997,42.928523,-3.487503,9059,Base BURGOS,42.34113,-3.704198,86.01116156932771
9215,9059,25.908908702022135,9215,MERINDAD DE SOTOSCUEVA,412,43.028253,-3.626808,9059,Base BURGOS,42.34113,-3.704198,94.9993319074145
9216,9059,25.31105343195057,9216,MERINDAD DE VALDEPORRES,421,43.010256,-3.743813,9059,Base BURGOS,42.34113,-3.704198,92.80719591715209
9221,9059,7.713532325753284,9221,MODÚBAR DE LA EMPAREDADA,769,42.257843,-3.659977,9059,Base BURGOS,42.34113,-3.704198,28.282951861095373
9224,9059,11.339379517464529,9224,MONASTERIO DE RODILLA,169,42.455805,-3.46752,9059,Base BURGOS,42.34113,-3.704198,41.57772489736994
9228,40194,24.793282106382364,9228,MORADILLO DE ROA,170,41.552478,-3.791749,40194,Base SEGOVIA,40.94987,-4.125241,90.90870105673534
9231,9059,16.39501770761474,9231,NEBREDA,55,41.968922,-3.634746,9059,Base BURGOS,42.34113,-3.704198,60.11506492792071
9232,42173,19.97650349465641,9232,NEILA,119,42.060263,-2.996471,42173,Base SORIA,41.763279,-2.466248,73.24717948040683
9235,34120,20.175129809030448,9235,OLMEDILLO DE ROA,179,41.783569,-3.933638,34120,Base PALENCIA,42.007837,-4.534601,73.97547596644498
9238,9059,18.596476968888055,9238,OÑA,951,42.734305,-3.411769,9059,Base BURGOS,42.34113,-3.704198,68.18708221925621
9243,9059,16.34459783892478,9243,PADILLA DE ARRIBA,92,42.437948,-4.193441,9059,Base BURGOS,42.34113,-3.704198,59.93019207605753
9244,9059,16.682914283801342,9244,PADRONES DE BUREBA,60,42.70499,-3.532461,9059,Base BURGOS,42.34113,-3.704198,61.17068570727159
9246,42173,21.116851220806158,9246,PALACIOS DE LA SIERRA,675,41.96382,-3.127111,42173,Base SORIA,41.763279,-2.466248,77.42845447628925
9248,9059,11.723011245674261,9248,PALAZUELOS DE LA SIERRA,93,42.21313,-3.459561,9059,Base BURGOS,42.34113,-3.704198,42.984374567472294
9250,9059,12.569228313714138,9250,PAMPLIEGA,291,42.206199,-3.987979,9059,Base BURGOS,42.34113,-3.704198,46.08717048361851
9251,9059,21.002812227807087,9251,PANCORBO,437,42.635028,-3.109856,9059,Base BURGOS,42.34113,-3.704198,77.01031150195932
9255,9059,20.568069256790427,9255,PARTIDO DE LA SIERRA EN TOBALINA,81,42.73341,-3.254787,9059,Base BURGOS,42.34113,-3.704198,75.41625394156489
9258,34120,15.49704107491344,9258,PEDROSA DEL PRÍNCIPE,163,42.247876,-4.198337,34120,Base PALENCIA,42.007837,-4.534601,56.822483941349276
9262,34120,15.519163539904227,9262,PERAL DE ARLANZA,170,42.075937,-4.076622,34120,Base PALENCIA,42.007837,-4.534601,56.903599646315506
9265,9059,14.9707942593447,9265,PIÉRNIGAS,39,42.590209,-3.41326,9059,Base BURGOS,42.34113,-3.704198,54.8929122842639
9267,9059,18.082875697479835,9267,PINEDA TRASMONTE,98,41.90976,-3.69633,9059,Base BURGOS,42.34113,-3.704198,66.30387755742606
9269,9059,16.816466638741105,9269,PINILLA DE LOS MOROS,33,42.068124,-3.328876,9059,Base BURGOS,42.34113,-3.704198,61.66037767538405
9287,9059,8.330215104293357,9287,QUINTANAORTUÑO,284,42.44962,-3.681175,9059,Base BURGOS,42.34113,-3.704198,30.544122049075643
9288,9059,9.313466015238529,9288,QUINTANAPALLA,120,42.408823,-3.534863,9059,Base BURGOS,42.34113,-3.704198,34.14937538920794
9294,9059,15.796312809236259,9294,QUINTANILLA DE LA MATA,108,41.988344,-3.768689,9059,Base BURGOS,42.34113,-3.704198,57.91981363386628
9901,9059,14.403719693409707,9901,QUINTANILLA DEL AGUA Y TORDUELES,335,42.033419,-3.65247,9059,Base BURGOS,42.34113,-3.704198,52.81363887583559
9295,9059,16.778513571528762,9295,QUINTANILLA DEL COCO,50,41.978721,-3.515754,9059,Base BURGOS,42.34113,-3.704198,61.52121642893879
9298,9059,18.014800910396858,9298,QUINTANILLA SAN GARCÍA,68,42.548055,-3.194684,9059,Base BURGOS,42.34113,-3.704198,66.05427000478848
9301,9059,7.194220037912723,9301,QUINTANILLA VIVAR,885,42.412061,-3.684864,9059,Base BURGOS,42.34113,-3.704198,26.378806805679986
9306,9059,20.74850367002731,9306,REBOLLEDO DE LA TORRE,92,42.689305,-4.226927,9059,Base BURGOS,42.34113,-3.704198,76.07784679010014
9307,9059,19.613732554997746,9307,REDECILLA DEL CAMINO,93,42.438282,-3.065136,9059,Base BURGOS,42.34113,-3.704198,71.91701936832507
9310,9059,13.785437324547056,9310,REINOSO,18,42.508835,-3.384181,9059,Base BURGOS,42.34113,-3.704198,50.54660352333921
9314,9059,10.443002500482308,9314,REVILLA DEL CAMPO,94,42.211673,-3.536178,9059,Base BURGOS,42.34113,-3.704198,38.29100916843513
9316,34120,14.950772817230447,9316,REVILLA VALLEJERA,115,42.146759,-4.134099,34120,Base PALENCIA,42.007837,-4.534601,54.81950032984497
9315,9059,8.513705011059425,9315,REVILLARRUZ,634,42.231556,-3.653293,9059,Base BURGOS,42.34113,-3.704198,31.21691837388456
9317,9059,18.070421354789516,9317,REZMONDO,17,42.515598,-4.238133,9059,Base BURGOS,42.34113,-3.704198,66.25821163422823
9326,9059,8.243672274826976,9326,RUBENA,217,42.388387,-3.574331,9059,Base BURGOS,42.34113,-3.704198,30.226798341032243
9328,9059,17.94335169068858,9328,RUCANDIO,72,42.750873,-3.542017,9059,Base BURGOS,42.34113,-3.704198,65.79228953252479
9329,9059,16.826865499317133,9329,SALAS DE BUREBA,129,42.69219,-3.473753,9059,Base BURGOS,42.34113,-3.704198,61.698506830829494
9332,9059,7.57925951217656,9332,SALDAÑA DE BURGOS,201,42.2575,-3.683263,9059,Base BURGOS,42.34113,-3.704198,27.790618211314058
9334,9059,14.547484078504736,9334,SALINILLAS DE BUREBA,48,42.552895,-3.388483,9059,Base BURGOS,42.34113,-3.704198,53.340774954517364
9335,9059,10.50806348400554,9335,SAN ADRIÁN DE JUARROS,86,42.273855,-3.47607,9059,Base BURGOS,42.34113,-3.704198,38.52956610802031
9339,34120,21.504333539449977,9339,SAN MARTÍN DE RUBIALES,139,41.642611,-3.993141,34120,Base PALENCIA,42.007837,-4.534601,78.84922297798325
9347,9059,23.359397241949754,9347,SANTA GADEA DEL CID,161,42.715135,-3.058201,9059,Base BURGOS,42.34113,-3.704198,85.65112322048243
9352,9059,19.946465278459705,9352,SANTA MARÍA DEL MERCADILLO,108,41.860028,-3.559958,9059,Base BURGOS,42.34113,-3.704198,73.13703935435225
9354,9059,12.138287941750477,9354,SANTA OLALLA DE BUREBA,38,42.471741,-3.438989,9059,Base BURGOS,42.34113,-3.704198,44.50705578641841
9355,9059,20.41580363813806,9355,SANTIBÁÑEZ DE ESGUEVA,77,41.834394,-3.758538,9059,Base BURGOS,42.34113,-3.704198,74.85794667317289
9356,9059,17.23104889105072,9356,SANTIBÁÑEZ DEL VAL,70,41.973287,-3.48107,9059,Base BURGOS,42.34113,-3.704198,63.1805126005193
9358,9059,18.155510521472685,9358,SANTO DOMINGO DE SILOS,247,41.962906,-3.417637,9059,Base BURGOS,42.34113,-3.704198,66.57020524539985
9388,9059,11.778911715583037,9388,TORRELARA,32,42.166056,-3.516423,9059,Base BURGOS,42.34113,-3.704198,43.189342957137804
9394,9059,20.62243640934998,9394,TRESPADERNE,713,42.801694,-3.390812,9059,Base BURGOS,42.34113,-3.704198,75.61560016761659
9395,9059,16.367088568409947,9395,TUBILLA DEL AGUA,128,42.708913,-3.802365,9059,Base BURGOS,42.34113,-3.704198,60.012658084169814
9908,9059,27.26007246648703,9908,VALLE DE LOSA,496,42.992749,-3.244623,9059,Base BURGOS,42.34113,-3.704198,99.95359904378577
9410,9059,29.846264960985067,9410,VALLE DE MENA,4140,43.099086,-3.280765,9059,Base BURGOS,42.34113,-3.704198,109.43630485694524
9413,9059,24.18390068817774,9413,VALLE DE VALDEBEZANA,482,42.970758,-3.787362,9059,Base BURGOS,42.34113,-3.704198,88.67430252331837
9419,9059,19.795856640085724,9419,VALLUÉRCANES,63,42.572425,-3.121932,9059,Base BURGOS,42.34113,-3.704198,72.58480768031433
9432,9059,18.644671352261142,9432,VILLAFRUELA,143,41.91857,-3.912587,9059,Base BURGOS,42.34113,-3.704198,68.36379495829085
9433,9059,16.470769039629808,9433,VILLAGALIJO,52,42.34853,-3.192527,9059,Base BURGOS,42.34113,-3.704198,60.39281981197597
9434,9059,6.449632789080981,9434,VILLAGONZALO PEDERNALES,1882,42.30039,-3.738017,9059,Base BURGOS,42.34113,-3.704198,23.6486535599636
9441,9059,11.942404250953924,9441,VILLALDEMIRO,91,42.246294,-3.985877,9059,Base BURGOS,42.34113,-3.704198,43.788815586831056
9442,9059,13.942220795808492,9442,VILLALMANZO,410,42.047726,-3.743848,9059,Base BURGOS,42.34113,-3.704198,51.1214762512978
9445,9059,15.1081153108253,9445,VILLAMBISTIA,43,42.404908,-3.261358,9059,Base BURGOS,42.34113,-3.704198,55.39642280635943
9446,34120,14.912647184780269,9446,VILLAMEDIANILLA,9,42.161056,-4.145551,34120,Base PALENCIA,42.007837,-4.534601,54.679706344194315
9447,9059,12.816412912051424,9447,VILLAMIEL DE LA SIERRA,43,42.19302,-3.419146,9059,Base BURGOS,42.34113,-3.704198,46.99351401085522
9448,9059,10.100312510207491,9448,VILLANGÓMEZ,232,42.180829,-3.772953,9059,Base BURGOS,42.34113,-3.704198,37.03447920409413
9451,9059,23.383447302763386,9451,VILLANUEVA DE GUMIEL,279,41.737686,-3.626503,9059,Base BURGOS,42.34113,-3.704198,85.73930677679908
9455,9059,14.04648438336631,9455,VILLAQUIRÁN DE LA PUEBLA,46,42.282949,-4.09985,9059,Base BURGOS,42.34113,-3.704198,51.503776072343136
9460,9059,14.091532003221163,9460,VILLASANDINO,178,42.371715,-4.107775,9059,Base BURGOS,42.34113,-3.704198,51.6689506784776
9464,34120,20.849041311947577,9464,VILLATUELDA,53,41.81582,-3.881429,34120,Base PALENCIA,42.007837,-4.534601,76.44648481047446
9476,9059,12.962719119999097,9476,VILLORUEBO,63,42.167281,-3.438346,9059,Base BURGOS,42.34113,-3.704198,47.529970106663356
9425,42173,20.08932407507885,9425,VILVIESTRE DEL PINAR,504,41.951474,-3.084677,42173,Base SORIA,41.763279,-2.466248,73.66085494195578
9480,9059,12.507551955721535,9480,ZAEL,115,42.10978,-3.823192,9059,Base BURGOS,42.34113,-3.704198,45.861023837645625
9485,9059,18.36806728064505,9485,ZUÑEDA,57,42.604988,-3.225447,9059,Base BURGOS,42.34113,-3.704198,67.34958002903186
24007,24115,8.422816537195693,24007,ARGANZA,805,42.640782,-6.683975,24115,Base PONFERRADA,42.547681,-6.5973,30.883660636384207
24016,24115,10.067937641147603,24016,BENUZA,442,42.401711,-6.707616,24115,Base PONFERRADA,42.547681,-6.5973,36.91577135087454
24017,24089,12.301235289644545,24017,BERCIANOS DEL PÁRAMO,522,42.380566,-5.704029,24089,Base LEÓN,42.599121,-5.567076,45.104529395363336
24019,24115,10.544946853117601,24019,BERLANGA DEL BIERZO,322,42.730454,-6.60429,24115,Base PONFERRADA,42.547681,-6.5973,38.66480512809787
24021,24089,14.764041469592582,24021,BOÑAR,1766,42.865954,-5.321774,24089,Base LEÓN,42.599121,-5.567076,54.13481872183947
24023,24115,14.957080980318684,24023,BRAZUELO,312,42.497704,-6.156993,24115,Base PONFERRADA,42.547681,-6.5973,54.84263026116851
24025,24089,22.2783827099153,24025,BURÓN,288,43.021598,-5.045978,24089,Base LEÓN,42.599121,-5.567076,81.68740326968943
24033,24089,9.942412391357074,24033,CAMPO DE VILLAVIDEL,205,42.438815,-5.52721,24089,Base LEÓN,42.599121,-5.567076,36.455512101642604
24037,24089,15.933718325584394,24037,CÁRMENES,333,42.959636,-5.572945,24089,Base LEÓN,42.599121,-5.567076,58.423633860476116
24039,24089,10.909513290448203,24039,CARRIZO,2222,42.584614,-5.831037,24089,Base LEÓN,42.599121,-5.567076,40.00154873164341
24043,24115,11.408388115364481,24043,CASTRILLO DE CABRERA,102,42.339982,-6.544534,24115,Base PONFERRADA,42.547681,-6.5973,41.830756423003095
24044,24115,17.395917347196907,24044,CASTRILLO DE LA VALDUERNA,143,42.323961,-6.133771,24115,Base PONFERRADA,42.547681,-6.5973,63.78503027305533
24047,24115,19.338666868862454,24047,CASTROCONTRIGO,669,42.18237,-6.191031,24115,Base PONFERRADA,42.547681,-6.5973,70.908445185829
24049,24115,8.0383115748113,24049,CASTROPODAME,1574,42.579123,-6.468144,24115,Base PONFERRADA,42.547681,-6.5973,29.47380910764143
24052,24089,17.700797100458928,24052,CEBANICO,143,42.725275,-5.023997,24089,Base LEÓN,42.599121,-5.567076,64.90292270168273
24054,24089,19.64888462885849,24054,CIMANES DE LA VEGA,435,42.116628,-5.598426,24089,Base LEÓN,42.599121,-5.567076,72.04591030581446
24059,24115,10.044576896070698,24059,CORULLÓN,819,42.578058,-6.819351,24115,Base PONFERRADA,42.547681,-6.5973,36.830115285592555
24064,24115,7.442456345701045,24064,CUBILLOS DEL SIL,1719,42.624618,-6.564946,24115,Base PONFERRADA,42.547681,-6.5973,27.289006600903832
24024,24089,14.409412183700475,24024,EL BURGO RANERO,690,42.42265,-5.22087,24089,Base LEÓN,42.599121,-5.567076,52.834511340235075
24073,24089,12.765782152015177,24073,FRESNO DE LA VEGA,477,42.344061,-5.536156,24089,Base LEÓN,42.599121,-5.567076,46.807867890722314
24077,24089,16.998484999085967,24077,GORDALIZA DEL PINO,239,42.343529,-5.157627,24089,Base LEÓN,42.599121,-5.567076,62.32777832998188
24084,24089,18.321334430668188,24084,IZAGRE,137,42.223991,-5.257511,24089,Base LEÓN,42.599121,-5.567076,67.17822624578336
24005,24089,18.024020425846835,24005,LA ANTIGUA,328,42.179356,-5.689986,24089,Base LEÓN,42.599121,-5.567076,66.08807489477172
24134,24089,11.30569200658216,24134,LA ROBLA,3605,42.802148,-5.628162,24089,Base LEÓN,42.599121,-5.567076,41.45420402413458
24193,24089,13.373955690669682,24193,LA VECILLA,378,42.848677,-5.406181,24089,Base LEÓN,42.599121,-5.567076,49.037837532455505
24089,24089,5.0,24089,LEÓN,122243,42.599121,-5.567076,24089,Base LEÓN,42.599121,-5.567076,18.333333333333332
24092,24089,10.87074639484483,24092,LLAMAS DE LA RIBERA,791,42.635631,-5.825422,24089,Base LEÓN,42.599121,-5.567076,39.85940344776437
24093,24089,16.42129057322253,24093,MAGAZ DE CEPEDA,349,42.5396,-6.072041,24089,Base LEÓN,42.599121,-5.567076,60.21139876848261
24097,24089,14.07738702113068,24097,MATADEÓN DE LOS OTEROS,221,42.337725,-5.369366,24089,Base LEÓN,42.599121,-5.567076,51.617085744145825
24098,24089,13.168598697201515,24098,MATALLANA DE TORÍO,1228,42.866262,-5.520096,24089,Base LEÓN,42.599121,-5.567076,48.28486188973889
24099,24089,16.71969380698789,24099,MATANZA,172,42.239435,-5.375621,24089,Base LEÓN,42.599121,-5.567076,61.3055439589556
24105,24089,7.254807118106132,24105,ONZONILLA,1942,42.525428,-5.580492,24089,Base LEÓN,42.599121,-5.567076,26.60095943305582
24106,24089,25.069146847758716,24106,OSEJA DE SAJAMBRE,226,43.135642,-5.038465,24089,Base LEÓN,42.599121,-5.567076,91.92020510844863
24112,24115,15.006431187710835,24112,PERANZANES,271,42.87664,-6.632311,24115,Base PONFERRADA,42.547681,-6.5973,55.0235810216064
24113,24089,14.277267471375934,24113,POBLADURA DE PELAYO GARCÍA,354,42.305983,-5.685669,24089,Base LEÓN,42.599121,-5.567076,52.349980728378426
24127,24089,16.408712079365134,24127,REGUERAS DE ARRIBA,264,42.292346,-5.862175,24089,Base LEÓN,42.599121,-5.567076,60.16527762433883
24129,24089,18.387180572190147,24129,REYERO,128,42.947642,-5.197975,24089,Base LEÓN,42.599121,-5.567076,67.41966209803054
24132,24089,14.934459912292073,24132,RIELLO,582,42.773053,-5.944726,24089,Base LEÓN,42.599121,-5.567076,54.75968634507094
24133,24089,11.348650268017824,24133,RIOSECO DE TAPIA,399,42.729895,-5.789392,24089,Base LEÓN,42.599121,-5.567076,41.61171764939869
24141,24089,19.67497318554686,24141,SAN ADRIÁN DEL VALLE,84,42.130013,-5.727819,24089,Base LEÓN,42.599121,-5.567076,72.14156834700515
24145,24089,19.88994677282559,24145,SAN EMILIANO,596,42.972437,-6.001644,24089,Base LEÓN,42.599121,-5.567076,72.92980483369382
24148,24089,15.973304078460139,24148,SAN JUSTO DE LA VEGA,1775,42.452563,-6.015991,24089,Base LEÓN,42.599121,-5.567076,58.568781621020506
24151,24089,10.762888286468012,24151,SANTA COLOMBA DE CURUEÑO,507,42.751252,-5.412183,24089,Base LEÓN,42.599121,-5.567076,39.463923717049376
24152,24115,13.54880761732016,24152,SANTA COLOMBA DE SOMOZA,494,42.442617,-6.242525,24115,Base PONFERRADA,42.547681,-6.5973,49.678961263507254
24155,24089,15.933505871624757,24155,SANTA MARÍA DE LA ISLA,443,42.356232,-5.92833,24089,Base LEÓN,42.599121,-5.567076,58.422854862624106
24156,24089,15.573571006769413,24156,SANTA MARÍA DEL MONTE DE CEA,325,42.49171,-5.116839,24089,Base LEÓN,42.599121,-5.567076,57.10309369148785
24157,24089,13.488862018502996,24157,SANTA MARÍA DEL PÁRAMO,209,42.353555,-5.749249,24089,Base LEÓN,42.599121,-5.567076,49.45916073451098
24163,24089,7.045846951363038,24163,SARIEGOS,5444,42.647374,-5.631149,24089,Base LEÓN,42.599121,-5.567076,25.834772154997804
24164,24089,18.206576267336125,24164,SENA DE LUNA,390,42.92974,-5.953164,24089,Base LEÓN,42.599121,-5.567076,66.7574463135658
24171,24115,12.095715476893188,24171,TRABADELO,319,42.650123,-6.883079,24115,Base PONFERRADA,42.547681,-6.5973,44.35095674860836
24172,24115,14.428020329874812,24172,TRUCHAS,392,42.260939,-6.434608,24115,Base PONFERRADA,42.547681,-6.5973,52.90274120954098
24036,24115,13.631677182626222,24036,VALLE DE ANCARES,275,42.815549,-6.72821,24115,Base PONFERRADA,42.547681,-6.5973,49.982816336296146
24197,24089,8.65642441303257,24197,VEGA DE INFANZONES,839,42.480981,-5.534381,24089,Base LEÓN,42.599121,-5.567076,31.740222847786086
24194,24089,13.680788047099265,24194,VEGACERVERA,258,42.884395,-5.534916,24089,Base LEÓN,42.599121,-5.567076,50.16288950603064
24203,24089,16.04741553566725,24203,VILLABRAZ,95,42.246274,-5.444359,24089,Base LEÓN,42.599121,-5.567076,58.84052363077991
24205,24089,10.108322394742373,24205,VILLADANGOS DEL PÁRAMO,1235,42.516673,-5.766495,24089,Base LEÓN,42.599121,-5.567076,37.06384878072203
24211,24089,17.743715251589173,24211,VILLAMANDOS,277,42.179336,-5.593124,24089,Base LEÓN,42.599121,-5.567076,65.06028925582697
24219,24089,16.384336704611048,24219,VILLAOBISPO DE OTERO,518,42.499988,-6.058563,24089,Base LEÓN,42.599121,-5.567076,60.075901250240506
24221,24089,18.74443562568309,24221,VILLAQUEJIDA,803,42.146401,-5.596014,24089,Base LEÓN,42.599121,-5.567076,68.72959729417133
24227,24089,8.050244916022624,24227,VILLATURIEL,1838,42.518526,-5.485379,24089,Base LEÓN,42.599121,-5.567076,29.517564692082953
24228,24089,14.68861200616493,24228,VILLAZALA,596,42.361205,-5.856193,24089,Base LEÓN,42.599121,-5.567076,53.858244022604744
24229,24089,18.59007466622976,24229,VILLAZANZO DE VALDERADUEY,368,42.534941,-4.964871,24089,Base LEÓN,42.599121,-5.567076,68.16360710950912
34009,34120,11.263012452375715,34009,AMAYUELAS DE ARRIBA,38,42.211614,-4.48935,34120,Base PALENCIA,42.007837,-4.534601,41.297712325377624
34019,34120,12.113113015461268,34019,AUTILLO DE CAMPOS,130,42.088253,-4.831322,34120,Base PALENCIA,42.007837,-4.534601,44.41474772335798
34031,34120,15.465525092045254,34031,BELMONTE DE CAMPOS,30,41.94158,-4.990162,34120,Base PALENCIA,42.007837,-4.534601,56.706925337499264
34032,9059,20.28699383359352,34032,BERZOSILLA,47,42.781671,-4.036848,9059,Base BURGOS,42.34113,-3.704198,74.38564405650958
34033,34120,12.738867895868513,34033,BOADA DE CAMPOS,16,41.988383,-4.876984,34120,Base PALENCIA,42.007837,-4.534601,46.70918228485121
34035,34120,16.04835094334987,34035,BOADILLA DE RIOSECO,114,42.178273,-4.968525,34120,Base PALENCIA,42.007837,-4.534601,58.84395345894953
34038,34120,19.360137216543514,34038,BUSTILLO DE LA VEGA,269,42.45662,-4.738633,34120,Base PALENCIA,42.007837,-4.534601,70.98716979399288
34042,34120,15.032224400398968,34042,CALZADA DE LOS MOLINOS,305,42.327402,-4.650003,34120,Base PALENCIA,42.007837,-4.534601,55.11815613479622
34047,34120,15.216590598260689,34047,CARRIÓN DE LOS CONDES,1999,42.340728,-4.604464,34120,Base PALENCIA,42.007837,-4.534601,55.794165526955865
34048,34120,14.628313551565746,34048,CASTIL DE VELA,55,41.982808,-4.960472,34120,Base PALENCIA,42.007837,-4.534601,53.6371496890744
34051,34120,11.943444452607661,34051,CASTRILLO DE ONIELO,91,41.85775,-4.302176,34120,Base PALENCIA,42.007837,-4.534601,43.79262965956143
34052,34120,18.594699795832113,34052,CASTRILLO DE VILLAVEGA,168,42.454296,-4.479982,34120,Base PALENCIA,42.007837,-4.534601,68.18056591805107
34057,34120,10.48446150448622,34057,CEVICO DE LA TORRE,475,41.85242,-4.410293,34120,Base PALENCIA,42.007837,-4.534601,38.443025516449474
34059,34120,14.7050107293788,34059,CISNEROS,430,42.220544,-4.856928,34120,Base PALENCIA,42.007837,-4.534601,53.91837267438894
34063,34120,11.593899809746055,34063,CORDOVILLA LA REAL,129,42.080812,-4.258792,34120,Base PALENCIA,42.007837,-4.534601,42.51096596906887
34066,34120,11.504280899284929,34066,CUBILLAS DE CERRATO,64,41.799297,-4.467253,34120,Base PALENCIA,42.007837,-4.534601,42.182363297378075
34069,34120,8.94698814088269,34069,DUEÑAS,2587,41.877928,-4.545298,34120,Base PALENCIA,42.007837,-4.534601,32.80562318323653
34070,9059,17.601620597984677,34070,ESPINOSA DE CERRATO,124,41.968251,-3.951588,9059,Base BURGOS,42.34113,-3.704198,64.53927552594382
34074,34120,13.422566228344927,34074,FRÓMISTA,748,42.267743,-4.402568,34120,Base PALENCIA,42.007837,-4.534601,49.216076170598065
34077,34120,7.077447228093719,34077,FUENTES DE VALDEPERO,484,42.071408,-4.500232,34120,Base PALENCIA,42.007837,-4.534601,25.950639836343637
34079,34120,6.756914604995281,34079,GRIJOTA,2789,42.053985,-4.581755,34120,Base PALENCIA,42.007837,-4.534601,24.77535355164936
34082,34120,14.868937954091393,34082,HÉRMEDES DE CERRATO,74,41.81977,-4.177704,34120,Base PALENCIA,42.007837,-4.534601,54.51943916500178
34084,34120,12.649740934055274,34084,HERRERA DE VALDECAÑAS,158,42.048296,-4.19941,34120,Base PALENCIA,42.007837,-4.534601,46.38238342486934
34088,34120,7.510123691125928,34088,HUSILLOS,393,42.090418,-4.52704,34120,Base PALENCIA,42.007837,-4.534601,27.537120200795073
34089,34120,15.483436425157116,34089,ITERO DE LA VEGA,144,42.286549,-4.25877,34120,Base PALENCIA,42.007837,-4.534601,56.77260022557609
34091,34120,19.643556530865705,34091,LAGARTOS,117,42.405844,-4.903725,34120,Base PALENCIA,42.007837,-4.534601,72.02637394650759
34096,34120,13.163138426532331,34096,LOMAS,41,42.276831,-4.548113,34120,Base PALENCIA,42.007837,-4.534601,48.26484089728521
34099,34120,10.989395566671089,34099,MANQUILLOS,58,42.203807,-4.567684,34120,Base PALENCIA,42.007837,-4.534601,40.29445041112733
34103,34120,13.45898427229614,34103,MAZUECOS DE VALDEGINATE,79,42.168526,-4.841833,34120,Base PALENCIA,42.007837,-4.534601,49.349608998419185
34106,34120,13.904617146986592,34106,MENESES DE CAMPOS,101,41.942,-4.919509,34120,Base PALENCIA,42.007837,-4.534601,50.9835962056175
34108,34120,8.385175855731973,34108,MONZÓN DE CAMPOS,583,42.115263,-4.493743,34120,Base PALENCIA,42.007837,-4.534601,30.745644804350565
34112,34120,16.932898681071414,34112,NOGAL DE LAS HUERTAS,46,42.393314,-4.641243,34120,Base PALENCIA,42.007837,-4.534601,62.087295163928516
34116,34120,17.24640751721713,34116,OSORNILLO,59,42.369498,-4.292124,34120,Base PALENCIA,42.007837,-4.534601,63.23682756312948
34901,34120,17.79583254786236,34901,OSORNO LA MAYOR,1190,42.40979,-4.361334,34120,Base PALENCIA,42.007837,-4.534601,65.25138600882865
34124,9059,25.80824888356223,34124,PAYO DE OJEDA,57,42.7207,-4.479884,9059,Base BURGOS,42.34113,-3.704198,94.63024590639483
34133,34120,11.945132244194273,34133,POBLACIÓN DE CERRATO,98,41.792953,-4.428186,34120,Base PALENCIA,42.007837,-4.534601,43.798818228712335
34137,34120,16.025374620252286,34137,POZO DE URAMA,18,42.254333,-4.894954,34120,Base PALENCIA,42.007837,-4.534601,58.75970694092505
34143,34120,19.328184492557362,34143,QUINTANILLA DE ONSOÑA,180,42.470547,-4.663671,34120,Base PALENCIA,42.007837,-4.534601,70.87000980604365
34146,34120,8.557399174087355,34146,REINOSO DE CERRATO,57,41.975902,-4.382732,34120,Base PALENCIA,42.007837,-4.534601,31.377130304986967
34149,34120,15.072480755575379,34149,REQUENA DE CAMPOS,29,42.308246,-4.34348,34120,Base PALENCIA,42.007837,-4.534601,55.265762770443054
34155,34120,9.432754604962398,34155,RIBAS DE CAMPOS,153,42.153378,-4.516341,34120,Base PALENCIA,42.007837,-4.534601,34.58676688486213
34160,9059,27.596963354833484,34160,SAN CEBRIÁN DE MUDÁ,150,42.891803,-4.386345,9059,Base BURGOS,42.34113,-3.704198,101.18886563438944
34165,34120,15.610295051927514,34165,SAN ROMÁN DE LA CUBA,53,42.262953,-4.857481,34120,Base PALENCIA,42.007837,-4.534601,57.23774852373421
34168,9059,20.979987834209545,34168,SANTA CRUZ DE BOEDO,52,42.524313,-4.373618,9059,Base BURGOS,42.34113,-3.704198,76.92662205876833
34169,34120,21.192402869324386,34169,SANTERVÁS DE LA VEGA,400,42.504805,-4.798401,34120,Base PALENCIA,42.007837,-4.534601,77.70547718752275
34170,9059,23.649955397729414,34170,SANTIBÁÑEZ DE ECLA,42,42.707615,-4.374304,9059,Base BURGOS,42.34113,-3.704198,86.71650312500785
34176,34120,22.820907887085347,34176,SOTOBAÑADO Y PRIORATO,158,42.591444,-4.4416,34120,Base PALENCIA,42.007837,-4.534601,83.67666225264628
34179,24089,24.544673233078782,34179,TABANERA DE VALDAVIA,22,42.647291,-4.693648,24089,Base LEÓN,42.599121,-5.567076,89.99713518795554
34180,34120,11.724044498897078,34180,TÁMARA DE CAMPOS,74,42.203255,-4.3934,34120,Base PALENCIA,42.007837,-4.534601,42.98816316262262
34181,34120,8.361856882390923,34181,TARIEGO DE CERRATO,500,41.904936,-4.479144,34120,Base PALENCIA,42.007837,-4.534601,30.66014190210005
34182,34120,9.955366753232173,34182,TORQUEMADA,966,42.034436,-4.31758,34120,Base PALENCIA,42.007837,-4.534601,36.503011428517965
34189,34120,8.196006215502095,34189,VALDEOLMILLOS,60,42.041304,-4.400075,34120,Base PALENCIA,42.007837,-4.534601,30.052022790174348
34023,34120,7.71104482346356,34023,VENTA DE BAÑOS,6331,41.92284,-4.497346,34120,Base PALENCIA,42.007837,-4.534601,28.273831019366384
34201,34120,12.087204663609821,34201,VERTAVILLO,167,41.832573,-4.326836,34120,Base PALENCIA,42.007837,-4.534601,44.31975043323601
34204,34120,16.860297629944107,34204,VILLACIDALER,46,42.222044,-4.975713,34120,Base PALENCIA,42.007837,-4.534601,61.82109130979505
34215,34120,14.376250517344399,34215,VILLALCÁZAR DE SIRGA,174,42.316965,-4.542471,34120,Base PALENCIA,42.007837,-4.534601,52.71291856359613
34218,34120,21.480949272007027,34218,VILLALUENGA DE LA VEGA,519,42.5233,-4.767277,34120,Base PALENCIA,42.007837,-4.534601,78.76348066402576
34220,34120,7.91859315777806,34220,VILLAMARTÍN DE CAMPOS,169,42.01499,-4.663771,34120,Base PALENCIA,42.007837,-4.534601,29.034841578519554
34223,34120,17.563544616272726,34223,VILLAMORONTA,239,42.403531,-4.700262,34120,Base PALENCIA,42.007837,-4.534601,64.399663593
34225,34120,6.86667847444416,34225,VILLAMURIEL DE CERRATO,6508,41.947956,-4.515428,34120,Base PALENCIA,42.007837,-4.534601,25.17782107296192
34230,34120,13.802160816366829,34230,VILLARMENTERO DE CAMPOS,28,42.296943,-4.499839,34120,Base PALENCIA,42.007837,-4.534601,50.607922993345035
34236,34120,16.599374137630136,34236,VILLATURDE,147,42.376698,-4.671189,34120,Base PALENCIA,42.007837,-4.534601,60.86437183797717
34237,34120,8.031894390571411,34237,VILLAUMBRALES,623,42.08907,-4.613085,34120,Base PALENCIA,42.007837,-4.534601,29.450279432095172
34242,9059,15.593219749186165,34242,VILLODRIGO,96,42.144633,-4.094317,9059,Base BURGOS,42.34113,-3.704198,57.175139080349275
34243,34120,12.304358031445586,34243,VILLOLDO,339,42.244029,-4.598242,34120,Base PALENCIA,42.007837,-4.534601,45.115979448633816
34245,24089,21.12282633904474,34245,VILLOTA DEL PÁRAMO,299,42.551763,-4.84797,24089,Base LEÓN,42.599121,-5.567076,77.45036324316405
37001,37274,18.444699686704553,37001,ABUSEJO,143,40.709744,-6.142289,37274,Base SALAMANCA,40.967368,-5.665381,67.6305655179167
37003,37274,29.94988698028451,37003,AHIGAL DE LOS ACEITEROS,88,40.872295,-6.746893,37274,Base SALAMANCA,40.967368,-5.665381,109.8162522610432
37008,37274,10.509218615828285,37008,ALBA DE TORMES,5122,40.827436,-5.512112,37274,Base SALAMANCA,40.967368,-5.665381,38.53380159137038
37018,37274,19.620048376707686,37018,ALDEANUEVA DE LA SIERRA,98,40.614848,-6.099752,37274,Base SALAMANCA,40.967368,-5.665381,71.94017738126152
37023,37274,6.495652590334061,37023,ALDEATEJADA,2587,40.92258,-5.69272,37274,Base SALAMANCA,40.967368,-5.665381,23.817392831224893
37026,37274,21.162780314289993,37026,ALDEHUELA DE YELTES,181,40.661814,-6.242377,37274,Base SALAMANCA,40.967368,-5.665381,77.59686115239664
37027,37274,9.626439510526687,37027,ALMENARA DE TORMES,305,41.06319,-5.822709,37274,Base SALAMANCA,40.967368,-5.665381,35.29694487193119
37031,37274,11.838424828331872,37031,ARABAYONA DE MÓGICA,325,41.047344,-5.385985,37274,Base SALAMANCA,40.967368,-5.665381,43.407557703883526
37039,37274,27.00373729557981,37039,BAÑOBÁREZ,280,40.850093,-6.612832,37274,Base SALAMANCA,40.967368,-5.665381,99.01370341712597
37042,37274,23.238416843305554,37042,BARCEO,48,41.060556,-6.452808,37274,Base SALAMANCA,40.967368,-5.665381,85.2075284254537
37047,37274,11.61926717237267,37047,BELEÑA,251,40.750987,-5.627483,37274,Base SALAMANCA,40.967368,-5.665381,42.60397963203312
37052,37274,20.378104845216882,37052,BOADA,268,40.815245,-6.30529,37274,Base SALAMANCA,40.967368,-5.665381,74.71971776579524
37055,37274,24.914972943685118,37055,BOGAJO,129,40.906874,-6.530994,37274,Base SALAMANCA,40.967368,-5.665381,91.3549007935121
37060,37274,11.18437575035323,37060,BUENAVISTA,365,40.767502,-5.611809,37274,Base SALAMANCA,40.967368,-5.665381,41.009377751295176
37070,37274,7.502056013963815,37070,CALVARRASA DE ARRIBA,615,40.905975,-5.592418,37274,Base SALAMANCA,40.967368,-5.665381,27.507538717867323
37074,37274,32.278291497817605,37074,CAMPILLO DE AZABA,142,40.511101,-6.688504,37274,Base SALAMANCA,40.967368,-5.665381,118.3537354919979
37078,37274,23.343124633199203,37078,CANDELARIO,843,40.365275,-5.741664,37274,Base SALAMANCA,40.967368,-5.665381,85.59145698839707
37079,37274,11.21207194070935,37079,CANILLAS DE ABAJO,70,40.921633,-5.929728,37274,Base SALAMANCA,40.967368,-5.665381,41.11093044926762
37080,37274,23.40650070487344,37080,CANTAGALLO,279,40.371632,-5.818542,37274,Base SALAMANCA,40.967368,-5.665381,85.82383591786927
37083,37274,16.665171947048265,37083,CANTARACILLO,190,40.903316,-5.163308,37274,Base SALAMANCA,40.967368,-5.665381,61.105630472510306
37087,37274,7.236787531169251,37087,CARRASCAL DE BARREGAS,1439,40.978695,-5.761913,37274,Base SALAMANCA,40.967368,-5.665381,26.534887614287257
37088,37274,14.850831451247346,37088,CARRASCAL DEL OBISPO,187,40.763456,-5.999737,37274,Base SALAMANCA,40.967368,-5.665381,54.45304865457361
37089,37274,16.598994462063004,37089,CASAFRANCA,68,40.591801,-5.760969,37274,Base SALAMANCA,40.967368,-5.665381,60.862979694231015
37185,37274,7.632070855957214,37185,CASTELLANOS DE VILLIQUERA,703,41.051328,-5.694527,37274,Base SALAMANCA,40.967368,-5.665381,27.98425980517645
37096,37274,28.88383832780606,37096,CASTILLEJO DE MARTÍN VIEJO,205,40.70121,-6.645077,37274,Base SALAMANCA,40.967368,-5.665381,105.90740720195555
37097,37274,22.284424545150074,37097,CASTRAZ,34,40.705472,-6.334477,37274,Base SALAMANCA,40.967368,-5.665381,81.70955666555028
37103,37274,18.018717201936106,37103,CESPEDOSA DE TORMES,496,40.542947,-5.580235,37274,Base SALAMANCA,40.967368,-5.665381,66.06862974043239
37104,37274,19.938752655043054,37104,CILLEROS DE LA BASTIDA,23,40.576171,-6.060697,37274,Base SALAMANCA,40.967368,-5.665381,73.10875973515786
37107,37274,27.889110669545165,37107,CIUDAD RODRIGO,11846,40.597312,-6.534158,37274,Base SALAMANCA,40.967368,-5.665381,102.26007245499893
37110,37274,10.96083850196921,37110,CORDOVILLA,108,40.951262,-5.405973,37274,Base SALAMANCA,40.967368,-5.665381,40.1897411738871
37034,37274,10.654254885218489,37034,EL ARCO,89,41.109875,-5.824781,37274,Base SALAMANCA,40.967368,-5.665381,39.065601245801126
37102,37274,25.227398590852587,37102,EL CERRO,365,40.327831,-5.915049,37274,Base SALAMANCA,40.967368,-5.665381,92.50046149979282
37180,37274,20.547536181181556,37180,EL MANZANO,57,41.174874,-6.287236,37274,Base SALAMANCA,40.967368,-5.665381,75.3409659976657
37124,37274,16.878738588086186,37124,ENDRINAL,204,40.590046,-5.804259,37274,Base SALAMANCA,40.967368,-5.665381,61.88870815631602
37130,37274,9.370614352746703,37130,FORFOLEDA,204,41.097063,-5.7487,37274,Base SALAMANCA,40.967368,-5.665381,34.358919293404576
37138,37274,17.372477296738495,37138,FUENTERROBLE DE SALVATIERRA,252,40.56263,-5.733196,37274,Base SALAMANCA,40.967368,-5.665381,63.69908342137448
37140,37274,33.711306005282836,37140,FUENTES DE OÑORO,1009,40.589462,-6.81175,37274,Base SALAMANCA,40.967368,-5.665381,123.6081220193704
37151,37274,10.645065644057722,37151,GOLPEJAS,144,40.999563,-5.90825,37274,Base SALAMANCA,40.967368,-5.665381,39.03190736154498
37152,37274,8.747478809128735,37152,GOMECELLO,412,41.042574,-5.535449,37274,Base SALAMANCA,40.967368,-5.665381,32.07408896680536
37155,37274,18.25568822812002,37155,GUIJO DE ÁVILA,78,40.530696,-5.639617,37274,Base SALAMANCA,40.967368,-5.665381,66.93752350310675
37165,37274,21.02156264786598,37165,IRUELOS,31,41.140773,-6.327167,37274,Base SALAMANCA,40.967368,-5.665381,77.07906304217526
37166,37274,32.7535535804451,37166,ITUERO DE AZABA,199,40.485746,-6.692268,37274,Base SALAMANCA,40.967368,-5.665381,120.0963631282987
37005,37274,31.864117985171507,37005,LA ALAMEDA DE GARDÓN,74,40.650296,-6.758225,37274,Base SALAMANCA,40.967368,-5.665381,116.83509927896219
37010,37274,22.751845994422585,37010,LA ALBERCA,1045,40.488659,-6.10994,37274,Base SALAMANCA,40.967368,-5.665381,83.42343531288282
37056,37274,31.196237184879973,37056,LA BOUZA,49,40.835423,-6.794849,37274,Base SALAMANCA,40.967368,-5.665381,114.38620301122656
37119,37274,29.44131172209744,37119,LA ENCINA,108,40.499122,-6.53108,37274,Base SALAMANCA,40.967368,-5.665381,107.95147631435728
37132,37274,32.501934787053294,37132,LA FREGENEDA,308,40.988114,-6.866298,37274,Base SALAMANCA,40.967368,-5.665381,119.17376088586208
37186,37274,12.062018852290347,37186,LA MATA DE LEDESMA,101,41.000382,-5.970747,37274,Base SALAMANCA,40.967368,-5.665381,44.22740245839794
37224,37274,10.842034072050422,37224,LA ORBADA,182,41.102156,-5.482918,37274,Base SALAMANCA,40.967368,-5.665381,39.75412493085155
37309,37274,15.691908329130955,37309,LA SIERPE,42,40.645767,-5.856269,37274,Base SALAMANCA,40.967368,-5.665381,57.5369972068135
37315,37274,16.84672810125662,37315,LA TALA,76,40.588985,-5.53713,37274,Base SALAMANCA,40.967368,-5.665381,61.77133637127427
37349,37274,24.614989640436665,37349,LA VÍDOLA,107,41.153011,-6.487105,37274,Base SALAMANCA,40.967368,-5.665381,90.25496201493445
37173,37274,29.157687330921025,37173,LUMBRALES,1510,40.935006,-6.719245,37274,Base SALAMANCA,40.967368,-5.665381,106.91152021337709
37182,37274,10.117405129721007,37182,MARTINAMOR,82,40.806262,-5.598974,37274,Base SALAMANCA,40.967368,-5.665381,37.09715214231036
37189,37274,13.98434414832527,37189,MEMBRIBE DE LA SIERRA,105,40.690941,-5.806229,37274,Base SALAMANCA,40.967368,-5.665381,51.27592854385933
37190,49275,28.572117121362997,37190,MIEZA,176,41.162497,-6.687975,49275,Base ZAMORA,41.49914,-5.754948,104.76442944499765
37200,37274,15.234880717331457,37200,MONTEJO,198,40.6314,-5.622998,37274,Base SALAMANCA,40.967368,-5.665381,55.861229296882016
37203,37274,11.430663207166617,37203,MONTERRUBIO DE LA SIERRA,148,40.756355,-5.693102,37274,Base SALAMANCA,40.967368,-5.665381,41.912431759610925
37207,37274,7.257804438168903,37207,MORISCOS,566,41.007425,-5.582243,37274,Base SALAMANCA,40.967368,-5.665381,26.61194960661931
37209,37274,8.36778643711223,37209,MOZÁRBEZ,510,40.856839,-5.65112,37274,Base SALAMANCA,40.967368,-5.665381,30.681883602744843
37211,37274,15.083268658042499,37211,NARROS DE MATALAYEGUA,198,40.69975,-5.926175,37274,Base SALAMANCA,40.967368,-5.665381,55.3053184128225
37213,37274,19.959642574575817,37213,NAVA DE BÉJAR,74,40.474209,-5.680725,37274,Base SALAMANCA,40.967368,-5.665381,73.18535610677799
37226,37274,12.90918436437849,37226,PALACIOS DEL ARZOBISPO,151,41.165614,-5.890152,37274,Base SALAMANCA,40.967368,-5.665381,47.33367600272113
37229,37274,9.124725815349619,37229,PALENCIA DE NEGRILLA,138,41.094281,-5.600537,37274,Base SALAMANCA,40.967368,-5.665381,33.457327989615266
37231,37274,12.5650280584942,37231,PARADA DE RUBIALES,241,41.147576,-5.436624,37274,Base SALAMANCA,40.967368,-5.665381,46.07176954781207
37232,37274,16.73175755973904,37232,PARADINAS DE SAN JUAN,384,40.983857,-5.153446,37274,Base SALAMANCA,40.967368,-5.665381,61.34977771904315
37236,37274,12.563717476540418,37236,PEDROSILLO DE ALBA,124,40.822789,-5.396519,37274,Base SALAMANCA,40.967368,-5.665381,46.0669640806482
37237,37274,12.72022479375211,37237,PEDROSILLO DE LOS AIRES,314,40.714584,-5.705231,37274,Base SALAMANCA,40.967368,-5.665381,46.640824243757734
37241,37274,17.777092224881727,37241,PELARRODRÍGUEZ,159,40.886645,-6.212697,37274,Base SALAMANCA,40.967368,-5.665381,65.18267149123301
37246,37274,15.833727246874854,37246,PEÑARANDA DE BRACAMONTE,6063,40.901737,-5.200546,37274,Base SALAMANCA,40.967368,-5.665381,58.0569999052078
37247,37274,11.731172177593068,37247,PEÑARANDILLA,181,40.883392,-5.393448,37274,Base SALAMANCA,40.967368,-5.665381,43.01429798450792
37250,49275,24.22010616337994,37250,PEREÑA DE LA RIBERA,314,41.237933,-6.524407,49275,Base ZAMORA,41.49914,-5.754948,88.8070559323931
37259,37274,18.931717131464627,37259,PUEBLA DE SAN MEDEL,33,40.511209,-5.737277,37274,Base SALAMANCA,40.967368,-5.665381,69.41629614870364
37260,37274,20.740015200604212,37260,PUEBLA DE YELTES,142,40.626242,-6.182117,37274,Base SALAMANCA,40.967368,-5.665381,76.04672240221545
37262,37274,19.737735814776833,37262,PUERTAS,65,41.096762,-6.286369,37274,Base SALAMANCA,40.967368,-5.665381,72.37169798751506
37269,37274,32.92205356138281,37269,ROBLEDA,457,40.384881,-6.605611,37274,Base SALAMANCA,40.967368,-5.665381,120.71419639173698
37272,37274,28.96076133853377,37272,SAELICES EL CHICO,173,40.670549,-6.63296,37274,Base SALAMANCA,40.967368,-5.665381,106.1894582412905
37276,37274,16.3977300199956,37276,SALMORAL,112,40.80153,-5.219267,37274,Base SALAMANCA,40.967368,-5.665381,60.1250100733172
37278,37274,7.1626863070671085,37278,SAN CRISTÓBAL DE LA CUESTA,1143,41.029414,-5.618797,37274,Base SALAMANCA,40.967368,-5.665381,26.263183125912732
37287,37274,19.135574472571705,37287,SAN MIGUEL DE VALERO,303,40.543476,-5.921316,37274,Base SALAMANCA,40.967368,-5.665381,70.16377306609624
37288,37274,8.806063450095799,37288,SAN MORALES,366,40.993005,-5.50264,37274,Base SALAMANCA,40.967368,-5.665381,32.28889931701793
37291,37274,10.614910111714881,37291,SAN PEDRO DE ROZADOS,145,40.790567,-5.738097,37274,Base SALAMANCA,40.967368,-5.665381,38.9213370762879
37292,37274,11.294927058717985,37292,SAN PELAYO DE GUAREÑA,92,41.115797,-5.857774,37274,Base SALAMANCA,40.967368,-5.665381,41.41473254863261
37294,37274,5.95128075646369,37294,SANTA MARTA DE TORMES,14726,40.949683,-5.631074,37274,Base SALAMANCA,40.967368,-5.665381,21.821362773700198
37297,37274,19.605634709308347,37297,SANTIBÁÑEZ DE BÉJAR,444,40.487463,-5.611754,37274,Base SALAMANCA,40.967368,-5.665381,71.88732726746395
37299,37274,13.892749466489352,37299,SANTIZ,229,41.204207,-5.894784,37274,Base SALAMANCA,40.967368,-5.665381,50.940081377127626
37304,37274,19.461082888490978,37304,SEPULCRO-HILARIO,157,40.70014,-6.187375,37274,Base SALAMANCA,40.967368,-5.665381,71.35730392446692
37310,37274,12.123779191286397,37310,SIETEIGLESIAS DE TORMES,164,40.742043,-5.577581,37274,Base SALAMANCA,40.967368,-5.665381,44.45385703471679
37312,37274,20.90638299681163,37312,SORIHUELA,256,40.442952,-5.678822,37274,Base SALAMANCA,40.967368,-5.665381,76.65673765497598
37316,37274,18.783718541187046,37316,TAMAMES,785,40.657801,-6.105101,37274,Base SALAMANCA,40.967368,-5.665381,68.87363465101917
37317,37274,16.316028237778163,37317,TARAZONA DE GUAREÑA,269,41.171954,-5.251454,37274,Base SALAMANCA,40.967368,-5.665381,59.82543687185327
37318,37274,9.91434434556784,37318,TARDÁGUILA,197,41.114043,-5.574033,37274,Base SALAMANCA,40.967368,-5.665381,36.352595933748745
37323,37274,10.793305307085124,37323,TOPAS,511,41.156972,-5.634428,37274,Base SALAMANCA,40.967368,-5.665381,39.57545279264545
37324,37274,12.953363866663242,37324,TORDILLOS,316,40.853505,-5.352762,37274,Base SALAMANCA,40.967368,-5.665381,47.49566751109855
37327,37274,9.910266076760308,37327,TORRESMENUDAS,184,41.102037,-5.784557,37274,Base SALAMANCA,40.967368,-5.665381,36.337642281454464
37328,49275,21.435074221788664,37328,TRABANCA,160,41.233027,-6.384016,49275,Base ZAMORA,41.49914,-5.754948,78.59527214655843
37331,37274,20.67553426698709,37331,VALDEFUENTES DE SANGUSÍN,189,40.466036,-5.83151,37274,Base SALAMANCA,40.967368,-5.665381,75.810292312286
37338,37274,8.597755316477462,37338,VALDUNCIEL,110,41.085897,-5.672072,37274,Base SALAMANCA,40.967368,-5.665381,31.525102827084027
37343,37274,21.999779289930387,37343,VALLEJERA DE RIOFRÍO,72,40.408336,-5.720104,37274,Base SALAMANCA,40.967368,-5.665381,80.66585739641143
37340,37274,24.6092065377776,37340,VALSALABROSO,119,41.108839,-6.501886,37274,Base SALAMANCA,40.967368,-5.665381,90.23375730518453
37341,37274,20.002225123143564,37341,VALVERDE DE VALDELACASA,57,40.480578,-5.781647,37274,Base SALAMANCA,40.967368,-5.665381,73.34149211819307
37344,37274,12.536217254222983,37344,VECINOS,219,40.778246,-5.878577,37274,Base SALAMANCA,40.967368,-5.665381,45.96612993215094
37348,37274,12.37664541827315,37348,VENTOSA DEL RÍO ALMAR,99,40.92622,-5.347978,37274,Base SALAMANCA,40.967368,-5.665381,45.381033200334876
37353,37274,13.703261577805794,37353,VILLALBA DE LOS LLANOS,110,40.800549,-5.974266,37274,Base SALAMANCA,40.967368,-5.665381,50.245292451954576
37356,37274,30.76706008709655,37356,VILLAR DE ARGAÑÁN,98,40.673669,-6.718957,37274,Base SALAMANCA,40.967368,-5.665381,112.81255365268734
37362,37274,6.319432414782082,37362,VILLARES DE LA REINA,6723,41.009096,-5.649061,37274,Base SALAMANCA,40.967368,-5.665381,23.1712521875343
37364,49275,22.647280206404133,37364,VILLARINO DE LOS AIRES,739,41.269717,-6.467725,49275,Base ZAMORA,41.49914,-5.754948,83.04002742348182
37370,37274,18.284273763891456,37370,VILLASECO DE LOS REYES,298,41.161946,-6.185913,37274,Base SALAMANCA,40.967368,-5.665381,67.04233713426866
37372,37274,9.333579991170833,37372,VILLAVERDE DE GUAREÑA,138,41.063768,-5.525576,37274,Base SALAMANCA,40.967368,-5.665381,34.22312663429305
37373,37274,23.596708809972526,37373,VILLAVIEJA DE YELTES,688,40.875554,-6.467806,37274,Base SALAMANCA,40.967368,-5.665381,86.52126563656593
37350,37274,29.61168955907619,37350,VILVESTRE,395,41.104559,-6.725837,37274,Base SALAMANCA,40.967368,-5.665381,108.57619504994602
37378,37274,27.613547341355783,37378,ZAMARRA,71,40.519238,-6.452052,37274,Base SALAMANCA,40.967368,-5.665381,101.2496735849712
37379,37274,11.634414471451208,37379,ZAMAYÓN,192,41.147757,-5.829529,37274,Base SALAMANCA,40.967368,-5.665381,42.65951972865443
37380,37274,9.640172747540849,37380,ZARAPICOS,49,41.038635,-5.844796,37274,Base SALAMANCA,40.967368,-5.665381,35.34730007431644
37382,37274,15.82227300137313,37382,ZORITA DE LA FRONTERA,152,41.014215,-5.196686,37274,Base SALAMANCA,40.967368,-5.665381,58.01500100503481
40001,40194,8.422332941141638,40001,ABADES,859,40.91634,-4.267874,40194,Base SEGOVIA,40.94987,-4.125241,30.881887450852673
40006,40194,16.739094546496133,40006,ALDEALCORVO,18,41.244002,-3.791299,40194,Base SEGOVIA,40.94987,-4.125241,61.37668000381916
40008,40194,26.59585325634033,40008,ALDEALENGUA DE SANTA MARÍA,59,41.462154,-3.467742,40194,Base SEGOVIA,40.94987,-4.125241,97.51812860658121
40010,40194,15.388539771983,40010,ALDEANUEVA DEL CODONAL,108,41.083402,-4.543344,40194,Base SEGOVIA,40.94987,-4.125241,56.424645830604334
40016,40194,20.87562674981953,40016,ALDEONTE,55,41.351021,-3.678549,40194,Base SEGOVIA,40.94987,-4.125241,76.54396474933829
40018,40194,9.709040069044807,40018,AÑE,66,41.037447,-4.295129,40194,Base SEGOVIA,40.94987,-4.125241,35.599813586497625
40019,40194,13.374764486648289,40019,ARAHUETES,31,41.137805,-3.85695,40194,Base SEGOVIA,40.94987,-4.125241,49.04080311771039
40020,40194,15.500981394348,40020,ARCONES,180,41.118501,-3.724301,40194,Base SEGOVIA,40.94987,-4.125241,56.83693177927601
40025,40194,20.39195034854422,40025,BARBOLLA,150,41.32563,-3.672204,40194,Base SEGOVIA,40.94987,-4.125241,74.77048461132881
40041,40194,8.863529271451302,40041,CANTIMPALOS,1427,41.074673,-4.15916,40194,Base SEGOVIA,40.94987,-4.125241,32.499607328654776
40043,40194,11.142668536013225,40043,CARBONERO EL MAYOR,2502,41.122317,-4.266111,40194,Base SEGOVIA,40.94987,-4.125241,40.85645129871516
40045,40194,17.598415804006834,40045,CASLA,155,41.166962,-3.655505,40194,Base SEGOVIA,40.94987,-4.125241,64.52752461469171
40047,40194,20.53505009933164,40047,CASTRO DE FUENTIDUEÑA,48,41.42051,-3.856453,40194,Base SEGOVIA,40.94987,-4.125241,75.29518369754936
40052,40194,23.647367207667365,40052,CEDILLO DE LA TORRE,81,41.424592,-3.605916,40194,Base SEGOVIA,40.94987,-4.125241,86.70701309478034
40053,40194,19.633502960298536,40053,CEREZO DE ABAJO,145,41.217531,-3.592566,40194,Base SEGOVIA,40.94987,-4.125241,71.98951085442796
40065,47186,16.611530208198907,40065,CHAÑE,741,41.339416,-4.428739,47186,Base VALLADOLID,41.652328,-4.723349,60.90894409672933
40056,40194,18.853726055762944,40056,COBOS DE FUENTIDUEÑA,28,41.382143,-3.928964,40194,Base SEGOVIA,40.94987,-4.125241,69.1303288711308
40059,40194,10.459083825958327,40059,COLLADO HERMOSO,118,41.038573,-3.917706,40194,Base SEGOVIA,40.94987,-4.125241,38.34997402851386
40068,40194,12.64792348572656,40068,DOMINGO GARCÍA,32,41.115018,-4.377907,40194,Base SEGOVIA,40.94987,-4.125241,46.37571944766405
40076,40194,12.568200346225584,40076,EL ESPINAR,10145,40.718093,-4.24753,40194,Base SEGOVIA,40.94987,-4.125241,46.083401269493805
40074,40194,9.93795050855999,40074,ESCARABAJOSA DE CABEZAS,276,41.104056,-4.194629,40194,Base SEGOVIA,40.94987,-4.125241,36.43915186471996
40078,47186,16.87763601957481,40078,FRESNEDA DE CUÉLLAR,170,41.318275,-4.450392,47186,Base VALLADOLID,41.652328,-4.723349,61.88466540510763
40079,40194,24.111008342613143,40079,FRESNO DE CANTESPINO,288,41.368291,-3.499332,40194,Base SEGOVIA,40.94987,-4.125241,88.40703058958152
40080,40194,22.354228832420297,40080,FRESNO DE LA FUENTE,77,41.393334,-3.644741,40194,Base SEGOVIA,40.94987,-4.125241,81.96550571887443
40084,47186,17.436508190896674,40084,FUENTE EL OLMO DE ÍSCAR,45,41.279798,-4.494531,47186,Base VALLADOLID,41.652328,-4.723349,63.933863366621146
40094,40194,8.284767422121483,40094,GARCILLÁN,515,40.977087,-4.264079,40194,Base SEGOVIA,40.94987,-4.125241,30.37748054777877
40097,40194,22.307551964342682,40097,GRAJERA,256,41.371083,-3.613731,40194,Base SEGOVIA,40.94987,-4.125241,81.79435720258984
40101,40194,7.036550441215956,40101,HONTANARES DE ERESMA,1662,40.981807,-4.203476,40194,Base SEGOVIA,40.94987,-4.125241,25.800684951125174
40112,40194,5.759314778840718,40112,LA LASTRILLA,4697,40.968941,-4.103757,40194,Base SEGOVIA,40.94987,-4.125241,21.117487522415963
40108,47186,21.473540113992808,40108,LAGUNA DE CONTRERAS,115,41.494512,-4.028542,47186,Base VALLADOLID,41.652328,-4.723349,78.73631375130697
40111,40194,10.46607009647652,40111,LASTRAS DEL POZO,64,40.879079,-4.344592,40194,Base SEGOVIA,40.94987,-4.125241,38.37559035374724
40103,40194,7.817786963415196,40103,LOS HUERTOS,170,41.010347,-4.218681,40194,Base SEGOVIA,40.94987,-4.125241,28.66521886585572
40115,40194,26.3300726728636,40115,MADERUELO,101,41.487233,-3.521901,40194,Base SEGOVIA,40.94987,-4.125241,96.54359980049988
40903,40194,9.875135122260723,40903,MARAZOLEJA,96,40.961864,-4.337512,40194,Base SEGOVIA,40.94987,-4.125241,36.20882878162265
40120,5019,17.446722520143368,40120,MARTÍN MUÑOZ DE LA DEHESA,307,41.066221,-4.686916,5019,Base ÁVILA,40.65587,-4.697713,63.97131590719235
40121,5019,15.579575796927434,40121,MARTÍN MUÑOZ DE LAS POSADAS,249,40.996122,-4.595913,5019,Base ÁVILA,40.65587,-4.697713,57.12511125540059
40122,40194,11.149725482116619,40122,MARUGÁN,763,40.896824,-4.384281,40194,Base SEGOVIA,40.94987,-4.125241,40.88232676776094
40123,40194,14.523505303273538,40123,MATABUENA,263,41.095702,-3.756594,40194,Base SEGOVIA,40.94987,-4.125241,53.25285277866964
40126,40194,13.446525624226105,40126,MELQUE DE CERCOS,65,41.051171,-4.469019,40194,Base SEGOVIA,40.94987,-4.125241,49.30392728882905
40129,40194,18.63448149920843,40129,MONTEJO DE ARÉVALO,161,41.140399,-4.6652,40194,Base SEGOVIA,40.94987,-4.125241,68.32643216376425
40130,40194,26.126589483521965,40130,MONTEJO DE LA VEGA DE LA SERREZUELA,124,41.549114,-3.652677,40194,Base SEGOVIA,40.94987,-4.125241,95.79749477291388
40141,40194,13.572415056080034,40141,NAVALMANZANO,1044,41.214727,-4.256285,40194,Base SEGOVIA,40.94987,-4.125241,49.76552187229346
40142,40194,20.993227164033094,40142,NAVARES DE AYUSO,53,41.37275,-3.706673,40194,Base SEGOVIA,40.94987,-4.125241,76.97516626812134
40144,40194,21.461852119737063,40144,NAVARES DE LAS CUEVAS,25,41.413975,-3.75114,40194,Base SEGOVIA,40.94987,-4.125241,78.69345777236923
40149,40194,19.136479075963763,40149,OLOMBRADA,503,41.415235,-4.161221,40194,Base SEGOVIA,40.94987,-4.125241,70.16708994520047
40150,40194,15.227169363431717,40150,OREJANA,62,41.164679,-3.780464,40194,Base SEGOVIA,40.94987,-4.125241,55.832954332582965
40901,40194,8.42567788356754,40901,ORTIGOSA DEL MONTE,587,40.843618,-4.17598,40194,Base SEGOVIA,40.94987,-4.125241,30.894152239747644
40154,40194,23.09675348281558,40154,PAJAREJOS,24,41.390336,-3.590395,40194,Base SEGOVIA,40.94987,-4.125241,84.68809610365712
40160,40194,12.530706071330414,40160,PINARNEGRILLO,96,41.190429,-4.206977,40194,Base SEGOVIA,40.94987,-4.125241,45.94592226154485
40164,40194,17.87135072845949,40164,RAPARIEGOS,194,41.094448,-4.654168,40194,Base SEGOVIA,40.94987,-4.125241,65.52828600435146
40168,40194,25.47717735121173,40168,RIAGUAS DE SAN BARTOLOMÉ,27,41.426673,-3.489892,40194,Base SEGOVIA,40.94987,-4.125241,93.416316954443
40170,40194,22.86768807509676,40170,RIAZA,2144,41.279741,-3.477249,40194,Base SEGOVIA,40.94987,-4.125241,83.84818960868812
40172,40194,22.894332916992163,40172,RIOFRÍO DE RIAZA,27,41.247955,-3.449472,40194,Base SEGOVIA,40.94987,-4.125241,83.9458873623046
40173,40194,7.68902470147416,40173,RODA DE ERESMA,253,41.027843,-4.181177,40194,Base SEGOVIA,40.94987,-4.125241,28.19309057207192
40176,40194,16.539931408427865,40176,SAMBOAL,461,41.259287,-4.419207,40194,Base SEGOVIA,40.94987,-4.125241,60.646415164235506
40184,40194,16.0703200545814,40184,SAN PEDRO DE GAÍLLOS,311,41.227045,-3.810054,40194,Base SEGOVIA,40.94987,-4.125241,58.924506866798474
40180,40194,11.622989143046555,40180,SANGARCÍA,279,40.94739,-4.414372,40194,Base SEGOVIA,40.94987,-4.125241,42.617626857837365
40188,40194,11.93675925557102,40188,SANTIUSTE DE PEDRAZA,85,41.090249,-3.885872,40194,Base SEGOVIA,40.94987,-4.125241,43.76811727042708
40189,40194,16.997096725916855,40189,SANTIUSTE DE SAN JUAN BAUTISTA,535,41.157174,-4.572056,40194,Base SEGOVIA,40.94987,-4.125241,62.322687995028474
40190,40194,9.150085913786674,40190,SANTO DOMINGO DE PIRÓN,51,41.040761,-3.989693,40194,Base SEGOVIA,40.94987,-4.125241,33.5503150172178
40191,40194,19.554551786224017,40191,SANTO TOMÉ DEL PUERTO,234,41.194376,-3.577427,40194,Base SEGOVIA,40.94987,-4.125241,71.70002321615473
40203,40194,7.649156115575609,40203,TORRECABALLEROS,1496,40.993056,-4.02467,40194,Base SEGOVIA,40.94987,-4.125241,28.046905757110565
40205,40194,10.096185430626308,40205,TORREIGLESIAS,256,41.102316,-4.03151,40194,Base SEGOVIA,40.94987,-4.125241,37.01934657896313
40208,40194,11.81669974788871,40208,TURÉGANO,1017,41.156184,-4.00692,40194,Base SEGOVIA,40.94987,-4.125241,43.32789907559194
40210,40194,19.744588784946448,40210,URUEÑAS,98,41.357487,-3.773242,40194,Base SEGOVIA,40.94987,-4.125241,72.39682554480365
40212,40194,25.632274007051567,40212,VALDEVACAS DE MONTEJO,29,41.522097,-3.635853,40194,Base SEGOVIA,40.94987,-4.125241,93.98500469252241
40213,40194,12.69587068225704,40213,VALDEVACAS Y GUIJAR,80,41.145596,-3.911057,40194,Base SEGOVIA,40.94987,-4.125241,46.55152583494248
40220,40194,15.075545496464596,40220,VALLERUELA DE PEDRAZA,65,41.179416,-3.806666,40194,Base SEGOVIA,40.94987,-4.125241,55.27700015370351
40215,40194,21.71879391874599,40215,VALTIENDAS,77,41.478474,-3.917103,40194,Base SEGOVIA,40.94987,-4.125241,79.63557770206863
40224,40194,17.09829292063266,40224,VENTOSILLA Y TEJADILLA,17,41.18148,-3.694411,40194,Base SEGOVIA,40.94987,-4.125241,62.69374070898641
40229,40194,25.4078621747413,40229,VILLAVERDE DE MONTEJO,21,41.521959,-3.653998,40194,Base SEGOVIA,40.94987,-4.125241,93.16216130738476
40230,47186,17.568118469209956,40230,VILLEGUILLO,120,41.252396,-4.578348,47186,Base VALLADOLID,41.652328,-4.723349,64.41643438710317
40231,40194,9.510457623850883,40231,YANGUAS DE ERESMA,117,41.071735,-4.238239,40194,Base SEGOVIA,40.94987,-4.125241,34.8716779541199
40233,40194,11.499222994391223,40233,ZARZUELA DEL MONTE,498,40.808102,-4.337811,40194,Base SEGOVIA,40.94987,-4.125241,42.16381764610115
42004,42173,17.665489396801203,42004,ÁGREDA,3094,41.85517,-1.919656,42173,Base SORIA,41.763279,-2.466248,64.77346112160441
42007,42173,23.991319132643806,42007,ALCUBILLA DE AVELLANEDA,107,41.72597,-3.304091,42173,Base SORIA,41.763279,-2.466248,87.96817015302729
42011,42173,10.89791501916076,42011,ALDEALPOZO,18,41.781557,-2.206628,42173,Base SORIA,41.763279,-2.466248,39.959021736922786
42017,42173,8.900461355754002,42017,ALMAJANO,182,41.849992,-2.33881,42173,Base SORIA,41.763279,-2.466248,32.63502497109801
42018,42173,20.0425570129216,42018,ALMALUEZ,124,41.289722,-2.269073,42173,Base SORIA,41.763279,-2.466248,73.48937571404586
42023,42173,20.83745933139593,42023,ALPANSEQUE,51,41.263992,-2.670754,42173,Base SORIA,41.763279,-2.466248,76.40401754845173
42025,42173,22.24592935299573,42025,ARCOS DE JALÓN,1545,41.213421,-2.272513,42173,Base SORIA,41.763279,-2.466248,81.56840762765101
42027,42173,10.74289791766843,42027,ARÉVALO DE LA SIERRA,70,41.946218,-2.400539,42173,Base SORIA,41.763279,-2.466248,39.390625698117574
42030,42173,14.960355785143193,42030,BARCA,107,41.456047,-2.621555,42173,Base SORIA,41.763279,-2.466248,54.85463787885838
42034,42173,19.88137734047608,42034,BERATÓN,41,41.717639,-1.81145,42173,Base SORIA,41.763279,-2.466248,72.89838358174563
42035,42173,17.725383505693003,42035,BERLANGA DE DUERO,831,41.464781,-2.860727,42173,Base SORIA,41.763279,-2.466248,64.99307285420767
42037,42173,13.378334051887142,42037,BLIECOS,26,41.528401,-2.27158,42173,Base SORIA,41.763279,-2.466248,49.05389152358619
42049,42173,9.169692247534044,42049,CANDILICHERA,104,41.704083,-2.299948,42173,Base SORIA,41.763279,-2.466248,33.622204907624834
42052,42173,23.247245182217874,42052,CARACENA,14,41.383482,-3.090087,42173,Base SORIA,41.763279,-2.466248,85.23989900146553
42054,42173,10.760724289402404,42054,CARRASCOSA DE LA SIERRA,19,41.894422,-2.281815,42173,Base SORIA,41.763279,-2.466248,39.45598906114215
42057,42173,14.82538454621659,42057,CASTILRUIZ,158,41.877087,-2.059202,42173,Base SORIA,41.763279,-2.466248,54.3597433361275
42059,42173,14.647898997411367,42059,CENTENERA DE ANDALUZ,21,41.50701,-2.718486,42173,Base SORIA,41.763279,-2.466248,53.70896299050835
42063,42173,20.157085665181512,42063,CIHUELA,39,41.406065,-1.998879,42173,Base SORIA,41.763279,-2.466248,73.90931410566554
42068,42173,14.960077876005585,42068,COSCURITA,68,41.434917,-2.475496,42173,Base SORIA,41.763279,-2.466248,54.85361887868714
42069,42173,15.73933962792841,42069,COVALEDA,1574,41.935538,-2.881622,42173,Base SORIA,41.763279,-2.466248,57.710911969070835
42071,42173,9.972755772969322,42071,CUBO DE LA SOLANA,163,41.602535,-2.422862,42173,Base SORIA,41.763279,-2.466248,36.56677116755418
42075,42173,17.49475442843947,42075,DÉVANOS,72,41.904517,-1.946771,42173,Base SORIA,41.763279,-2.466248,64.14743290427806
42079,42173,13.657413269641923,42079,ESCOBOSA DE ALMAZÁN,20,41.486843,-2.370884,42173,Base SORIA,41.763279,-2.466248,50.07718198868705
42080,42173,22.106027503170964,42080,ESPEJA DE SAN MARCELINO,151,41.802153,-3.22091,42173,Base SORIA,41.763279,-2.466248,81.05543417829354
42085,42173,21.270559671988106,42085,FUENTEARMEGIL,150,41.715032,-3.182361,42173,Base SORIA,41.763279,-2.466248,77.99205213062305
42090,42173,13.962805860190583,42090,FUENTEPINILLA,78,41.568046,-2.763271,42173,Base SORIA,41.763279,-2.466248,51.1969548206988
42092,42173,13.30886479114514,42092,FUENTES DE MAGAÑA,51,41.934643,-2.179256,42173,Base SORIA,41.763279,-2.466248,48.79917090086552
42095,42173,6.311271788247545,42095,GOLMAYO,3059,41.765435,-2.524146,42173,Base SORIA,41.763279,-2.466248,23.141329890240996
42096,42173,11.9107889342,42096,GÓMARA,288,41.623744,-2.224964,42173,Base SORIA,41.763279,-2.466248,43.67289275873333
42098,42173,17.348767780439637,42098,HERRERA DE SORIA,11,41.763005,-3.012166,42173,Base SORIA,41.763279,-2.466248,63.61214852827867
42100,42173,13.293176345285643,42100,HINOJOSA DEL CAMPO,25,41.738475,-2.101202,42173,Base SORIA,41.763279,-2.466248,48.74164659938069
42103,42173,26.68563384391227,42103,LANGA DE DUERO,716,41.610246,-3.401614,42173,Base SORIA,41.763279,-2.466248,97.847324094345
42111,42173,13.766912874439123,42111,MATAMALA DE ALMAZÁN,254,41.504944,-2.639855,42173,Base SORIA,41.763279,-2.466248,50.47868053961012
42121,42173,16.837003665797432,42121,MONTENEGRO DE CAMEROS,45,42.089736,-2.753835,42173,Base SORIA,41.763279,-2.466248,61.73568010792392
42127,42173,19.279599053321824,42127,NAFRÍA DE UCERO,36,41.721902,-3.094882,42173,Base SORIA,41.763279,-2.466248,70.69186319551335
42129,42173,17.369183077620463,42129,NAVALENO,732,41.837927,-3.004147,42173,Base SORIA,41.763279,-2.466248,63.687004617941696
42130,42173,12.353159074546552,42130,NEPAS,50,41.526207,-2.398155,42173,Base SORIA,41.763279,-2.466248,45.29491660667069
42131,42173,12.61508749258145,42131,NOLAY,48,41.527162,-2.351879,42173,Base SORIA,41.763279,-2.466248,46.255320806131984
42134,42173,15.949629775233603,42134,ÓLVEGA,3838,41.780458,-1.982666,42173,Base SORIA,41.763279,-2.466248,58.48197584252322
42142,42173,13.165083127400491,42142,POZALMURO,46,41.772888,-2.105486,42173,Base SORIA,41.763279,-2.466248,48.27197146713513
42144,42173,10.028819377934596,42144,QUINTANA REDONDA,512,41.640181,-2.615064,42173,Base SORIA,41.763279,-2.466248,36.772337719093514
42151,42173,9.64453384958769,42151,REBOLLAR,36,41.913671,-2.505113,42173,Base SORIA,41.763279,-2.466248,35.363290781821526
42152,42173,19.81943114083255,42152,RECUERDA,62,41.475719,-2.994772,42173,Base SORIA,41.763279,-2.466248,72.671247516386
42162,42173,22.750809058834907,42162,SAN ESTEBAN DE GORMAZ,2935,41.575287,-3.208325,42173,Base SORIA,41.763279,-2.466248,83.41963321572798
42167,42173,21.58184898212174,42167,SANTA MARÍA DE HUERTA,242,41.2613,-2.176743,42173,Base SORIA,41.763279,-2.466248,79.13344626777972
42173,42173,5.0,42173,SORIA,40750,41.763279,-2.466248,42173,Base SORIA,41.763279,-2.466248,18.333333333333332
42174,42173,10.978330987508283,42174,SOTILLO DEL RINCÓN,175,41.932333,-2.60238,42173,Base SORIA,41.763279,-2.466248,40.25388028753037
42182,42173,17.628591707604016,42182,TARODA,46,41.347626,-2.432282,42173,Base SORIA,41.763279,-2.466248,64.63816959454806
42187,42173,14.421274914843647,42187,TORRUBIA DE SORIA,56,41.630205,-2.090283,42173,Base SORIA,41.763279,-2.466248,52.87800802109337
42194,42173,18.41515054276241,42194,VALDEMALUQUE,137,41.674636,-3.046881,42173,Base SORIA,41.763279,-2.466248,67.52221865679552
42195,42173,17.705251669424104,42195,VALDENEBRO,94,41.572391,-2.965497,42173,Base SORIA,41.763279,-2.466248,64.91925612122172
42205,42173,8.649011487557484,42205,VILLACIERVOS,86,41.764907,-2.627552,42173,Base SORIA,41.763279,-2.466248,31.713042121044108
42206,42173,21.21567011441062,42206,VILLANUEVA DE GORMAZ,8,41.46782,-3.062373,42173,Base SORIA,41.763279,-2.466248,77.79079041950561
42207,42173,10.129185030424953,42207,VILLAR DEL ALA,50,41.915081,-2.56636,42173,Base SORIA,41.763279,-2.466248,37.14034511155816
42212,42173,17.861103348685457,42212,VILLASAYAS,60,41.353106,-2.610282,42173,Base SORIA,41.763279,-2.466248,65.49071227851334
42216,42173,13.02255602115288,42216,VIZMANOS,30,42.024339,-2.408754,42173,Base SORIA,41.763279,-2.466248,47.74937207756056
42217,42173,18.97353253967394,42217,VOZMEDIANO,33,41.837776,-1.856273,42173,Base SORIA,41.763279,-2.466248,69.56961931213779
47004,49275,18.55055312689896,47004,ALAEJOS,1407,41.307568,-5.216757,49275,Base ZAMORA,41.49914,-5.754948,68.01869479862953
47006,47186,11.266642807351381,47006,ALDEA DE SAN MIGUEL,218,41.461157,-4.618505,47186,Base VALLADOLID,41.652328,-4.723349,41.31102362695506
47012,47186,16.26887747116379,47012,BAHABÓN,93,41.48134,-4.282392,47186,Base VALLADOLID,41.652328,-4.723349,59.65255072760056
47014,47186,12.847430825579359,47014,BARRUELO DEL VALLE,52,41.672471,-5.068676,47186,Base VALLADOLID,41.652328,-4.723349,47.10724636045765
47015,34120,20.641705146292562,47015,BECILLA DE VALDERADUEY,200,42.098502,-5.218428,34120,Base PALENCIA,42.007837,-4.534601,75.68625220307273
47016,49275,16.093360783045608,47016,BENAFARCES,70,41.620989,-5.293992,49275,Base ZAMORA,41.49914,-5.754948,59.0089895378339
47018,47186,12.364580723017383,47018,BERCERUELO,36,41.580409,-5.033611,47186,Base VALLADOLID,41.652328,-4.723349,45.33679598439707
47022,47186,19.85705062042918,47022,BOCOS DE DUERO,81,41.623549,-4.068953,47186,Base VALLADOLID,41.652328,-4.723349,72.80918560824033
47023,47186,8.435740135983693,47023,BOECILLO,4357,41.540459,-4.699397,47186,Base VALLADOLID,41.652328,-4.723349,30.93104716527354
47028,34120,19.867973262090544,47028,CABEZÓN DE VALDERADUEY,33,42.167219,-5.159357,34120,Base PALENCIA,42.007837,-4.534601,72.84923529433199
47030,47186,17.940701114444565,47030,CAMPASPERO,1004,41.491478,-4.195033,47186,Base VALLADOLID,41.652328,-4.723349,65.7825707529634
47033,47186,19.279347610569964,47033,CANALEJAS DE PEÑAFIEL,252,41.527118,-4.116448,47186,Base VALLADOLID,41.652328,-4.723349,70.69094123875654
47034,34120,16.99801903180751,47034,CANILLAS DE ESGUEVA,73,41.756101,-4.12465,34120,Base PALENCIA,42.007837,-4.534601,62.3260697832942
47036,49275,16.924480449682523,47036,CASASOLA DE ARIÓN,215,41.579055,-5.240581,49275,Base ZAMORA,41.49914,-5.754948,62.056428315502586
47037,37274,19.222473967339532,47037,CASTREJÓN DE TRABANCOS,176,41.251815,-5.170484,37274,Base SALAMANCA,40.967368,-5.665381,70.48240454691161
47038,47186,21.224087303676512,47038,CASTRILLO DE DUERO,121,41.575542,-4.015179,47186,Base VALLADOLID,41.652328,-4.723349,77.82165344681388
47039,47186,13.136214826058874,47039,CASTRILLO-TEJERIEGO,152,41.703585,-4.370754,47186,Base VALLADOLID,41.652328,-4.723349,48.166121028882536
47048,34120,18.905921859313665,47048,CEINOS DE CAMPOS,172,42.031639,-5.151001,34120,Base PALENCIA,42.007837,-4.534601,69.32171348415011
47050,47186,8.252264925494714,47050,CIGALES,5364,41.758128,-4.699857,47186,Base VALLADOLID,41.652328,-4.723349,30.25830472681395
47053,47186,13.465523610908146,47053,COGECES DE ÍSCAR,144,41.406704,-4.546162,47186,Base VALLADOLID,41.652328,-4.723349,49.37358657332987
47056,34120,19.99281641025064,47056,CORRALES DE DUERO,105,41.670637,-4.04931,34120,Base PALENCIA,42.007837,-4.534601,73.30699350425235
47031,47186,18.673406447482453,47031,EL CAMPILLO,198,41.25718,-5.013082,47186,Base VALLADOLID,41.652328,-4.723349,68.46915697410232
47061,47186,13.337417308760262,47061,ESGUEVILLAS DE ESGUEVA,258,41.751634,-4.379978,47186,Base VALLADOLID,41.652328,-4.723349,48.90386346545429
47066,47186,6.919605588549347,47066,FUENSALDAÑA,2137,41.707279,-4.765417,47186,Base VALLADOLID,41.652328,-4.723349,25.37188715801427
47075,47186,14.771722086703543,47075,ÍSCAR,6396,41.364199,-4.530714,47186,Base VALLADOLID,41.652328,-4.723349,54.162980984579654
47079,47186,16.918774910595396,47079,LLANO DE OLMEDO,161,41.268111,-4.612954,47186,Base VALLADOLID,41.652328,-4.723349,62.035508005516455
47078,5019,20.808719563938464,47078,LOMOVIEJO,51,41.1499,-4.917847,5019,Base ÁVILA,40.65587,-4.697713,76.2986384011077
47082,47186,12.461474359381691,47082,MATAPOZUELOS,1015,41.411466,-4.790444,47186,Base VALLADOLID,41.652328,-4.723349,45.6920726510662
47086,47186,15.064684169446572,47086,MEDINA DE RIOSECO,4537,41.883071,-5.043182,47186,Base VALLADOLID,41.652328,-4.723349,55.237175287970764
47085,47186,16.326974978808344,47085,MEDINA DEL CAMPO,20097,41.307578,-4.915187,47186,Base VALLADOLID,41.652328,-4.723349,59.86557492229726
47087,47186,13.248147726246486,47087,MEGECES,422,41.407829,-4.564194,47186,Base VALLADOLID,41.652328,-4.723349,48.576541662903786
47088,24089,19.356463635072117,47088,MELGAR DE ABAJO,114,42.244874,-5.141655,24089,Base LEÓN,42.599121,-5.567076,70.97369999526443
47093,47186,12.448096705533036,47093,MONTEMAYOR DE PILILLA,860,41.507564,-4.458115,47186,Base VALLADOLID,41.652328,-4.723349,45.64302125362113
47095,47186,16.629503083510464,47095,MORALEJA DE LAS PANADERAS,38,41.276581,-4.825629,47186,Base VALLADOLID,41.652328,-4.723349,60.97484463953837
47113,47186,16.29753541244011,47113,PEDROSA DEL REY,148,41.555517,-5.204443,47186,Base VALLADOLID,41.652328,-4.723349,59.75762984561373
47116,47186,17.862587408976147,47116,PESQUERA DE DUERO,423,41.641261,-4.155937,47186,Base VALLADOLID,41.652328,-4.723349,65.49615383291254
47117,47186,12.084743860877484,47117,PIÑA DE ESGUEVA,310,41.729762,-4.428181,47186,Base VALLADOLID,41.652328,-4.723349,44.31072748988411
47118,47186,18.08604544365928,47118,PIÑEL DE ABAJO,163,41.67531,-4.14655,47186,Base VALLADOLID,41.652328,-4.723349,66.31549996008403
47121,47186,16.1051513465682,47121,POLLOS,562,41.443478,-5.125271,47186,Base VALLADOLID,41.652328,-4.723349,59.0522216040834
47122,47186,11.085082930440773,47122,PORTILLO,2368,41.479073,-4.588062,47186,Base VALLADOLID,41.652328,-4.723349,40.645304078282834
47128,49275,21.400743779433654,47128,QUINTANILLA DEL MOLAR,47,41.989635,-5.44962,49275,Base ZAMORA,41.49914,-5.754948,78.4693938579234
47132,47186,17.910200392223764,47132,RAMIRO,46,41.229212,-4.786011,47186,Base VALLADOLID,41.652328,-4.723349,65.67073477148713
47134,49275,22.305893403654245,47134,ROALES DE CAMPOS,165,42.030363,-5.475452,49275,Base ZAMORA,41.49914,-5.754948,81.7882758133989
47135,47186,9.440004680541797,47135,ROBLADILLO,87,41.607928,-4.910004,47186,Base VALLADOLID,41.652328,-4.723349,34.61335049531992
47141,5019,19.539440633585198,47141,SALVADOR DE ZAPARDIEL,103,41.116022,-4.875781,5019,Base ÁVILA,40.65587,-4.697713,71.64461565647906
47143,34120,19.416929458573144,47143,SAN LLORENTE,94,41.686177,-4.064678,34120,Base PALENCIA,42.007837,-4.534601,71.19540801476819
47146,47186,11.092078196276852,47146,SAN MIGUEL DEL PINO,367,41.507925,-4.910046,47186,Base VALLADOLID,41.652328,-4.723349,40.67095338634845
47150,49275,15.704381210877633,47150,SAN ROMÁN DE HORNIJA,301,41.480299,-5.2844,49275,Base ZAMORA,41.49914,-5.754948,57.58273110655132
47153,34120,19.23503622613054,47153,SANTERVÁS DE CAMPOS,108,42.21716,-5.100967,34120,Base PALENCIA,42.007837,-4.534601,70.52846616247864
47155,47186,6.52267706297379,47155,SANTOVENIA DE PISUERGA,4703,41.696355,-4.691031,47186,Base VALLADOLID,41.652328,-4.723349,23.916482564237228
47160,49275,18.70525119235394,47160,SIETE IGLESIAS DE TRABANCOS,419,41.351575,-5.185259,49275,Base ZAMORA,41.49914,-5.754948,68.58592103863113
47161,47186,8.020933099321615,47161,SIMANCAS,5538,41.590468,-4.827798,47186,Base VALLADOLID,41.652328,-4.723349,29.410088030845923
47164,47186,16.036118551543005,47164,TORDEHUMOS,375,41.813274,-5.160723,47186,Base VALLADOLID,41.652328,-4.723349,58.79910135565768
47169,34120,15.497236152103872,47169,TORRE DE ESGUEVA,62,41.767453,-4.200039,34120,Base PALENCIA,42.007837,-4.534601,56.82319922438086
47167,37274,17.678746549681875,47167,TORRECILLA DE LA ORDEN,227,41.219535,-5.222893,37274,Base SALAMANCA,40.967368,-5.665381,64.82207068216688
47175,47186,8.853959775324412,47175,TUDELA DE DUERO,8786,41.584008,-4.58001,47186,Base VALLADOLID,41.652328,-4.723349,32.46451917618951
47177,24089,21.45552542079616,47177,URONES DE CASTROPONCE,100,42.098766,-5.282976,24089,Base LEÓN,42.599121,-5.567076,78.67025987625259
47179,47186,14.763835970759159,47179,VALBUENA DE DUERO,399,41.642469,-4.292685,47186,Base VALLADOLID,41.652328,-4.723349,54.13406522611692
47182,47186,10.463702693056028,47182,VALDESTILLAS,1612,41.475807,-4.771542,47186,Base VALLADOLID,41.652328,-4.723349,38.36690987453877
47184,47186,11.25897293089322,47184,VALORIA LA BUENA,745,41.800538,-4.530895,47186,Base VALLADOLID,41.652328,-4.723349,41.28290074660847
47185,47186,14.01445497947678,47185,VALVERDE DE CAMPOS,91,41.834445,-5.038214,47186,Base VALLADOLID,41.652328,-4.723349,51.38633492474819
47187,34120,19.1289988511287,47187,VEGA DE RUIPONCE,81,42.189383,-5.112883,34120,Base PALENCIA,42.007837,-4.534601,70.13966245413857
47190,47186,12.009020753557731,47190,VELILLA,113,41.557855,-5.005444,47186,Base VALLADOLID,41.652328,-4.723349,44.03307609637835
47204,49275,15.53532987058742,47204,VILLAFRANCA DE DUERO,241,41.433041,-5.299808,49275,Base ZAMORA,41.49914,-5.754948,56.96287619215387
47205,47186,18.381461490076482,47205,VILLAFRECHÓS,468,41.893601,-5.218732,47186,Base VALLADOLID,41.652328,-4.723349,67.39869213028044
47207,47186,16.32285211665199,47207,VILLAGARCÍA DE CAMPOS,288,41.780862,-5.192977,47186,Base VALLADOLID,41.652328,-4.723349,59.8504577610573
47208,34120,19.4224309468307,47208,VILLAGÓMEZ LA NUEVA,51,42.155308,-5.143798,34120,Base PALENCIA,42.007837,-4.534601,71.21558013837924
47211,24089,20.402194561648532,47211,VILLALBA DE LA LOMA,58,42.174231,-5.19036,24089,Base LEÓN,42.599121,-5.567076,74.80804672604462
47215,47186,19.142488978720348,47215,VILLAMURIEL DE CAMPOS,51,41.947288,-5.207902,47186,Base VALLADOLID,41.652328,-4.723349,70.18912625530794
47219,34120,18.320465125604358,47219,VILLANUEVA DE LA CONDESA,59,42.149559,-5.094746,34120,Base PALENCIA,42.007837,-4.534601,67.17503879388263
47220,47186,17.27766604692178,47220,VILLANUEVA DE LOS CABALLEROS,157,41.757954,-5.246853,47186,Base VALLADOLID,41.652328,-4.723349,63.35144217204653
47222,47186,15.643024879065253,47222,VILLANUEVA DE SAN MANCIO,102,41.929006,-5.01294,47186,Base VALLADOLID,41.652328,-4.723349,57.35775788990593
47228,47186,17.536585519413666,47228,VILLAVERDE DE MEDINA,529,41.305828,-5.02429,47186,Base VALLADOLID,41.652328,-4.723349,64.30081357118345
47229,34120,20.90070594084111,47229,VILLAVICENCIO DE LOS CABALLEROS,221,42.055911,-5.237536,34120,Base PALENCIA,42.007837,-4.534601,76.63592178308407
47230,47186,9.461839848973035,47230,WAMBA,295,41.676224,-4.917681,47186,Base VALLADOLID,41.652328,-4.723349,34.693412779567794
47231,47186,6.377576225392401,47231,ZARATÁN,6383,41.661516,-4.782892,47186,Base VALLADOLID,41.652328,-4.723349,23.384446159772136
49003,49275,19.774047443255515,49003,ALCAÑICES,1061,41.698389,-6.349441,49275,Base ZAMORA,41.49914,-5.754948,72.50484062527022
49006,49275,8.969555134323002,49006,ALGODRE,135,41.565075,-5.603893,49275,Base ZAMORA,41.49914,-5.754948,32.888368825851
49014,49275,11.764500924727038,49014,ARQUILLINOS,113,41.710013,-5.657693,49275,Base ZAMORA,41.49914,-5.754948,43.13650339066581
49021,49275,20.33531913456718,49021,BENAVENTE,17246,42.001729,-5.680069,49275,Base ZAMORA,41.49914,-5.754948,74.56283682674632
49023,49275,14.087968697559111,49023,BERMILLO DE SAYAGO,1026,41.365772,-6.112893,49275,Base ZAMORA,41.49914,-5.754948,51.65588522438341
49025,49275,16.54556196704573,49025,BRETÓ,166,41.879666,-5.738828,49275,Base ZAMORA,41.49914,-5.754948,60.667060545834346
49032,49275,21.32641507817989,49032,CALZADILLA DE TERA,287,41.978755,-6.082691,49275,Base ZAMORA,41.49914,-5.754948,78.19685528665958
49035,49275,14.990599035404086,49035,CAÑIZO,201,41.768899,-5.501928,49275,Base ZAMORA,41.49914,-5.754948,54.965529796481654
49036,49275,12.23532079846655,49036,CARBAJALES DE ALBA,466,41.653445,-5.9982,49275,Base ZAMORA,41.49914,-5.754948,44.86284292771068
49037,49275,17.039861539070202,49037,CARBELLINO,182,41.231962,-6.146234,49275,Base ZAMORA,41.49914,-5.754948,62.479492309924076
49040,37274,16.132577921418196,49040,CASTRILLO DE LA GUAREÑA,118,41.230412,-5.325581,37274,Base SALAMANCA,40.967368,-5.665381,59.15278571186672
49041,49275,20.277952790458084,49041,CASTROGONZALO,430,41.989997,-5.602921,49275,Base ZAMORA,41.49914,-5.754948,74.35249356501296
49044,49275,7.78584645948561,49044,CAZURRA,74,41.415698,-5.703679,49275,Base ZAMORA,41.49914,-5.754948,28.548103684780568
49050,24115,19.50376012372939,49050,COBREROS,545,42.07568,-6.701618,24115,Base PONFERRADA,42.547681,-6.5973,71.51378712034109
49052,24089,20.664813904987895,49052,COOMONTE,179,42.115615,-5.813078,24089,Base LEÓN,42.599121,-5.567076,75.77098431828895
49053,49275,8.376201486849403,49053,CORESES,1037,41.548549,-5.621692,49275,Base ZAMORA,41.49914,-5.754948,30.712738785114478
49056,49275,7.298835957615108,49056,CUBILLOS,295,41.574076,-5.739663,49275,Base ZAMORA,41.49914,-5.754948,26.762398511255395
49061,49275,7.108914347255565,49061,ENTRALA,127,41.429612,-5.756791,49275,Base ZAMORA,41.49914,-5.754948,26.066019273270406
49063,49275,15.618678105329524,49063,FARAMONTANOS DE TÁBARA,340,41.834747,-5.888643,49275,Base ZAMORA,41.49914,-5.754948,57.26848638620825
49066,49275,19.12229247632319,49066,FERRERAS DE ABAJO,451,41.896725,-6.079679,49275,Base ZAMORA,41.49914,-5.754948,70.11507241318503
49075,24089,21.297733846016015,49075,FRESNO DE LA POLVOROSA,114,42.08291,-5.76932,24089,Base LEÓN,42.599121,-5.567076,78.0916907687254
49076,49275,9.391701171393546,49076,FRESNO DE LA RIBERA,342,41.529276,-5.565781,49275,Base ZAMORA,41.49914,-5.754948,34.436237628443
49080,37274,15.82159457383074,49080,FUENTELAPEÑA,599,41.253567,-5.382496,37274,Base SALAMANCA,40.967368,-5.665381,58.012513437379376
49082,49275,21.00179717463883,49082,FUENTES DE ROPEL,361,42.003416,-5.54672,49275,Base ZAMORA,41.49914,-5.754948,77.00658964034238
49084,49275,10.991956521835817,49084,FUENTESPREADAS,290,41.326135,-5.627685,49275,Base ZAMORA,41.49914,-5.754948,40.303840580064666
49087,49275,16.901103720837362,49087,GALLEGOS DEL RÍO,467,41.735192,-6.174306,49275,Base ZAMORA,41.49914,-5.754948,61.97071364307033
49088,49275,14.680674429974736,49088,GAMONES,92,41.467828,-6.179007,49275,Base ZAMORA,41.49914,-5.754948,53.82913957657403
49092,49275,22.173851806533776,49092,GRANUCILLO,104,42.050505,-5.928251,49275,Base ZAMORA,41.49914,-5.754948,81.30412329062383
49096,49275,8.799259987267842,49096,JAMBRINA,149,41.393734,-5.664614,49275,Base ZAMORA,41.49914,-5.754948,32.26395328664875
49095,49275,6.898181878163948,49095,LA HINIESTA,307,41.552479,-5.798698,49275,Base ZAMORA,41.49914,-5.754948,25.293333553267807
49220,24089,20.827977449633323,49220,LA TORRE DEL VALLE,125,42.090292,-5.724301,24089,Base LEÓN,42.599121,-5.567076,76.36925064865552
49098,49275,14.197598122731224,49098,LOSACINO,187,41.680865,-6.079613,49275,Base ZAMORA,41.49914,-5.754948,52.05785978334782
49099,49275,14.110455298562773,49099,LOSACIO,89,41.711005,-6.039793,49275,Base ZAMORA,41.49914,-5.754948,51.738336094730165
49103,49275,8.466990407170103,49103,MADRIDANOS,453,41.478865,-5.604748,49275,Base ZAMORA,41.49914,-5.754948,31.045631492957042
49108,49275,12.734179076876224,49108,MANGANESES DE LA LAMPREANA,439,41.752006,-5.71054,49275,Base ZAMORA,41.49914,-5.754948,46.69198994854616
49110,24115,22.21467606512723,49110,MANZANAL DE ARRIBA,350,41.992066,-6.440134,24115,Base PONFERRADA,42.547681,-6.5973,81.45381223879984
49113,24089,20.043442789026848,49113,MATILLA DE ARZÓN,157,42.106173,-5.64214,24089,Base LEÓN,42.599121,-5.567076,73.49262355976511
49115,49275,12.588518331088434,49115,MAYALDE,152,41.250974,-5.797714,49275,Base ZAMORA,41.49914,-5.754948,46.15790054732425
49119,49275,8.324487125867368,49119,MOLACILLOS,233,41.582699,-5.66014,49275,Base ZAMORA,41.49914,-5.754948,30.52311946151368
49122,49275,6.987447098102779,49122,MONFARRACINOS,995,41.553871,-5.706796,49275,Base ZAMORA,41.49914,-5.754948,25.62063935971019
49125,49275,7.498661087093144,49125,MORALEJA DEL VINO,1806,41.462369,-5.656529,49275,Base ZAMORA,41.49914,-5.754948,27.49509065267486
49129,49275,15.197088465484354,49129,MORALES DE TORO,919,41.53653,-5.30865,49275,Base ZAMORA,41.49914,-5.754948,55.72265770677596
49131,49275,13.662424930376027,49131,MORALINA,219,41.490188,-6.13612,49275,Base ZAMORA,41.49914,-5.754948,50.095558078045435
49133,49275,14.464555508337767,49133,MORERUELA DE TÁBARA,288,41.799298,-5.869357,49275,Base ZAMORA,41.49914,-5.754948,53.03670353057181
49134,24115,19.017590714701694,49134,MUELAS DE LOS CABALLEROS,188,42.12859,-6.333507,24115,Base PONFERRADA,42.547681,-6.5973,69.73116595390621
49137,49275,18.85037748740553,49137,NAVIANOS DE VALVERDE,163,41.953381,-5.818595,49275,Base ZAMORA,41.49914,-5.754948,69.1180507871536
49138,49275,13.549575051653342,49138,OLMILLOS DE CASTRO,193,41.731485,-5.968528,49275,Base ZAMORA,41.49914,-5.754948,49.68177518939559
49141,49275,11.713326772014447,49141,PAJARES DE LA LAMPREANA,280,41.716097,-5.696108,49275,Base ZAMORA,41.49914,-5.754948,42.94886483071964
49150,24115,21.10596898739757,49150,PEQUE,122,42.072832,-6.275639,24115,Base PONFERRADA,42.547681,-6.5973,77.38855295379109
49154,24115,21.650662896659792,49154,PÍAS,94,42.085751,-6.99868,24115,Base PONFERRADA,42.547681,-6.5973,79.38576395441923
49156,49275,14.662299293102159,49156,PINILLA DE TORO,184,41.627694,-5.365317,49275,Base ZAMORA,41.49914,-5.754948,53.76176407470792
49167,49275,18.118763976473332,49167,PUEBLICA DE VALVERDE,177,41.917939,-5.900112,49275,Base ZAMORA,41.49914,-5.754948,66.43546791373555
49170,49275,21.351440912520523,49170,QUINTANILLA DE URZ,97,42.033657,-5.849926,49275,Base ZAMORA,41.49914,-5.754948,78.28861667924193
49169,49275,19.621845900545715,49169,QUINTANILLA DEL OLMO,45,41.905126,-5.406575,49275,Base ZAMORA,41.49914,-5.754948,71.94676830200095
49172,49275,18.95873847229733,49172,RABANALES,488,41.742732,-6.277389,49275,Base ZAMORA,41.49914,-5.754948,69.51537439842355
49174,24115,20.989943875853605,49174,REQUEJO,111,42.031464,-6.742481,24115,Base PONFERRADA,42.547681,-6.5973,76.96312754479655
49177,24115,23.416081530643314,49177,RIONEGRO DEL PUENTE,234,42.005835,-6.226713,24115,Base PONFERRADA,42.547681,-6.5973,85.85896561235883
49181,24115,18.9667787716393,49181,ROSINOS DE LA REQUEJADA,305,42.089354,-6.536089,24115,Base PONFERRADA,42.547681,-6.5973,69.54485549601077
49187,24089,21.81281295862969,49187,SAN CRISTÓBAL DE ENTREVIÑAS,1318,42.046925,-5.633942,24089,Base LEÓN,42.599121,-5.567076,79.98031418164219
49189,24115,17.573534006287346,49189,SAN JUSTO,215,42.133534,-6.623912,24115,Base PONFERRADA,42.547681,-6.5973,64.43629135638693
49193,49275,23.012723841262194,49193,SAN PEDRO DE CEQUE,421,42.043789,-6.072703,49275,Base ZAMORA,41.49914,-5.754948,84.37998741796137
49197,49275,10.174918712017977,49197,SANTA CLARA DE AVEDILLO,159,41.338576,-5.677898,49275,Base ZAMORA,41.49914,-5.754948,37.30803527739925
49201,49275,20.51006984136112,49201,SANTA CROYA DE TERA,260,41.983568,-5.974788,49275,Base ZAMORA,41.49914,-5.754948,75.20358941832411
49202,49275,11.351253566634469,49202,SANTA EUFEMIA DEL BARCO,169,41.678493,-5.899538,49275,Base ZAMORA,41.49914,-5.754948,41.62126307765972
49203,24089,21.511892374807015,49203,SANTA MARÍA DE LA VEGA,290,42.085074,-5.809914,24089,Base LEÓN,42.599121,-5.567076,78.87693870762573
49204,49275,18.839386505034547,49204,SANTA MARÍA DE VALVERDE,51,41.93514,-5.935507,49275,Base ZAMORA,41.49914,-5.754948,69.07775051846001
49205,49275,20.2480472416808,49205,SANTIBÁÑEZ DE TERA,358,41.98576,-5.924556,49275,Base ZAMORA,41.49914,-5.754948,74.24283988616294
49207,49275,16.581646266017668,49207,SANTOVENIA,227,41.879481,-5.708693,49275,Base ZAMORA,41.49914,-5.754948,60.799369642064775
49210,49275,9.71403595305249,49210,SANZOLES,466,41.4326,-5.567473,49275,Base ZAMORA,41.49914,-5.754948,35.61813182785913
49214,49275,15.908183172756017,49214,TÁBARA,748,41.824648,-5.959828,49275,Base ZAMORA,41.49914,-5.754948,58.33000496677206
49219,49275,13.206537178889374,49219,TORO,8369,41.51991,-5.394642,49275,Base ZAMORA,41.49914,-5.754948,48.4239696559277
49222,49275,9.038170327492725,49222,TORRES DEL CARRIZAL,407,41.616409,-5.670646,49275,Base ZAMORA,41.49914,-5.754948,33.13995786747333
49227,49275,6.502611210591487,49227,VALCABADO,415,41.548464,-5.748651,49275,Base ZAMORA,41.49914,-5.754948,23.842907772168786
49231,49275,22.299899879862714,49231,VEGA DE TERA,287,41.998292,-6.12514,49275,Base ZAMORA,41.49914,-5.754948,81.76629955949662
49237,49275,12.321439929652804,49237,VIDEMALA,140,41.612033,-6.040129,49275,Base ZAMORA,41.49914,-5.754948,45.17861307539361
49238,49275,21.829270350175317,49238,VILLABRÁZARO,263,42.053728,-5.728174,49275,Base ZAMORA,41.49914,-5.754948,80.04065795064282
49242,49275,16.069470330036744,49242,VILLAFÁFILA,440,41.848791,-5.61465,49275,Base ZAMORA,41.49914,-5.754948,58.92139121013472
49243,24089,21.52435499662514,49243,VILLAFERRUEÑA,106,42.098723,-5.858886,24089,Base LEÓN,42.599121,-5.567076,78.92263498762551
49244,24089,21.97125368131603,49244,VILLAGERIZ,64,42.118356,-5.954721,24089,Base LEÓN,42.599121,-5.567076,80.56126349815877
49245,49275,8.773450950167485,49245,VILLALAZÁN,248,41.494172,-5.588951,49275,Base ZAMORA,41.49914,-5.754948,32.169320150614105
49247,49275,11.662279090791447,49247,VILLALCAMPO,379,41.523046,-6.046584,49275,Base ZAMORA,41.49914,-5.754948,42.76168999956864
49257,49275,19.62914102875209,49257,VILLANUEVA DE AZOAGUE,381,41.976861,-5.665146,49275,Base ZAMORA,41.49914,-5.754948,71.97351710542434
49258,49275,9.388556894354526,49258,VILLANUEVA DE CAMPEÁN,117,41.354861,-5.769888,49275,Base ZAMORA,41.49914,-5.754948,34.42470861263326
49263,49275,20.963294575444923,49263,VILLAR DE FALLAVES,49,41.924957,-5.34039,49275,Base ZAMORA,41.49914,-5.754948,76.86541344329805
49264,49275,16.202432605884127,49264,VILLAR DEL BUEY,514,41.332824,-6.194783,49275,Base ZAMORA,41.49914,-5.754948,59.408919554908465
49261,49275,6.656210116750368,49261,VILLARALBO,1805,41.491481,-5.682754,49275,Base ZAMORA,41.49914,-5.754948,24.406103761418017
49266,49275,16.701203550738413,49266,VILLÁRDIGA,62,41.818767,-5.465643,49275,Base ZAMORA,41.49914,-5.754948,61.23774635270752
49271,49275,17.84522017818744,49271,VILLAVEZA DEL AGUA,163,41.918902,-5.67901,49275,Base ZAMORA,41.49914,-5.754948,65.43247398668727
49275,49275,5.0,49275,ZAMORA,59506,41.49914,-5.754948,49275,Base ZAMORA,41.49914,-5.754948,18.333333333333332
5012,5019,13.751070088827403,5012,AMAVIDA,133,40.571482,-5.061232,5019,Base ÁVILA,40.65587,-4.697713,50.42059032570048
5014,5019,21.32118640720176,5014,ARENAS DE SAN PEDRO,6438,40.208689,-5.091146,5019,Base ÁVILA,40.65587,-4.697713,78.17768349307312
5017,5019,10.023490953003758,5017,AVEINTE,73,40.783146,-4.837601,5019,Base ÁVILA,40.65587,-4.697713,36.75280016101378
5018,5019,22.85838982178276,5018,AVELLANEDA,23,40.388659,-5.388061,5019,Base ÁVILA,40.65587,-4.697713,83.81409601320345
5019,5019,5.0,5019,ÁVILA,58111,40.65587,-4.697713,5019,Base ÁVILA,40.65587,-4.697713,18.333333333333332
5024,37274,22.064302605656138,5024,BECEDAS,151,40.405156,-5.634561,37274,Base SALAMANCA,40.967368,-5.665381,80.90244288740584
5025,5019,20.007565111930706,5025,BECEDILLAS,69,40.538627,-5.330911,5019,Base ÁVILA,40.65587,-4.697713,73.36107207707926
5026,5019,18.392105171197624,5026,BERCIAL DE ZAPARDIEL,173,41.046215,-4.970729,5019,Base ÁVILA,40.65587,-4.697713,67.43771896105795
5033,5019,15.014609704297792,5033,BLASCOMILLÁN,170,40.801653,-5.088727,5019,Base ÁVILA,40.65587,-4.697713,55.05356891575857
5038,5019,18.60239342556904,5038,BONILLA DE LA SIERRA,163,40.530831,-5.264991,5019,Base ÁVILA,40.65587,-4.697713,68.20877589375314
5039,5019,11.71828503599381,5039,BRABOS,35,40.780343,-4.939506,5019,Base ÁVILA,40.65587,-4.697713,42.96704513197731
5040,5019,9.367415912622644,5040,BULARROS,55,40.72401,-4.865041,5019,Base ÁVILA,40.65587,-4.697713,34.34719167961636
5041,5019,12.548880934092082,5041,BURGOHONDO,1249,40.416143,-4.785928,5019,Base ÁVILA,40.65587,-4.697713,46.0125634250043
5043,5019,17.020683232998863,5043,CABEZAS DEL POZO,82,41.001232,-4.954812,5019,Base ÁVILA,40.65587,-4.697713,62.409171854329166
5044,5019,16.964949826203583,5044,CABEZAS DEL VILLAR,224,40.716278,-5.211887,5019,Base ÁVILA,40.65587,-4.697713,62.20481602941314
5047,5019,24.732454279294053,5047,CANDELEDA,5031,40.152483,-5.239149,5019,Base ÁVILA,40.65587,-4.697713,90.68566569074486
5049,5019,7.82526744135304,5049,CARDEÑOSA,419,40.742284,-4.743634,5019,Base ÁVILA,40.65587,-4.697713,28.692647284961144
5052,5019,17.158122455995453,5052,CASAS DEL PUERTO,83,40.528569,-5.198357,5019,Base ÁVILA,40.65587,-4.697713,62.91311567198333
5053,5019,8.021448229264116,5053,CASASOLA,63,40.666857,-4.828254,5019,Base ÁVILA,40.65587,-4.697713,29.41197684063509
5055,5019,15.494638942528502,5055,CASILLAS,669,40.323204,-4.572334,5019,Base ÁVILA,40.65587,-4.697713,56.813676122604505
5058,5019,15.058266737367687,5058,CEPEDA LA MORA,66,40.459157,-5.049197,5019,Base ÁVILA,40.65587,-4.697713,55.21364470368152
5067,5019,11.14734137332136,5067,CHAMARTÍN,62,40.701615,-4.958112,5019,Base ÁVILA,40.65587,-4.697713,40.87358503551165
5065,5019,14.084945496599254,5065,CRESPOS,482,40.873201,-4.969946,5019,Base ÁVILA,40.65587,-4.697713,51.64480015419726
5066,5019,18.11447914207072,5066,CUEVAS DEL VALLE,517,40.294204,-5.009394,5019,Base ÁVILA,40.65587,-4.697713,66.4197568542593
5903,37274,17.034597467643614,5903,DIEGO DEL CARPIO,106,40.664815,-5.326063,37274,Base SALAMANCA,40.967368,-5.665381,62.460190714693255
5069,5019,14.82436336362717,5069,DONJIMENO,72,40.960049,-4.844981,5019,Base ÁVILA,40.65587,-4.697713,54.35599899996629
5021,37274,23.81849703254039,5021,EL BARCO DE ÁVILA,2297,40.355763,-5.527042,37274,Base SALAMANCA,40.967368,-5.665381,87.33448911931477
5076,5019,6.864775813317155,5076,EL FRESNO,591,40.614189,-4.757287,5019,Base ÁVILA,40.65587,-4.697713,25.17084464882957
5100,5019,20.468697471694735,5100,EL HORNILLO,280,40.249954,-5.103655,5019,Base ÁVILA,40.65587,-4.697713,75.05189072954737
5102,5019,12.865110916000646,5102,EL HOYO DE PINARES,2183,40.502126,-4.422706,5019,Base ÁVILA,40.65587,-4.697713,47.17207335866904
5180,5019,12.983901798807398,5180,EL PARRAL,62,40.797827,-4.990285,5019,Base ÁVILA,40.65587,-4.697713,47.60763992896046
5074,5019,15.37278075066273,5074,FONTIVEROS,725,40.930272,-4.967436,5019,Base ÁVILA,40.65587,-4.697713,56.36686275243001
5075,5019,17.97653910573674,5075,FRESNEDILLA,97,40.231956,-4.621118,5019,Base ÁVILA,40.65587,-4.697713,65.91397672103471
5086,5019,16.8527017552166,5086,GIMIALCÓN,66,40.877314,-5.122944,5019,Base ÁVILA,40.65587,-4.697713,61.79323976912753
5099,37274,18.47981903842387,5099,HORCAJO DE LAS TORRES,441,41.064882,-5.09062,37274,Base SALAMANCA,40.967368,-5.665381,67.75933647422086
5101,5019,15.073364152872399,5101,HOYOCASERO,311,40.399508,-4.975607,5019,Base ÁVILA,40.65587,-4.697713,55.26900189386546
5103,37274,21.402959621368527,5103,HOYORREDONDO,59,40.462352,-5.409823,37274,Base SALAMANCA,40.967368,-5.665381,78.4775186116846
5107,5019,14.570671391094047,5107,HURTUMPASCUAL,42,40.692758,-5.110978,5019,Base ÁVILA,40.65587,-4.697713,53.42579510067817
5108,37274,22.05330524642289,5108,JUNCIANA,40,40.411024,-5.557415,37274,Base SALAMANCA,40.967368,-5.665381,80.86211923688393
5010,37274,22.920310681305985,5010,LA ALDEHUELA,143,40.409487,-5.40843,37274,Base SALAMANCA,40.967368,-5.665381,84.04113916478862
5061,5019,6.606731117059755,5061,LA COLILLA,375,40.646739,-4.766502,5019,Base ÁVILA,40.65587,-4.697713,24.224680762552435
5232,5019,7.307091396512039,5232,LA SERRADA,135,40.631473,-4.79268,5019,Base ÁVILA,40.65587,-4.697713,26.792668453877475
5247,5019,11.477265990617063,5247,LA TORRE,38,40.588577,-4.964783,5019,Base ÁVILA,40.65587,-4.697713,42.083308632262565
5109,5019,16.28980979630539,5109,LANGA,450,41.007554,-4.859111,5019,Base ÁVILA,40.65587,-4.697713,59.729302586453095
5116,37274,20.35143639712637,5116,MALPARTIDA DE CORNEJA,91,40.520691,-5.350993,37274,Base SALAMANCA,40.967368,-5.665381,74.62193345613002
5124,37274,21.03719910450331,5124,MEDINILLA,77,40.439747,-5.618264,37274,Base SALAMANCA,40.967368,-5.665381,77.13639671651214
5136,5019,12.748076447271904,5136,MUÑICO,80,40.706625,-5.027907,5019,Base ÁVILA,40.65587,-4.697713,46.74294697333032
5141,5019,7.906844283311398,5141,MUÑOPEPE,104,40.633594,-4.820583,5019,Base ÁVILA,40.65587,-4.697713,28.991762372141793
5147,5019,15.346504635235526,5147,NARROS DEL CASTILLO,152,40.858961,-5.059632,5019,Base ÁVILA,40.65587,-4.697713,56.2705169958636
5148,5019,12.576862033513196,5148,NARROS DEL PUERTO,28,40.540633,-4.989677,5019,Base ÁVILA,40.65587,-4.697713,46.11516078954838
5152,5019,14.949851326419793,5152,NAVA DE ARÉVALO,663,40.978531,-4.776308,5019,Base ÁVILA,40.65587,-4.697713,54.81612153020591
5154,5019,16.30667489533851,5154,NAVADIJOS,29,40.42559,-5.083563,5019,Base ÁVILA,40.65587,-4.697713,59.79114128290787
5155,5019,19.463482672046425,5155,NAVAESCURIAL,53,40.471606,-5.276775,5019,Base ÁVILA,40.65587,-4.697713,71.36610313083689
5158,5019,11.13269223315102,5158,NAVALMORAL,412,40.459867,-4.763238,5019,Base ÁVILA,40.65587,-4.697713,40.81987152155374
5167,5019,14.946731412186884,5167,NAVARREVISCA,299,40.364228,-4.895118,5019,Base ÁVILA,40.65587,-4.697713,54.80468184468524
5182,5019,18.4766177507003,5182,PEDRO BERNARDO,758,40.243188,-4.914357,5019,Base ÁVILA,40.65587,-4.697713,67.74759841923444
5184,40194,15.114893207308604,5184,PEGUERINOS,294,40.626523,-4.233316,40194,Base SEGOVIA,40.94987,-4.125241,55.42127509346488
5188,5019,14.203562392692694,5188,POVEDA,33,40.566287,-5.079677,5019,Base ÁVILA,40.65587,-4.697713,52.07972877320654
5190,5019,9.418997189164907,5190,POZANCO,60,40.800005,-4.669456,5019,Base ÁVILA,40.65587,-4.697713,34.53632302693799
5191,5019,14.2082605578686,5191,PRADOSEGAR,117,40.548779,-5.071943,5019,Base ÁVILA,40.65587,-4.697713,52.09695537885153
5192,37274,25.563829676016145,5192,PUERTO CASTILLA,98,40.289822,-5.629439,37274,Base SALAMANCA,40.967368,-5.665381,93.73404214539254
5194,5019,10.930674435264116,5194,RIOCABADO,125,40.833376,-4.806052,5019,Base ÁVILA,40.65587,-4.697713,40.07913959596843
5200,37274,20.763773421091088,5200,SAN BARTOLOMÉ DE CORNEJA,35,40.492875,-5.385253,37274,Base SALAMANCA,40.967368,-5.665381,76.13383587733398
5206,5019,8.209300432777228,5206,SAN ESTEBAN DE LOS PATOS,20,40.746082,-4.624733,5019,Base ÁVILA,40.65587,-4.697713,30.100768253516502
5208,5019,19.029786642879493,5208,SAN ESTEBAN DE ZAPARDIEL,40,41.092158,-4.901236,5019,Base ÁVILA,40.65587,-4.697713,69.77588435722481
5207,5019,18.235757980756112,5207,SAN ESTEBAN DEL VALLE,734,40.27572,-4.97955,5019,Base ÁVILA,40.65587,-4.697713,66.86444592943907
5901,5019,20.59588691189356,5901,SAN JUAN DE GREDOS,228,40.360573,-5.251496,5019,Base ÁVILA,40.65587,-4.697713,75.51825201027638
5212,5019,11.596402179206859,5212,SAN JUAN DEL MOLINILLO,234,40.458927,-4.819256,5019,Base ÁVILA,40.65587,-4.697713,42.52014132375848
5214,37274,23.55012281162991,5214,SAN LORENZO DE TORMES,30,40.370756,-5.487407,37274,Base SALAMANCA,40.967368,-5.665381,86.35045030930968
5215,5019,17.600087742387597,5215,SAN MARTÍN DE LA VEGA DEL ALBERCHE,153,40.429712,-5.156375,5019,Base ÁVILA,40.65587,-4.697713,64.53365505542118
5216,5019,17.01105007094796,5216,SAN MARTÍN DEL PIMPOLLAR,219,40.368438,-5.056128,5019,Base ÁVILA,40.65587,-4.697713,62.37385026014252
5217,5019,19.493004062460685,5217,SAN MIGUEL DE CORNEJA,70,40.487724,-5.286652,5019,Base ÁVILA,40.65587,-4.697713,71.47434822902251
5204,5019,12.641003329426916,5204,SANCHIDRIÁN,708,40.891981,-4.581562,5019,Base ÁVILA,40.65587,-4.697713,46.35034554123202
5226,37274,23.239783922110966,5226,SANTA MARÍA DE LOS CABALLEROS,72,40.388177,-5.451576,37274,Base SALAMANCA,40.967368,-5.665381,85.21254104774022
5224,5019,10.445825109282765,5224,SANTA MARÍA DEL ARROYO,102,40.604132,-4.924298,5019,Base ÁVILA,40.65587,-4.697713,38.3013587340368
5227,5019,16.166630401312695,5227,SANTA MARÍA DEL TIÉTAR,553,40.304015,-4.554992,5019,Base ÁVILA,40.65587,-4.697713,59.27764480481322
5904,5019,23.93794557881651,5904,SANTIAGO DEL TORMES,107,40.330423,-5.398553,5019,Base ÁVILA,40.65587,-4.697713,87.77246712232721
5239,5019,9.922477584524232,5239,SOTALBO,245,40.541955,-4.850005,5019,Base ÁVILA,40.65587,-4.697713,36.38241780992219
5242,5019,13.479894056211528,5242,TIÑOSILLOS,756,40.934525,-4.728461,5019,Base ÁVILA,40.65587,-4.697713,49.42627820610893
5246,5019,18.23902157604872,5246,TÓRTOLES,212,40.561768,-5.259242,5019,Base ÁVILA,40.65587,-4.697713,66.87641244551197
5249,37274,24.855074744199765,5249,UMBRÍAS,100,40.315809,-5.580647,37274,Base SALAMANCA,40.967368,-5.665381,91.1352740620658
5254,5019,10.87464759185789,5254,VELAYOS,217,40.84103,-4.622553,5019,Base ÁVILA,40.65587,-4.697713,39.873707836812265
5256,5019,10.113776136341933,5256,VILLAFLOR,99,40.758946,-4.873765,5019,Base ÁVILA,40.65587,-4.697713,37.083845833253754
5905,5019,13.882050749341959,5905,VILLANUEVA DE ÁVILA,227,40.378773,-4.822505,5019,Base ÁVILA,40.65587,-4.697713,50.90085274758718
5258,5019,11.921846988533975,5258,VILLANUEVA DE GÓMEZ,115,40.883687,-4.716242,5019,Base ÁVILA,40.65587,-4.697713,43.713438957957905
5261,37274,20.8589880851345,5261,VILLAR DE CORNEJA,36,40.47509,-5.432537,37274,Base SALAMANCA,40.967368,-5.665381,76.48295631215983
5262,5019,18.173340215501124,5262,VILLAREJO DEL VALLE,314,40.285923,-4.996998,5019,Base ÁVILA,40.65587,-4.697713,66.63558079017079
5266,37274,18.26658822754106,5266,ZAPARDIEL DE LA CAÑADA,84,40.605951,-5.339833,37274,Base SALAMANCA,40.967368,-5.665381,66.97749016765056
5267,5019,22.162137667417273,5267,ZAPARDIEL DE LA RIBERA,92,40.354693,-5.327859,5019,Base ÁVILA,40.65587,-4.697713,81.26117144719667
9010,9059,13.726245228372404,9010,ALCOCERO DE MOLA,41,42.473768,-3.358359,9059,Base BURGOS,42.34113,-3.704198,50.32956583736548
9907,9059,6.505111694593268,9907,ALFOZ DE QUINTANADUEÑAS,2133,42.384825,-3.736053,9059,Base BURGOS,42.34113,-3.704198,23.852076213508646
9013,9059,21.100894466165705,9013,ALTABLE,47,42.603083,-3.078105,9059,Base BURGOS,42.34113,-3.704198,77.36994637594093
9022,9059,22.64488868940406,9022,ARAUZO DE TORRE,61,41.797967,-3.423186,9059,Base BURGOS,42.34113,-3.704198,83.03125852781488
9023,9059,7.5999010874332384,9023,ARCOS,1835,42.264695,-3.756698,9059,Base BURGOS,42.34113,-3.704198,27.866303987255208
9024,9059,16.88003434387796,9024,ARENILLAS DE RIOPISUERGA,166,42.35737,-4.233808,9059,Base BURGOS,42.34113,-3.704198,61.89345926088585
9032,9059,16.188565075634628,9032,AVELLANOSA DE MUÑÓ,96,41.983563,-3.826852,9059,Base BURGOS,42.34113,-3.704198,59.35807194399363
9036,9059,15.619100172449322,9036,BAÑUELOS DE BUREBA,31,42.500548,-3.281861,9059,Base BURGOS,42.34113,-3.704198,57.27003396564751
9039,9059,17.64441843409518,9039,BARBADILLO DEL PEZ,66,42.118805,-3.227823,9059,Base BURGOS,42.34113,-3.704198,64.69620092501566
9050,9059,27.65448781453974,9050,BERBERANA,48,42.918251,-3.05949,9059,Base BURGOS,42.34113,-3.704198,101.39978865331237
9058,9059,7.789108968475217,9058,BUNIEL,612,42.31063,-3.821557,9059,Base BURGOS,42.34113,-3.704198,28.56006621774246
9060,9059,18.748710427363,9060,BUSTO DE BUREBA,143,42.659547,-3.266469,9059,Base BURGOS,42.34113,-3.704198,68.74527156699767
9062,9059,21.129732739178937,9062,CABEZÓN DE LA SIERRA,36,41.934914,-3.241174,9059,Base BURGOS,42.34113,-3.704198,77.47568671032276
9064,9059,21.39408696084583,9064,CALERUEGA,400,41.825032,-3.487403,9059,Base BURGOS,42.34113,-3.704198,78.44498552310138
9075,9059,8.275364676710074,9075,CARDEÑUELA RIOPICO,111,42.359683,-3.560227,9059,Base BURGOS,42.34113,-3.704198,30.343003814603605
9078,9059,15.888582329963588,9078,CASCAJARES DE LA SIERRA,27,42.062047,-3.399249,9059,Base BURGOS,42.34113,-3.704198,58.258135209866495
9079,9059,12.434202972431835,9079,CASTELLANOS DE CASTRO,46,42.328938,-4.035413,9059,Base BURGOS,42.34113,-3.704198,45.592077565583395
9093,9059,8.322713145059506,9093,CAYUELA,189,42.272369,-3.819544,9059,Base BURGOS,42.34113,-3.704198,30.51661486521819
9098,9059,18.517951209583046,9098,CEREZO DE RÍO TIRÓN,490,42.492707,-3.136381,9059,Base BURGOS,42.34113,-3.704198,67.89915443513783
9101,9059,12.57738275851218,9101,CIADONCHA,70,42.158508,-3.934581,9059,Base BURGOS,42.34113,-3.704198,46.11707011454465
9108,9059,9.234000774176362,9108,COGOLLOS,677,42.201566,-3.699014,9059,Base BURGOS,42.34113,-3.704198,33.85800283864666
9110,9059,16.822234345434456,9110,CONTRERAS,87,42.018329,-3.409242,9059,Base BURGOS,42.34113,-3.704198,61.68152593325968
9120,9059,22.02649331225902,9120,ENCÍO,41,42.670466,-3.087389,9059,Base BURGOS,42.34113,-3.704198,80.76380881161641
9122,9059,19.485994901409224,9122,ESPINOSA DE CERVERA,85,41.896508,-3.468801,9059,Base BURGOS,42.34113,-3.704198,71.44864797183382
9128,9059,8.146935368747457,9128,FRANDOVÍNEZ,96,42.309611,-3.837924,9059,Base BURGOS,42.34113,-3.704198,29.87209635207401
9134,9059,20.690325447469533,9134,FRÍAS,270,42.760785,-3.293395,9059,Base BURGOS,42.34113,-3.704198,75.86452664072162
9139,34120,24.728909833334708,9139,FUENTEMOLINOS,91,41.604822,-3.849465,34120,Base PALENCIA,42.007837,-4.534601,90.67266938889392
9148,9059,14.661451195401249,9148,GRIJALBA,112,42.429698,-4.11852,9059,Base BURGOS,42.34113,-3.704198,53.75865438313791
9151,9059,22.222345695272704,9151,GUMIEL DE IZÁN,584,41.773345,-3.688214,9059,Base BURGOS,42.34113,-3.704198,81.48193421599991
9152,9059,22.88805182342251,9152,GUMIEL DE MERCADO,380,41.755824,-3.802723,9059,Base BURGOS,42.34113,-3.704198,83.92285668588254
9159,9059,12.680252950471617,9159,HONTANAS,71,42.31242,-4.044546,9059,Base BURGOS,42.34113,-3.704198,46.49426081839593
9162,9059,9.810045978789004,9162,HONTORIA DE LA CANTERA,174,42.189058,-3.643288,9059,Base BURGOS,42.34113,-3.704198,35.97016858889302
9169,9059,15.34422248543188,9169,HORTIGÜELA,107,42.068702,-3.427092,9059,Base BURGOS,42.34113,-3.704198,56.262149113250224
9180,9059,11.527479277699658,9180,IGLESIAS,141,42.298048,-3.989414,9059,Base BURGOS,42.34113,-3.704198,42.267424018232084
9182,34120,15.769645860965591,9182,ITERO DEL CASTILLO,71,42.289284,-4.242485,34120,Base PALENCIA,42.007837,-4.534601,57.8220348235405
9183,9059,16.120379250058335,9183,JARAMILLO DE LA FUENTE,47,42.115902,-3.313397,9059,Base BURGOS,42.34113,-3.704198,59.10805725021389
9189,9059,27.3618271869653,9189,JUNTA DE TRASLALOMA,122,43.041237,-3.389253,9059,Base BURGOS,42.34113,-3.704198,100.32669968553942
9144,9059,21.670503668199075,9144,LA GALLEGA,39,41.898962,-3.263872,9059,Base BURGOS,42.34113,-3.704198,79.45851345006328
9365,40194,24.874323407861915,9365,LA SEQUERA DE HAZA,27,41.56293,-3.817123,40194,Base SEGOVIA,40.94987,-4.125241,91.20585249549369
9422,9059,17.433891649476102,9422,LA VID DE BUREBA,24,42.631452,-3.311597,9059,Base BURGOS,42.34113,-3.704198,63.92426938141237
9195,9059,15.224072879032894,9195,LLANO DE BUREBA,49,42.624939,-3.45744,9059,Base BURGOS,42.34113,-3.704198,55.821600556453944
9014,9059,19.23490015349755,9014,LOS ALTOS,186,42.807592,-3.63302,9059,Base BURGOS,42.34113,-3.704198,70.52796722949101
9043,9059,16.591418114728484,9043,LOS BARRIOS DE BUREBA,178,42.64604,-3.391597,9059,Base BURGOS,42.34113,-3.704198,60.83519975400444
9196,9059,11.0096542761504,9196,MADRIGAL DEL MONTE,143,42.144064,-3.675993,9059,Base BURGOS,42.34113,-3.704198,40.3687323458848
9199,34120,21.169936106183343,9199,MAMBRILLA DE CASTREJÓN,107,41.665996,-3.985356,34120,Base PALENCIA,42.007837,-4.534601,77.62309905600559
9202,9059,11.418050693880081,9202,MANCILES,21,42.455801,-3.94507,9059,Base BURGOS,42.34113,-3.704198,41.8661858775603
9206,9059,11.296445483729212,9206,MAZUELA,56,42.207224,-3.918643,9059,Base BURGOS,42.34113,-3.704198,41.42030010700711
9208,9059,13.002243221418563,9208,MECERREYES,188,42.095533,-3.573897,9059,Base BURGOS,42.34113,-3.704198,47.674891811868065
9211,9059,17.24015400253195,9211,MELGAR DE FERNAMENTAL,1513,42.405445,-4.24356,9059,Base BURGOS,42.34113,-3.704198,63.21389800928382
9217,9059,20.287541703628015,9217,MERINDAD DE VALDIVIELSO,401,42.831018,-3.542716,9059,Base BURGOS,42.34113,-3.704198,74.38765291330272
9218,40194,26.323812200382505,9218,MILAGROS,415,41.575322,-3.697792,40194,Base SEGOVIA,40.94987,-4.125241,96.52064473473585
9219,9059,24.70735549176266,9219,MIRANDA DE EBRO,36018,42.680521,-2.952396,9059,Base BURGOS,42.34113,-3.704198,90.59363680312975
9223,9059,19.456972941858346,9223,MONASTERIO DE LA SIERRA,40,42.050868,-3.193746,9059,Base BURGOS,42.34113,-3.704198,71.34223412014727
9230,9059,18.3452192662318,9230,NAVAS DE BUREBA,24,42.682345,-3.327205,9059,Base BURGOS,42.34113,-3.704198,67.26580397618328
9236,9059,11.76279879325804,9236,OLMILLOS DE MUÑÓ,40,42.202323,-3.940072,9059,Base BURGOS,42.34113,-3.704198,43.13026224194615
9242,9059,15.781569445505108,9242,PADILLA DE ABAJO,67,42.408311,-4.176777,9059,Base BURGOS,42.34113,-3.704198,57.865754633518726
9247,34120,16.946614190271937,9247,PALACIOS DE RIOPISUERGA,18,42.343614,-4.256606,34120,Base PALENCIA,42.007837,-4.534601,62.137585364330434
9256,34120,20.24588300415821,9256,PEDROSA DE DUERO,460,41.712635,-3.988208,34120,Base PALENCIA,42.007837,-4.534601,74.2349043485801
9259,9059,8.359689429233978,9259,PEDROSA DE RÍO ÚRBEL,243,42.410283,-3.821361,9059,Base BURGOS,42.34113,-3.704198,30.652194573857916
9270,9059,19.301754771210753,9270,PINILLA TRASMONTE,161,41.873729,-3.619537,9059,Base BURGOS,42.34113,-3.704198,70.77310082777277
9272,9059,15.839580673012819,9272,POZA DE LA SAL,283,42.665829,-3.501498,9059,Base BURGOS,42.34113,-3.704198,58.07846246771366
9274,9059,16.30796911140532,9274,PRADOLUENGO,1070,42.32375,-3.20034,9059,Base BURGOS,42.34113,-3.704198,59.79588674181951
9275,9059,11.468260793314993,9275,PRESENCIO,207,42.186635,-3.902904,9059,Base BURGOS,42.34113,-3.704198,42.05028957548831
9279,9059,24.635187951782388,9279,QUEMADA,238,41.700657,-3.576387,9059,Base BURGOS,42.34113,-3.704198,90.32902248986876
9283,9059,18.467985541422514,9283,QUINTANAÉLEZ,47,42.669814,-3.299072,9059,Base BURGOS,42.34113,-3.704198,67.7159469852159
9292,9059,12.533378968326115,9292,QUINTANAVIDES,64,42.478929,-3.424257,9059,Base BURGOS,42.34113,-3.704198,45.95572288386242
9304,9059,7.925148053501406,9304,RABÉ DE LAS CALZADAS,250,42.340219,-3.834689,9059,Base BURGOS,42.34113,-3.704198,29.058876196171823
9309,42173,18.120556827120446,9309,REGUMIEL DE LA SIERRA,301,41.95799,-2.985016,42173,Base SORIA,41.763279,-2.466248,66.44204169944163
9311,9059,15.436846998233381,9311,RETUERTA,59,42.030106,-3.505357,9059,Base BURGOS,42.34113,-3.704198,56.60177232685574
9318,9059,17.701991766033963,9318,RIOCAVADO DE LA SIERRA,55,42.153986,-3.197992,9059,Base BURGOS,42.34113,-3.704198,64.90730314212453
9337,9059,25.337779663460886,9337,SAN JUAN DEL MONTE,152,41.6844,-3.521306,9059,Base BURGOS,42.34113,-3.704198,92.90519209935658
9338,9059,7.039840578270491,9338,SAN MAMÉS DE BURGOS,310,42.337529,-3.795067,9059,Base BURGOS,42.34113,-3.704198,25.8127487869918
9343,9059,14.044059892274285,9343,SANTA CECILIA,105,42.052273,-3.804323,9059,Base BURGOS,42.34113,-3.704198,51.49488627167238
9345,9059,27.764825158789137,9345,SANTA CRUZ DE LA SALCEDA,134,41.594866,-3.594931,9059,Base BURGOS,42.34113,-3.704198,101.80435891556017
9346,9059,15.851534752334612,9346,SANTA CRUZ DEL VALLE URBIÓN,103,42.304796,-3.222726,9059,Base BURGOS,42.34113,-3.704198,58.12229409189358
9350,9059,13.810047993233109,9350,SANTA MARÍA DEL CAMPO,523,42.131551,-3.975927,9059,Base BURGOS,42.34113,-3.704198,50.636842641854734
9351,9059,11.710646367343841,9351,SANTA MARÍA DEL INVIERNO,67,42.44332,-3.438439,9059,Base BURGOS,42.34113,-3.704198,42.93903668026075
9353,9059,19.86523793671536,9353,SANTA MARÍA RIBARREDONDA,95,42.642595,-3.180009,9059,Base BURGOS,42.34113,-3.704198,72.83920576795633
9362,9059,7.515569903419847,9362,SARRACÍN,261,42.258302,-3.698087,9059,Base BURGOS,42.34113,-3.704198,27.557089645872768
9366,9059,16.26780418523242,9366,SOLARANA,77,41.971151,-3.65805,9059,Base BURGOS,42.34113,-3.704198,59.648615345852214
9373,9059,17.825545101339248,9373,SOTRESGUDO,420,42.579046,-4.178153,9059,Base BURGOS,42.34113,-3.704198,65.36033203824391
9377,9059,7.595451712742293,9377,TARDAJOS,864,42.349245,-3.819473,9059,Base BURGOS,42.34113,-3.704198,27.84998961338841
9378,9059,17.374388350069644,9378,TEJADA,35,41.952507,-3.536417,9059,Base BURGOS,42.34113,-3.704198,63.706090616922026
9380,9059,21.146456643249753,9380,TERRADILLOS DE ESGUEVA,64,41.818893,-3.843905,9059,Base BURGOS,42.34113,-3.704198,77.53700769191576
9381,9059,14.198913770587836,9381,TINIEBLAS DE LA SIERRA,23,42.173398,-3.362716,9059,Base BURGOS,42.34113,-3.704198,52.06268382548873
9384,9059,14.708183921572497,9384,TORDÓMAR,298,42.044611,-3.867057,9059,Base BURGOS,42.34113,-3.704198,53.930007712432484
9389,9059,15.430459685543488,9389,TORREPADRE,65,42.043611,-3.937123,9059,Base BURGOS,42.34113,-3.704198,56.578352180326114
9391,34120,17.948597070779236,9391,TÓRTOLES DE ESGUEVA,387,41.816597,-4.021598,34120,Base PALENCIA,42.007837,-4.534601,65.8115225928572
9392,9059,15.56334405220089,9392,TOSANTOS,53,42.414224,-3.243166,9059,Base BURGOS,42.34113,-3.704198,57.06559485806993
9400,9059,26.479355821197352,9400,VADOCONDES,364,41.639645,-3.572469,9059,Base BURGOS,42.34113,-3.704198,97.09097134439028
9406,9059,10.109375198479167,9406,VALDORROS,375,42.172685,-3.708987,9059,Base BURGOS,42.34113,-3.704198,37.067709061090284
9411,9059,14.081662919555649,9411,VALLE DE OCA,163,42.436507,-3.319849,9059,Base BURGOS,42.34113,-3.704198,51.632764038370716
9902,9059,9.570135766435913,9902,VALLE DE SANTIBÁÑEZ,479,42.48024,-3.782697,9059,Base BURGOS,42.34113,-3.704198,35.09049781026501
9417,34120,15.092695871526116,9417,VALLEJERA,39,42.182597,-4.152903,34120,Base PALENCIA,42.007837,-4.534601,55.33988486226242
9418,9059,15.748471740831736,9418,VALLES DE PALENZUELA,75,42.120275,-4.078582,9059,Base BURGOS,42.34113,-3.704198,57.7443963830497
9429,9059,11.757669663527164,9429,VILLAESCUSA LA SOMBRÍA,60,42.414572,-3.4194,9059,Base BURGOS,42.34113,-3.704198,43.111455432932935
9430,9059,14.962176662991071,9430,VILLAESPASA,22,42.09805,-3.405823,9059,Base BURGOS,42.34113,-3.704198,54.86131443096726
9431,9059,13.964054295451188,9431,VILLAFRANCA MONTES DE OCA,122,42.388353,-3.309278,9059,Base BURGOS,42.34113,-3.704198,51.20153241665435
9439,9059,6.709930358147672,9439,VILLALBILLA DE BURGOS,1514,42.348089,-3.779903,9059,Base BURGOS,42.34113,-3.704198,24.603077979874797
9440,9059,21.288874695146045,9440,VILLALBILLA DE GUMIEL,74,41.807064,-3.627045,9059,Base BURGOS,42.34113,-3.704198,78.0592072155355
9443,9059,12.263315788634989,9443,VILLAMAYOR DE LOS MONTES,160,42.105904,-3.765088,9059,Base BURGOS,42.34113,-3.704198,44.965491224994956
9449,9059,10.265850795623374,9449,VILLANUEVA DE ARGAÑO,122,42.3807,-3.933011,9059,Base BURGOS,42.34113,-3.704198,37.641452917285704
9456,9059,12.629794553834131,9456,VILLAQUIRÁN DE LOS INFANTES,138,42.228537,-4.008322,9059,Base BURGOS,42.34113,-3.704198,46.30924669739181
9458,9059,7.240429672068981,9458,VILLARIEZO,719,42.270694,-3.734336,9059,Base BURGOS,42.34113,-3.704198,26.548242130919597
9463,9059,11.994805869213396,9463,VILLASUR DE HERREROS,273,42.30861,-3.39534,9059,Base BURGOS,42.34113,-3.704198,43.98095485378245
9466,9059,10.990567355022197,9466,VILLAVERDE DEL MONTE,108,42.160739,-3.812958,9059,Base BURGOS,42.34113,-3.704198,40.29874696841472
9467,9059,14.464549201100695,9467,VILLAVERDE-MOGINA,75,42.161528,-4.04902,9059,Base BURGOS,42.34113,-3.704198,53.03668040403588
9424,9059,18.7530518493735,9424,VILORIA DE RIOJA,37,42.425648,-3.100984,9059,Base BURGOS,42.34113,-3.704198,68.7611901143695
9478,9059,17.238024281659104,9478,VIZCAÍNOS,40,42.100484,-3.26676,9059,Base BURGOS,42.34113,-3.704198,63.20608903275004
24001,24089,21.694546456564026,24001,ACEBEDO,184,43.039405,-5.116544,24089,Base LEÓN,42.599121,-5.567076,79.54667034073476
24002,24089,16.54977086728465,24002,ALGADEFE,301,42.218458,-5.583459,24089,Base LEÓN,42.599121,-5.567076,60.68249318004372
24003,24089,20.126066466369252,24003,ALIJA DEL INFANTADO,573,42.139946,-5.830733,24089,Base LEÓN,42.599121,-5.567076,73.79557704335393
24004,24089,16.99012438809511,24004,ALMANZA,609,42.658876,-5.035873,24089,Base LEÓN,42.599121,-5.567076,62.29712275634874
24008,24089,16.762755277361418,24008,ASTORGA,10308,42.457631,-6.057144,24089,Base LEÓN,42.599121,-5.567076,61.46343601699187
24011,24115,13.749967377174046,24011,BARJAS,145,42.611343,-6.979489,24115,Base PONFERRADA,42.547681,-6.5973,50.416547049638176
24020,24089,23.22281965687327,24020,BOCA DE HUÉRGANO,426,42.972363,-4.925394,24089,Base LEÓN,42.599121,-5.567076,85.15033874186867
24022,24115,8.350116825691769,24022,BORRENES,303,42.491515,-6.726365,24115,Base PONFERRADA,42.547681,-6.5973,30.617095027536486
24026,24089,11.953400919406139,24026,BUSTILLO DEL PÁRAMO,1057,42.441469,-5.792969,24089,Base LEÓN,42.599121,-5.567076,43.82913670448918
24029,24115,20.830734991956202,24029,CABRILLANES,707,42.953056,-6.149395,24115,Base PONFERRADA,42.547681,-6.5973,76.37936163717274
24030,24115,8.27608659303845,24030,CACABELOS,4735,42.599569,-6.725968,24115,Base PONFERRADA,42.547681,-6.5973,30.34565084114098
24031,24089,17.594315895287927,24031,CALZADA DEL COTO,223,42.38907,-5.081194,24089,Base LEÓN,42.599121,-5.567076,64.51249161605574
24032,24089,18.96367582294196,24032,CAMPAZAS,107,42.141933,-5.492976,24089,Base LEÓN,42.599121,-5.567076,69.53347801745385
24038,24115,8.079089699168183,24038,CARRACEDELO,3423,42.551931,-6.735003,24115,Base PONFERRADA,42.547681,-6.5973,29.623328896950003
24040,24089,12.167573894246598,24040,CARROCERA,440,42.79674,-5.743484,24089,Base LEÓN,42.599121,-5.567076,44.61443761223752
24041,24115,9.121200858805528,24041,CARUCEDO,483,42.49019,-6.764367,24115,Base PONFERRADA,42.547681,-6.5973,33.444403148953604
24042,24089,16.946425537279215,24042,CASTILFALÉ,62,42.219999,-5.422142,24089,Base LEÓN,42.599121,-5.567076,62.13689363669046
24046,24089,20.340213271589036,24046,CASTROCALBÓN,913,42.198951,-5.986089,24089,Base LEÓN,42.599121,-5.567076,74.58078199582647
24050,24089,15.460564359119576,24050,CASTROTIERRA DE VALMADRIGAL,105,42.347387,-5.247355,24089,Base LEÓN,42.599121,-5.567076,56.68873598343845
24056,24089,16.646027034732725,24056,CISTIERNA,2905,42.803152,-5.124368,24089,Base LEÓN,42.599121,-5.567076,61.03543246068666
24057,24115,7.74457366599913,24057,CONGOSTO,1425,42.617887,-6.519733,24115,Base PONFERRADA,42.547681,-6.5973,28.39677010866348
24058,24089,11.3199965529123,24058,CORBILLOS DE LOS OTEROS,176,42.406527,-5.45908,24089,Base LEÓN,42.599121,-5.567076,41.5066540273451
24060,24089,18.200014644955417,24060,CRÉMENES,512,42.904089,-5.144123,24089,Base LEÓN,42.599121,-5.567076,66.73338703150318
24066,24115,18.114448364016553,24066,DESTRIANA,424,42.325936,-6.094235,24115,Base PONFERRADA,42.547681,-6.5973,66.41964400139403
24067,24115,13.375064870577498,24067,ENCINEDO,616,42.27152,-6.594486,24115,Base PONFERRADA,42.547681,-6.5973,49.04190452545083
24069,34120,18.420124638077457,24069,ESCOBAR DE CAMPOS,31,42.312917,-4.967052,34120,Base PALENCIA,42.007837,-4.534601,67.54045700628402
24074,24089,18.05376857859094,24074,FUENTES DE CARBAJAL,76,42.178068,-5.445966,24089,Base LEÓN,42.599121,-5.567076,66.19715145483345
24076,24089,9.168672721604135,24076,GARRAFE DE TORÍO,1640,42.732901,-5.524095,24089,Base LEÓN,42.599121,-5.567076,33.61846664588183
24081,24089,12.381208821462799,24081,GUSENDOS DE LOS OTEROS,126,42.3777,-5.43002,24089,Base LEÓN,42.599121,-5.567076,45.39776567869693
24083,24115,13.966140221524777,24083,IGÜEÑA,1049,42.727854,-6.278644,24115,Base PONFERRADA,42.547681,-6.5973,51.209180812257515
24068,24089,15.136666584845019,24068,LA ERCINA,425,42.812913,-5.217414,24089,Base LEÓN,42.599121,-5.567076,55.50111081109841
24087,24089,14.111704268207415,24087,LAGUNA DALGA,626,42.330833,-5.750444,24089,Base LEÓN,42.599121,-5.567076,51.742915650093856
24088,24089,16.13441066570205,24088,LAGUNA DE NEGRILLOS,1046,42.238568,-5.660993,24089,Base LEÓN,42.599121,-5.567076,59.15950577424085
24100,24115,6.767492435341864,24100,MOLINASECA,872,42.537016,-6.51953,24115,Base PONFERRADA,42.547681,-6.5973,24.814138929586832
24101,24115,17.88673702969448,24101,MURIAS DE PAREDES,340,42.850201,-6.191238,24115,Base PONFERRADA,42.547681,-6.5973,65.5847024422131
24102,24115,11.720580407540279,24102,NOCEDA DEL BIERZO,605,42.713043,-6.39677,24115,Base PONFERRADA,42.547681,-6.5973,42.97546149431436
24107,24089,13.458952119926245,24107,PAJARES DE LOS OTEROS,235,42.329063,-5.472444,24089,Base LEÓN,42.599121,-5.567076,49.349491106396236
24108,24089,16.6928130079974,24108,PALACIOS DE LA VALDUERNA,353,42.327787,-5.938418,24089,Base LEÓN,42.599121,-5.567076,61.206981029323806
24115,24115,5.0,24115,PONFERRADA,62994,42.547681,-6.5973,24115,Base PONFERRADA,42.547681,-6.5973,18.333333333333332
24116,24089,27.103868417847497,24116,POSADA DE VALDEÓN,405,43.151061,-4.917466,24089,Base LEÓN,42.599121,-5.567076,99.38085086544083
24117,24089,18.73327275654932,24117,POZUELO DEL PÁRAMO,392,42.171202,-5.767724,24089,Base LEÓN,42.599121,-5.567076,68.68866677401417
24118,24089,18.309488126885572,24118,PRADO DE LA GUZPEÑA,104,42.783605,-5.025284,24089,Base LEÓN,42.599121,-5.567076,67.13478979858044
24119,24115,7.0358008433726695,24119,PRIARANZA DEL BIERZO,699,42.509054,-6.671803,24115,Base PONFERRADA,42.547681,-6.5973,25.79793642569979
24121,24089,18.98443574132686,24121,PUEBLA DE LILLO,654,43.006944,-5.273706,24089,Base LEÓN,42.599121,-5.567076,69.60959771819849
24137,24089,16.824404607278147,24137,SABERO,1021,42.834307,-5.143788,24089,Base LEÓN,42.599121,-5.567076,61.68948356001987
24142,24089,6.140610591703551,24142,SAN ANDRÉS DEL RABANEDO,29884,42.611173,-5.615482,24089,Base LEÓN,42.599121,-5.567076,22.515572169579684
24146,24089,20.633683951956954,24146,SAN ESTEBAN DE NOGALES,243,42.159391,-5.931334,24089,Base LEÓN,42.599121,-5.567076,75.65684115717549
24150,24089,12.035047195610977,24150,SAN PEDRO BERCIANOS,226,42.39232,-5.709636,24089,Base LEÓN,42.599121,-5.567076,44.12850638390691
24143,24115,8.68859844183048,24143,SANCEDO,528,42.666156,-6.634707,24115,Base PONFERRADA,42.547681,-6.5973,31.858194286711765
24153,24089,14.41588750780462,24153,SANTA CRISTINA DE VALMADRIGAL,273,42.353536,-5.309496,24089,Base LEÓN,42.599121,-5.567076,52.8582541952836
24160,24089,11.676998201060767,24160,SANTAS MARTAS,752,42.432409,-5.371958,24089,Base LEÓN,42.599121,-5.567076,42.81566007055615
24161,24115,17.087739320759418,24161,SANTIAGO MILLAS,359,42.381792,-6.105991,24115,Base PONFERRADA,42.547681,-6.5973,62.65504417611787
24162,24089,7.08892499222748,24162,SANTOVENIA DE LA VALDONCINA,2064,42.543049,-5.621404,24089,Base LEÓN,42.599121,-5.567076,25.992724971500763
24165,24115,10.768028229126966,24165,SOBRADO,282,42.519971,-6.852664,24115,Base PONFERRADA,42.547681,-6.5973,39.48277017346554
24166,24089,15.716716018876383,24166,SOTO DE LA VEGA,1493,42.332649,-5.881722,24089,Base LEÓN,42.599121,-5.567076,57.62795873588008
24167,24089,13.90758840970652,24167,SOTO Y AMÍO,717,42.775636,-5.88647,24089,Base LEÓN,42.599121,-5.567076,50.99449083559057
24168,24089,15.760051209751785,24168,TORAL DE LOS GUZMANES,499,42.244307,-5.567303,24089,Base LEÓN,42.599121,-5.567076,57.786854435756545
24206,24115,8.745995277260405,24206,TORAL DE LOS VADOS,1753,42.580225,-6.759088,24115,Base PONFERRADA,42.547681,-6.5973,32.06864934995482
24169,24115,9.940267297183068,24169,TORENO,2855,42.697568,-6.510576,24115,Base PONFERRADA,42.547681,-6.5973,36.44764675633792
24170,24115,11.338150998941334,24170,TORRE DEL BIERZO,1968,42.595035,-6.320879,24115,Base PONFERRADA,42.547681,-6.5973,41.57322032945156
24173,24089,12.15979441926473,24173,TURCIA,986,42.533452,-5.874992,24089,Base LEÓN,42.599121,-5.567076,44.585912870637344
24176,24089,15.278385745958785,24176,VALDEFUENTES DEL PÁRAMO,306,42.322012,-5.831605,24089,Base LEÓN,42.599121,-5.567076,56.02074773518221
24177,24089,16.87299398400171,24177,VALDELUGUEROS,486,42.973928,-5.412899,24089,Base LEÓN,42.599121,-5.567076,61.86764460800627
24178,24089,17.6187466792817,24178,VALDEMORA,57,42.196026,-5.427281,24089,Base LEÓN,42.599121,-5.567076,64.60207115736623
24180,24089,12.6507476746097,24180,VALDEPOLO,1215,42.576998,-5.225729,24089,Base LEÓN,42.599121,-5.567076,46.386074806902236
24181,24089,21.046039631339035,24181,VALDERAS,1489,42.077659,-5.445728,24089,Base LEÓN,42.599121,-5.567076,77.16881198157645
24182,24089,16.92726879630885,24182,VALDERREY,416,42.392107,-6.020625,24089,Base LEÓN,42.599121,-5.567076,62.06665225313246
24183,24089,20.291280489459844,24183,VALDERRUEDA,821,42.815753,-4.947438,24089,Base LEÓN,42.599121,-5.567076,74.4013617946861
24184,24089,14.340884218075109,24184,VALDESAMARIO,175,42.721508,-5.951445,24089,Base LEÓN,42.599121,-5.567076,52.58324213294206
24190,24089,15.775436571293477,24190,VALVERDE-ENRIQUE,152,42.303853,-5.299186,24089,Base LEÓN,42.599121,-5.567076,57.84326742807608
24196,24115,10.627451219703712,24196,VEGA DE ESPINAREDA,2007,42.728101,-6.656292,24115,Base PONFERRADA,42.547681,-6.5973,38.96732113891361
24198,24115,13.585955739560026,24198,VEGA DE VALCARCE,552,42.665251,-6.947233,24115,Base PONFERRADA,42.547681,-6.5973,49.81517104505343
24199,24089,13.466852676946457,24199,VEGAQUEMADA,437,42.818818,-5.332608,24089,Base LEÓN,42.599121,-5.567076,49.37845981547034
24207,24089,14.969271180916056,24207,VILLADEMOR DE LA VEGA,291,42.270386,-5.568969,24089,Base LEÓN,42.599121,-5.567076,54.887327663358874
24209,24115,10.085521122069865,24209,VILLAFRANCA DEL BIERZO,2659,42.605994,-6.810821,24115,Base PONFERRADA,42.547681,-6.5973,36.98024411425617
24214,24089,15.269313668289646,24214,VILLAMEJIL,653,42.56268,-6.024302,24089,Base LEÓN,42.599121,-5.567076,55.987483450395366
24216,24089,18.005131041947102,24216,VILLAMONTÁN DE LA VALDUERNA,683,42.310162,-5.996561,24089,Base LEÓN,42.599121,-5.567076,66.0188138204727
24217,24089,13.524481530251071,24217,VILLAMORATIEL DE LAS MATAS,120,42.39626,-5.303165,24089,Base LEÓN,42.599121,-5.567076,49.589765610920594
24218,24089,9.331043899348526,24218,VILLANUEVA DE LAS MANZANAS,502,42.471355,-5.480471,24089,Base LEÓN,42.599121,-5.567076,34.21382763094459
24224,24089,13.576301942145,24224,VILLARES DE ÓRBIGO,563,42.470816,-5.909099,24089,Base LEÓN,42.599121,-5.567076,49.779773787865
34001,34120,12.093356792387898,34001,ABARCA DE CAMPOS,38,42.06342,-4.840506,34120,Base PALENCIA,42.007837,-4.534601,44.34230823875563
34003,34120,17.717191136731117,34003,ABIA DE LAS TORRES,170,42.418941,-4.422864,34120,Base PALENCIA,42.007837,-4.534601,64.96303416801409
34005,9059,21.666370332919474,34005,ALAR DEL REY,912,42.660011,-4.31131,9059,Base BURGOS,42.34113,-3.704198,79.4433578873714
34010,34120,11.211440576640303,34010,AMPUDIA,579,41.916286,-4.781006,34120,Base PALENCIA,42.007837,-4.534601,41.10861544768111
34012,34120,14.571219168498933,34012,ANTIGÜEDAD,336,41.945944,-4.1183,34120,Base PALENCIA,42.007837,-4.534601,53.427803617829426
34015,34120,14.840429435416302,34015,ARCONADA,44,42.331152,-4.497386,34120,Base PALENCIA,42.007837,-4.534601,54.41490792985978
34017,34120,12.824262158830843,34017,ASTUDILLO,1039,42.192786,-4.29215,34120,Base PALENCIA,42.007837,-4.534601,47.02229458237976
34020,34120,24.047137269002434,34020,AYUELA,53,42.629231,-4.658231,34120,Base PALENCIA,42.007837,-4.534601,88.17283665300893
34024,34120,10.618662229383794,34024,BAQUERÍN DE CAMPOS,22,42.015331,-4.783756,34120,Base PALENCIA,42.007837,-4.534601,38.93509484107391
34027,9059,26.579049208948014,34027,BARRUELO DE SANTULLÁN,1160,42.908212,-4.288368,9059,Base BURGOS,42.34113,-3.704198,97.45651376614272
34028,34120,25.085473662823155,34028,BÁSCONES DE OJEDA,134,42.670135,-4.527131,34120,Base PALENCIA,42.007837,-4.534601,91.98007009701824
34029,34120,8.861319998365964,34029,BECERRIL DE CAMPOS,757,42.108498,-4.639619,34120,Base PALENCIA,42.007837,-4.534601,32.4915066606752
34034,34120,13.694573641058025,34034,BOADILLA DEL CAMINO,101,42.258538,-4.347031,34120,Base PALENCIA,42.007837,-4.534601,50.21343668387942
34036,9059,27.492298982067016,34036,BRAÑOSERA,253,42.935186,-4.307852,9059,Base BURGOS,42.34113,-3.704198,100.80509626757906
34037,34120,24.268103076261486,34037,BUENAVISTA DE VALDAVIA,296,42.640466,-4.614313,34120,Base PALENCIA,42.007837,-4.534601,88.98304461295878
34039,34120,16.50377814334449,34039,BUSTILLO DEL PÁRAMO DE CARRIÓN,55,42.355597,-4.739088,34120,Base PALENCIA,42.007837,-4.534601,60.513853192263134
34046,34120,12.787590159096982,34046,CARDEÑOSA DE VOLPEJERA,60,42.23193,-4.703672,34120,Base PALENCIA,42.007837,-4.534601,46.8878305833556
34049,24089,27.478209908470998,34049,CASTREJÓN DE LA PEÑA,320,42.807952,-4.599288,24089,Base LEÓN,42.599121,-5.567076,100.75343633106031
34050,34120,17.370510432415557,34050,CASTRILLO DE DON JUAN,181,41.791007,-4.070392,34120,Base PALENCIA,42.007837,-4.534601,63.69187158552371
34053,34120,11.509281066191457,34053,CASTROMOCHO,197,42.029103,-4.822096,34120,Base PALENCIA,42.007837,-4.534601,42.20069724270201
34055,34120,15.092544513255126,34055,CERVATOS DE LA CUEZA,241,42.291686,-4.768952,34120,Base PALENCIA,42.007837,-4.534601,55.339329881935456
34056,9059,28.834115122178304,34056,CERVERA DE PISUERGA,2284,42.865796,-4.499209,9059,Base BURGOS,42.34113,-3.704198,105.72508878132044
34058,34120,14.07486677862171,34058,CEVICO NAVERO,178,41.861218,-4.183933,34120,Base PALENCIA,42.007837,-4.534601,51.60784485494627
34060,9059,16.64518119198831,34060,COBOS DE CERRATO,128,42.027003,-4.002266,9059,Base BURGOS,42.34113,-3.704198,61.032331037290476
34061,34120,23.597024386123945,34061,COLLAZOS DE BOEDO,99,42.619909,-4.483458,34120,Base PALENCIA,42.007837,-4.534601,86.52242274912113
34067,9059,28.09289745680043,34067,DEHESA DE MONTEJO,135,42.819042,-4.509346,9059,Base BURGOS,42.34113,-3.704198,103.00729067493491
34068,9059,23.737095475703445,34068,DEHESA DE ROMANOS,46,42.641545,-4.4364,9059,Base BURGOS,42.34113,-3.704198,87.03601674424596
34072,34120,12.888358493310225,34072,FRECHILLA,136,42.137055,-4.83873,34120,Base PALENCIA,42.007837,-4.534601,47.25731447547083
34073,24089,21.898328350525066,34073,FRESNO DEL RÍO,171,42.680807,-4.817772,24089,Base LEÓN,42.599121,-5.567076,80.29387061859191
34083,9059,20.978150917906802,34083,HERRERA DE PISUERGA,1898,42.594781,-4.330248,9059,Base BURGOS,42.34113,-3.704198,76.9198866989916
34087,34120,10.94330985030869,34087,HORNILLOS DE CERRATO,170,41.988231,-4.272213,34120,Base PALENCIA,42.007837,-4.534601,40.12546945113186
34904,9059,30.911406566662173,34904,LA PERNÍA,313,42.966674,-4.495585,9059,Base BURGOS,42.34113,-3.704198,113.34182407776129
34140,34120,25.31857832267483,34140,LA PUEBLA DE VALDAVIA,81,42.675568,-4.609266,34120,Base PALENCIA,42.007837,-4.534601,92.83478718314105
34094,34120,17.84606429916891,34094,LEDIGOS,62,42.35389,-4.864286,34120,Base PALENCIA,42.007837,-4.534601,65.43556909695266
34903,34120,18.18166740185608,34903,LOMA DE UCIEZA,193,42.441248,-4.579194,34120,Base PALENCIA,42.007837,-4.534601,66.66611380680564
34100,24089,21.813253248924045,34100,MANTINOS,145,42.751221,-4.841908,24089,Base LEÓN,42.599121,-5.567076,79.98192857938817
34101,34120,14.880497633749432,34101,MARCILLA DE CAMPOS,58,42.31703,-4.396017,34120,Base PALENCIA,42.007837,-4.534601,54.561824657081246
34102,34120,9.138631490513703,34102,MAZARIEGOS,202,42.028611,-4.716154,34120,Base PALENCIA,42.007837,-4.534601,33.50831546521691
34104,34120,14.79336603596407,34104,MELGAR DE YUSO,271,42.25412,-4.252936,34120,Base PALENCIA,42.007837,-4.534601,54.242342131868256
34107,9059,24.923175794345354,34107,MICIECES DE OJEDA,71,42.688654,-4.460581,9059,Base BURGOS,42.34113,-3.704198,91.38497791259962
34109,34120,18.8627884745733,34109,MORATINOS,59,42.360422,-4.927247,34120,Base PALENCIA,42.007837,-4.534601,69.1635577401021
34114,9059,24.825059652549694,34114,OLMOS DE OJEDA,170,42.722251,-4.424984,9059,Base BURGOS,42.34113,-3.704198,91.02521872601554
34120,34120,5.0,34120,PALENCIA,76738,42.007837,-4.534601,34120,Base PALENCIA,42.007837,-4.534601,18.333333333333332
34121,34120,14.508806103096207,34121,PALENZUELA,215,42.095212,-4.129056,34120,Base PALENCIA,42.007837,-4.534601,53.19895571135276
34127,34120,10.727819048328483,34127,PERALES,118,42.193556,-4.580946,34120,Base PALENCIA,42.007837,-4.534601,39.33533651053777
34132,34120,13.21239441503598,34132,POBLACIÓN DE CAMPOS,122,42.270874,-4.447758,34120,Base PALENCIA,42.007837,-4.534601,48.44544618846526
34134,24089,30.31282154335315,34134,POLENTINOS,40,42.939829,-4.529058,24089,Base LEÓN,42.599121,-5.567076,111.1470123256282
34135,9059,21.729700168527895,34135,POMAR DE VALDIVIA,490,42.774579,-4.16749,9059,Base BURGOS,42.34113,-3.704198,79.67556728460228
34141,34120,12.746770248773542,34141,QUINTANA DEL PUENTE,251,42.084769,-4.206578,34120,Base PALENCIA,42.007837,-4.534601,46.738157578836315
34151,24089,25.253532802215645,34151,RESPENDA DE LA PEÑA,141,42.764057,-4.686718,24089,Base LEÓN,42.599121,-5.567076,92.59628694145736
34152,34120,13.50932406598696,34152,REVENGA DE CAMPOS,136,42.285638,-4.481317,34120,Base PALENCIA,42.007837,-4.534601,49.53418824195219
34154,34120,23.88718018715685,34154,REVILLA DE COLLAZOS,75,42.63022,-4.50352,34120,Base PALENCIA,42.007837,-4.534601,87.58632735290846
34156,34120,14.24641487374537,34156,RIBEROS DE LA CUEZA,54,42.277154,-4.727386,34120,Base PALENCIA,42.007837,-4.534601,52.236854537066364
34158,9059,26.529302858437656,34158,SALINAS DE PISUERGA,329,42.84891,-4.378178,9059,Base BURGOS,42.34113,-3.704198,97.27411048093808
34159,34120,10.86835506525997,34159,SAN CEBRIÁN DE CAMPOS,407,42.201325,-4.530691,34120,Base PALENCIA,42.007837,-4.534601,39.850635239286554
34163,34120,15.503938925412292,34163,SAN MAMÉS DE CAMPOS,49,42.353502,-4.564381,34120,Base PALENCIA,42.007837,-4.534601,56.847776059845074
34171,24089,24.718873935259992,34171,SANTIBÁÑEZ DE LA PEÑA,934,42.810237,-4.730168,24089,Base LEÓN,42.599121,-5.567076,90.6358710959533
34174,34120,12.609820252338775,34174,SANTOYO,192,42.214751,-4.343229,34120,Base PALENCIA,42.007837,-4.534601,46.236007591908844
34177,34120,7.889664904481421,34177,SOTO DE CERRATO,176,41.953236,-4.42955,34120,Base PALENCIA,42.007837,-4.534601,28.928771316431874
34178,34120,14.299123693659727,34178,TABANERA DE CERRATO,138,42.025737,-4.122571,34120,Base PALENCIA,42.007837,-4.534601,52.43012021008567
34185,24089,27.051602657140652,34185,TRIOLLO,74,42.92443,-4.681282,24089,Base LEÓN,42.599121,-5.567076,99.18920974284906
34186,34120,12.874573239611559,34186,VALBUENA DE PISUERGA,52,42.14572,-4.23816,34120,Base PALENCIA,42.007837,-4.534601,47.20676854524238
34902,34120,12.703469645408,34902,VALLE DEL RETORTILLO,168,42.190945,-4.771892,34120,Base PALENCIA,42.007837,-4.534601,46.57938869982933
34199,24089,22.557170057758416,34199,VELILLA DEL RÍO CARRIÓN,1129,42.827834,-4.843214,24089,Base LEÓN,42.599121,-5.567076,82.70962354511418
34202,34120,21.83954334430355,34202,VILLABASTA DE VALDAVIA,33,42.560865,-4.602222,34120,Base PALENCIA,42.007837,-4.534601,80.07832559577967
34214,24089,22.005731466726484,34214,VILLALBA DE GUARDO,201,42.720354,-4.822565,24089,Base LEÓN,42.599121,-5.567076,80.68768204466377
34217,34120,5.961780764454551,34217,VILLALOBÓN,1900,42.029868,-4.503893,34120,Base PALENCIA,42.007837,-4.534601,21.85986280300002
34221,34120,9.067689998688962,34221,VILLAMEDIANA,183,42.050401,-4.363358,34120,Base PALENCIA,42.007837,-4.534601,33.24819666185953
34222,34120,20.817053000962787,34222,VILLAMERIEL,105,42.527614,-4.47622,34120,Base PALENCIA,42.007837,-4.534601,76.32919433686355
34224,34120,13.39115006286103,34224,VILLAMUERA DE LA CUEZA,37,42.259731,-4.689011,34120,Base PALENCIA,42.007837,-4.534601,49.10088356382378
34228,34120,20.199547288935225,34228,VILLANUÑO DE VALDAVIA,93,42.508884,-4.517492,34120,Base PALENCIA,42.007837,-4.534601,74.06500672609582
34229,34120,20.785971825578976,34229,VILLAPROVEDO,46,42.518321,-4.396982,34120,Base PALENCIA,42.007837,-4.534601,76.21523002712291
34231,34120,18.682820943089386,34231,VILLARRABÉ,176,42.419949,-4.782605,34120,Base PALENCIA,42.007837,-4.534601,68.50367679132775
34246,34120,13.867217117484458,34246,VILLOVIECO,62,42.29648,-4.471599,34120,Base PALENCIA,42.007837,-4.534601,50.84646276410968
37004,37274,22.317151181466187,37004,AHIGAL DE VILLARINO,31,41.157967,-6.379301,37274,Base SALAMANCA,40.967368,-5.665381,81.82955433204268
37014,49275,26.44221025894246,37014,ALDEADÁVILA DE LA RIBERA,1120,41.218461,-6.619562,49275,Base ZAMORA,41.49914,-5.754948,96.95477094945568
37017,37274,11.338021482211406,37017,ALDEANUEVA DE FIGUEROA,253,41.146894,-5.523474,37274,Base SALAMANCA,40.967368,-5.665381,41.57274543477516
37019,37274,10.402240337252852,37019,ALDEARRODRIGO,150,41.110365,-5.806225,37274,Base SALAMANCA,40.967368,-5.665381,38.14154790326046
37021,37274,11.755290047597954,37021,ALDEASECA DE ALBA,64,40.818393,-5.4463,37274,Base SALAMANCA,40.967368,-5.665381,43.10273017452583
37022,37274,15.519746397217972,37022,ALDEASECA DE LA FRONTERA,248,40.941953,-5.207297,37274,Base SALAMANCA,40.967368,-5.665381,56.90573678979923
37024,37274,16.69638307650935,37024,ALDEAVIEJA DE TORMES,99,40.583403,-5.617269,37274,Base SALAMANCA,40.967368,-5.665381,61.220071280534285
37025,37274,14.543093748562143,37025,ALDEHUELA DE LA BÓVEDA,265,40.843677,-6.048234,37274,Base SALAMANCA,40.967368,-5.665381,53.324677078061185
37033,37274,9.48335331024035,37033,ARCEDIANO,96,41.092458,-5.560927,37274,Base SALAMANCA,40.967368,-5.665381,34.77229547088128
37044,37274,28.112795631425037,37044,BARRUECOPARDO,421,41.070795,-6.66619,37274,Base SALAMANCA,40.967368,-5.665381,103.08025064855848
37050,37274,15.76669549529679,37050,BERROCAL DE HUEBRA,75,40.718921,-6.000634,37274,Base SALAMANCA,40.967368,-5.665381,57.811216816088226
37057,37274,15.935647648245164,37057,BÓVEDA DEL RÍO ALMAR,196,40.857238,-5.211007,37274,Base SALAMANCA,40.967368,-5.665381,58.4307080435656
37058,37274,21.224078447678608,37058,BRINCONES,59,41.11138,-6.348496,37274,Base SALAMANCA,40.967368,-5.665381,77.82162097482156
37065,37274,26.025267504327,37065,CABEZA DEL CABALLO,237,41.129631,-6.559176,37274,Base SALAMANCA,40.967368,-5.665381,95.42598084919901
37068,37274,18.628832528594835,37068,CABRILLAS,322,40.740594,-6.178355,37274,Base SALAMANCA,40.967368,-5.665381,68.30571927151439
37069,37274,7.701919058634807,37069,CALVARRASA DE ABAJO,1201,40.945767,-5.550925,37274,Base SALAMANCA,40.967368,-5.665381,28.24036988166096
37072,37274,10.733661002687828,37072,CALZADA DE DON DIEGO,131,40.905781,-5.902008,37274,Base SALAMANCA,40.967368,-5.665381,39.35675700985537
37073,37274,8.702074247142958,37073,CALZADA DE VALDUNCIEL,700,41.086248,-5.702168,37274,Base SALAMANCA,40.967368,-5.665381,31.907605572857513
37081,37274,17.017286444932374,37081,CANTALAPIEDRA,911,41.125488,-5.183586,37274,Base SALAMANCA,40.967368,-5.665381,62.39671696475204
37092,37274,7.292785385273952,37092,CASTELLANOS DE MORISCOS,3051,41.018509,-5.591607,37274,Base SALAMANCA,40.967368,-5.665381,26.74021307933782
37098,37274,22.49289646219137,37098,CEPEDA,303,40.465292,-6.040074,37274,Base SALAMANCA,40.967368,-5.665381,82.47395369470169
37099,37274,20.60422574509994,37099,CERECEDA DE LA SIERRA,62,40.566466,-6.091269,37274,Base SALAMANCA,40.967368,-5.665381,75.5488277320331
37106,37274,18.747215568579897,37106,CIPÉREZ,225,40.961934,-6.265667,37274,Base SALAMANCA,40.967368,-5.665381,68.73979041812629
37108,37274,12.398223840657774,37108,COCA DE ALBA,95,40.877416,-5.365263,37274,Base SALAMANCA,40.967368,-5.665381,45.46015408241184
37109,37274,23.485015862976958,37109,COLMENAR DE MONTEMAYOR,173,40.39933,-5.95693,37274,Base SALAMANCA,40.967368,-5.665381,86.1117248309155
37115,37274,22.823466077528042,37115,DIOS LE GUARDE,125,40.642029,-6.312029,37274,Base SALAMANCA,40.967368,-5.665381,83.68604228426949
37116,37274,13.534448921116958,37116,DOÑINOS DE LEDESMA,65,41.012429,-6.033405,37274,Base SALAMANCA,40.967368,-5.665381,49.62631271076218
37117,37274,6.868436666369273,37117,DOÑINOS DE SALAMANCA,2209,40.960106,-5.746404,37274,Base SALAMANCA,40.967368,-5.665381,25.18426777668733
37054,37274,30.450548281839144,37054,EL BODÓN,245,40.487727,-6.574138,37274,Base SALAMANCA,40.967368,-5.665381,111.65201036674351
37077,37274,14.356243890702933,37077,EL CAMPO DE PEÑARANDA,250,40.984921,-5.257393,37274,Base SALAMANCA,40.967368,-5.665381,52.63956093257742
37113,37274,19.84412057812436,37113,EL CUBO DE DON SANCHO,377,40.892508,-6.305649,37274,Base SALAMANCA,40.967368,-5.665381,72.76177545312265
37239,37274,11.983238217725406,37239,EL PEDROSO DE LA ARMUÑA,215,41.080328,-5.399403,37274,Base SALAMANCA,40.967368,-5.665381,43.93854013165982
37253,37274,8.65808433709897,37253,EL PINO DE TORMES,149,41.038885,-5.794097,37274,Base SALAMANCA,40.967368,-5.665381,31.746309236029557
37122,37274,11.431770176671932,37122,ENCINAS DE ARRIBA,226,40.771651,-5.557329,37274,Base SALAMANCA,40.967368,-5.665381,41.91649064779709
37125,37274,17.588910499947943,37125,ESCURIAL DE LA SIERRA,244,40.615693,-5.956718,37274,Base SALAMANCA,40.967368,-5.665381,64.49267183314245
37127,37274,32.03687585851938,37127,ESPEJA,211,40.56543,-6.716124,37274,Base SALAMANCA,40.967368,-5.665381,117.46854481457106
37128,37274,11.934557000576149,37128,ESPINO DE LA ORBADA,245,41.105982,-5.424272,37274,Base SALAMANCA,40.967368,-5.665381,43.76004233544588
37129,37274,7.778168551797689,37129,FLORIDA DE LIÉBANA,244,41.023011,-5.761803,37274,Base SALAMANCA,40.967368,-5.665381,28.51995135659153
37131,37274,14.808179133181413,37131,FRADES DE LA SIERRA,167,40.656584,-5.783688,37274,Base SALAMANCA,40.967368,-5.665381,54.29665682166518
37133,37274,21.137691163376093,37133,FRESNEDOSO,98,40.436275,-5.709442,37274,Base SALAMANCA,40.967368,-5.665381,77.50486759904567
37136,37274,33.40812888754798,37136,FUENTEGUINALDO,652,40.428683,-6.676247,37274,Base SALAMANCA,40.967368,-5.665381,122.49647258767592
37137,37274,25.978773550132054,37137,FUENTELIANTE,84,40.875102,-6.572727,37274,Base SALAMANCA,40.967368,-5.665381,95.25550301715086
37139,37274,18.960095692173788,37139,FUENTES DE BÉJAR,244,40.507554,-5.694303,37274,Base SALAMANCA,40.967368,-5.665381,69.52035087130389
37141,37274,13.86177552231208,37141,GAJATES,140,40.78246,-5.36613,37274,Base SALAMANCA,40.967368,-5.665381,50.826510248477625
37145,37274,30.908484162780482,37145,GALLEGOS DE ARGAÑÁN,264,40.629954,-6.702211,37274,Base SALAMANCA,40.967368,-5.665381,113.33110859686177
37147,37274,20.6179852045113,37147,GARCIBUEY,204,40.516081,-5.992884,37274,Base SALAMANCA,40.967368,-5.665381,75.5992790832081
37148,37274,11.186889007294885,37148,GARCIHERNÁNDEZ,411,40.861324,-5.434747,37274,Base SALAMANCA,40.967368,-5.665381,41.018593026747915
37154,37274,24.01731284943405,37154,GUADRAMIRO,124,41.016816,-6.493611,37274,Base SALAMANCA,40.967368,-5.665381,88.06348044792485
37156,37274,17.48684030425227,37156,GUIJUELO,5508,40.55564,-5.671621,37274,Base SALAMANCA,40.967368,-5.665381,64.118414448925
37157,37274,30.01268854946821,37157,HERGUIJUELA DE CIUDAD RODRIGO,69,40.458195,-6.521435,37274,Base SALAMANCA,40.967368,-5.665381,110.04652468138343
37158,37274,23.397572194598926,37158,HERGUIJUELA DE LA SIERRA,226,40.445536,-6.073537,37274,Base SALAMANCA,40.967368,-5.665381,85.79109804686273
37161,37274,22.369441650130085,37161,HORCAJO DE MONTEMAYOR,101,40.42155,-5.894345,37274,Base SALAMANCA,40.967368,-5.665381,82.02128605047697
37167,37274,10.632333116715783,37167,JUZBADO,183,41.078285,-5.862836,37274,Base SALAMANCA,40.967368,-5.665381,38.985221427957875
37011,37274,36.30732731113021,37011,LA ALBERGUERÍA DE ARGAÑÁN,98,40.412241,-6.813318,37274,Base SALAMANCA,40.967368,-5.665381,133.12686680747743
37037,37274,27.240172492328302,37037,LA ATALAYA,100,40.502433,-6.413882,37274,Base SALAMANCA,40.967368,-5.665381,99.88063247187044
37063,37274,19.26345967426441,37063,LA CABEZA DE BÉJAR,60,40.497034,-5.662414,37274,Base SALAMANCA,40.967368,-5.665381,70.63268547230284
37135,37274,19.473770838646566,37135,LA FUENTE DE SAN ESTEBAN,1279,40.801782,-6.257462,37274,Base SALAMANCA,40.967368,-5.665381,71.40382640837075
37381,49275,27.327769685177028,37381,LA ZARZA DE PUMAREDA,133,41.162043,-6.62664,49275,Base ZAMORA,41.49914,-5.754948,100.20182217898244
37168,37274,25.71033698597527,37168,LAGUNILLA,428,40.325143,-5.971469,37274,Base SALAMANCA,40.967368,-5.665381,94.27123561524266
37169,37274,13.582751125083243,37169,LARRODRIGO,186,40.736364,-5.449211,37274,Base SALAMANCA,40.967368,-5.665381,49.80342079197189
37346,37274,13.52351030751141,37346,LAS VEGUILLAS,275,40.715865,-5.831235,37274,Base SALAMANCA,40.967368,-5.665381,49.58620446087517
37172,37274,18.02276887474066,37172,LINARES DE RIOFRÍO,913,40.584127,-5.921219,37274,Base SALAMANCA,40.967368,-5.665381,66.08348587404909
37175,37274,8.46523299379681,37175,MACHACÓN,445,40.926241,-5.524237,37274,Base SALAMANCA,40.967368,-5.665381,31.03918764392164
37176,37274,22.785300593002503,37176,MADROÑAL,135,40.464237,-6.062963,37274,Base SALAMANCA,40.967368,-5.665381,83.54610217434252
37178,37274,16.717409105497378,37178,MALPARTIDA,80,40.762923,-5.231843,37274,Base SALAMANCA,40.967368,-5.665381,61.29716672015706
37183,37274,20.469692081904725,37183,MARTÍN DE YELTES,387,40.776849,-6.291169,37274,Base SALAMANCA,40.967368,-5.665381,75.05553763365066
37187,37274,12.689449953300837,37187,MATILLA DE LOS CAÑOS DEL RÍO,613,40.825163,-5.943105,37274,Base SALAMANCA,40.967368,-5.665381,46.52798316210307
37193,37274,21.544301205334744,37193,MIRANDA DEL CASTAÑAR,381,40.484767,-6.001082,37274,Base SALAMANCA,40.967368,-5.665381,78.99577108622739
37194,37274,21.93910094926098,37194,MOGARRAZ,252,40.492175,-6.052802,37274,Base SALAMANCA,40.967368,-5.665381,80.44337014729025
37195,37274,21.42459117930191,37195,MOLINILLO,43,40.468937,-5.944958,37274,Base SALAMANCA,40.967368,-5.665381,78.556834324107
37196,37274,22.212489903470132,37196,MONFORTE DE LA SIERRA,53,40.483408,-6.056675,37274,Base SALAMANCA,40.967368,-5.665381,81.44579631272381
37197,37274,17.358933569265492,37197,MONLEÓN,85,40.58359,-5.846449,37274,Base SALAMANCA,40.967368,-5.665381,63.64942308730681
37199,37274,24.77392287756641,37199,MONSAGRO,127,40.502907,-6.269357,37274,Base SALAMANCA,40.967368,-5.665381,90.8377172177435
37201,37274,24.470286497251493,37201,MONTEMAYOR DEL RÍO,262,40.348921,-5.892683,37274,Base SALAMANCA,40.967368,-5.665381,89.72438382325547
37202,37274,6.887747438256946,37202,MONTERRUBIO DE ARMUÑA,1331,41.027268,-5.642939,37274,Base SALAMANCA,40.967368,-5.665381,25.25507394027547
37208,37274,22.55352601446307,37208,MORONTA,76,40.977858,-6.431896,37274,Base SALAMANCA,40.967368,-5.665381,82.69626205303126
37212,37274,22.294782302732862,37212,NAVACARROS,133,40.398356,-5.71585,37274,Base SALAMANCA,40.967368,-5.665381,81.7475351100205
37216,37274,11.898242006944972,37216,NAVALES,311,40.788491,-5.479534,37274,Base SALAMANCA,40.967368,-5.665381,43.62688735879823
37218,37274,20.478217744027667,37218,NAVAMORALES,44,40.477154,-5.477873,37274,Base SALAMANCA,40.967368,-5.665381,75.08679839476811
37222,37274,9.123170787457717,37222,NEGRILLA DE PALENCIA,76,41.091817,-5.592797,37274,Base SALAMANCA,40.967368,-5.665381,33.4516262206783
37223,37274,27.125854757508712,37223,OLMEDO DE CAMACES,94,40.879005,-6.623887,37274,Base SALAMANCA,40.967368,-5.665381,99.46146744419862
37228,37274,16.062210759670613,37228,PALACIOSRUBIOS,299,41.052021,-5.195171,37274,Base SALAMANCA,40.967368,-5.665381,58.89477278545891
37230,37274,7.965853813020196,37230,PARADA DE ARRIBA,272,40.986425,-5.792438,37274,Base SALAMANCA,40.967368,-5.665381,29.208130647740717
37233,37274,28.76829121139011,37233,PASTORES,56,40.51471,-6.509867,37274,Base SALAMANCA,40.967368,-5.665381,105.48373444176374
37235,37274,14.280983122427697,37235,PEDRAZA DE ALBA,220,40.754182,-5.375053,37274,Base SALAMANCA,40.967368,-5.665381,52.363604782234894
37242,37274,14.872211032573965,37242,PELAYOS,72,40.648817,-5.576755,37274,Base SALAMANCA,40.967368,-5.665381,54.53144045277121
37248,37274,21.012760617141325,37248,PERALEJOS DE ABAJO,171,41.004329,-6.363154,37274,Base SALAMANCA,40.967368,-5.665381,77.04678892951819
37254,37274,10.378028856842775,37254,PITIEGUA,182,41.061409,-5.466117,37274,Base SALAMANCA,40.967368,-5.665381,38.05277247509017
37255,37274,15.646853869193452,37255,PIZARRAL,64,40.616425,-5.652364,37274,Base SALAMANCA,40.967368,-5.665381,57.371797520375985
37256,37274,14.561513675599427,37256,POVEDA DE LAS CINTAS,194,41.046086,-5.260803,37274,Base SALAMANCA,40.967368,-5.665381,53.39221681053123
37258,37274,34.417476202512674,37258,PUEBLA DE AZABA,142,40.446846,-6.745221,37274,Base SALAMANCA,40.967368,-5.665381,126.19741274254648
37263,37274,24.120846669632815,37263,PUERTO DE BÉJAR,352,40.350445,-5.837014,37274,Base SALAMANCA,40.967368,-5.665381,88.44310445532032
37265,37274,17.33536160708516,37265,RÁGAMA,197,40.996751,-5.127972,37274,Base SALAMANCA,40.967368,-5.665381,63.562992559312256
37274,37274,5.0,37274,SALAMANCA,144866,40.967368,-5.665381,37274,Base SALAMANCA,40.967368,-5.665381,18.333333333333332
37277,37274,16.528304158250517,37277,SALVATIERRA DE TORMES,72,40.590482,-5.599763,37274,Base SALAMANCA,40.967368,-5.665381,60.60378191358523
37284,37274,20.02448690624567,37284,SAN ESTEBAN DE LA SIERRA,372,40.506716,-5.906054,37274,Base SALAMANCA,40.967368,-5.665381,73.42311865623412
37285,37274,29.18507934921834,37285,SAN FELICES DE LOS GALLEGOS,350,40.848965,-6.70893,37274,Base SALAMANCA,40.967368,-5.665381,107.01195761380059
37286,37274,21.33051866714683,37286,SAN MARTÍN DEL CASTAÑAR,234,40.5214,-6.06376,37274,Base SALAMANCA,40.967368,-5.665381,78.21190177953838
37290,37274,9.901342037571156,37290,SAN PEDRO DEL VALLE,269,41.033218,-5.860953,37274,Base SALAMANCA,40.967368,-5.665381,36.304920804427574
37280,37274,22.493833272758366,37280,SANCHÓN DE LA RIBERA,67,41.087792,-6.413205,37274,Base SALAMANCA,40.967368,-5.665381,82.47738866678067
37281,37274,15.680162508068623,37281,SANCHÓN DE LA SAGRADA,51,40.743902,-6.025265,37274,Base SALAMANCA,40.967368,-5.665381,57.49392919625162
37279,37274,23.635501267155952,37279,SANCTI-SPÍRITUS,731,40.7064,-6.400728,37274,Base SALAMANCA,40.967368,-5.665381,86.6635046462385
37283,37274,15.220076223736246,37283,SANDO,113,40.96691,-6.111699,37274,Base SALAMANCA,40.967368,-5.665381,55.80694615369956
37296,37274,15.178923752907869,37296,SANTIAGO DE LA PUEBLA,282,40.800842,-5.27991,37274,Base SALAMANCA,40.967368,-5.665381,55.65605376066219
37298,37274,20.459725437044074,37298,SANTIBÁÑEZ DE LA SIERRA,149,40.494079,-5.915348,37274,Base SALAMANCA,40.967368,-5.665381,75.0189932691616
37302,37274,29.971861006607835,37302,SAUCELLE,252,41.047859,-6.751371,37274,Base SALAMANCA,40.967368,-5.665381,109.89682369089539
37306,37274,25.88355716238664,37306,SERRADILLA DEL ARROYO,246,40.521846,-6.358477,37274,Base SALAMANCA,40.967368,-5.665381,94.90637626208435
37307,37274,26.325010903149114,37307,SERRADILLA DEL LLANO,138,40.49971,-6.358421,37274,Base SALAMANCA,40.967368,-5.665381,96.52503997821341
37311,37274,30.960317271035905,37311,SOBRADILLO,173,40.916351,-6.796646,37274,Base SALAMANCA,40.967368,-5.665381,113.52116332713165
37314,37274,12.907413793481439,37314,TABERA DE ABAJO,99,40.909399,-6.001915,37274,Base SALAMANCA,40.967368,-5.665381,47.327183909431945
37321,37274,23.9518830453548,37321,TENEBRÓN,121,40.624347,-6.355422,37274,Base SALAMANCA,40.967368,-5.665381,87.82357116630094
37332,37274,22.16582596962208,37332,VALDEHIJADEROS,84,40.418602,-5.848434,37274,Base SALAMANCA,40.967368,-5.665381,81.27469522194764
37333,37274,19.17813166433737,37333,VALDELACASA,189,40.505838,-5.763881,37274,Base SALAMANCA,40.967368,-5.665381,70.31981610257037
37334,37274,24.646420727763115,37334,VALDELAGEVE,67,40.368858,-5.992302,37274,Base SALAMANCA,40.967368,-5.665381,90.37020933513142
37336,37274,9.786748982686511,37336,VALDEMIERQUE,59,40.82204,-5.583892,37274,Base SALAMANCA,40.967368,-5.665381,35.88474626985054
37339,37274,19.57547188756561,37339,VALERO,286,40.534885,-5.942157,37274,Base SALAMANCA,40.967368,-5.665381,71.77673025440723
37345,37274,10.361388813213075,37345,VEGA DE TIRADOS,149,41.026163,-5.886289,37274,Base SALAMANCA,40.967368,-5.665381,37.991758981781274
37351,37274,15.484575355769811,37351,VILLAFLORES,260,41.083543,-5.233754,37274,Base SALAMANCA,40.967368,-5.665381,56.7767763044893
37354,37274,6.216371361243473,37354,VILLAMAYOR,7669,40.999644,-5.696926,37274,Base SALAMANCA,40.967368,-5.665381,22.793361657892735
37355,37274,21.01627952963687,37355,VILLANUEVA DEL CONDE,174,40.509221,-6.012144,37274,Base SALAMANCA,40.967368,-5.665381,77.05969160866852
37357,37274,30.62088785028393,37357,VILLAR DE CIERVO,253,40.736876,-6.739957,37274,Base SALAMANCA,40.967368,-5.665381,112.27658878437441
37371,37274,34.420441622835455,37371,VILLASRUBIAS,236,40.338459,-6.639055,37274,Base SALAMANCA,40.967368,-5.665381,126.20828595039666
37374,37274,11.716616825107751,37374,VILLORIA,1258,40.995253,-5.374333,37274,Base SALAMANCA,40.967368,-5.665381,42.960928358728424
37375,37274,11.321637669242893,37375,VILLORUELA,731,41.007556,-5.394406,37274,Base SALAMANCA,40.967368,-5.665381,41.512671453890604
40002,40194,8.533934003611247,40002,ADRADA DE PIRÓN,40,41.051588,-4.049899,40194,Base SEGOVIA,40.94987,-4.125241,31.29109134657457
40012,40194,12.195451365736302,40012,ALDEA REAL,287,41.18523,-4.165102,40194,Base SEGOVIA,40.94987,-4.125241,44.71665500769977
40013,40194,20.89381714502153,40013,ALDEASOÑA,67,41.471351,-4.055672,40194,Base SEGOVIA,40.94987,-4.125241,76.61066286507894
40021,40194,13.388408861739096,40021,AREVALILLO DE CEGA,18,41.16163,-3.88924,40194,Base SEGOVIA,40.94987,-4.125241,49.09083249304335
40022,40194,10.886736098502464,40022,ARMUÑA,241,41.07786,-4.318659,40194,Base SEGOVIA,40.94987,-4.125241,39.9180323611757
40024,40194,27.263716728661553,40024,AYLLÓN,1105,41.420809,-3.37688,40194,Base SEGOVIA,40.94987,-4.125241,99.96696133842569
40026,40194,8.282643521801592,40026,BASARDILLA,136,41.02723,-4.024937,40194,Base SEGOVIA,40.94987,-4.125241,30.369692913272505
40029,40194,23.594372180431247,40029,BERCIMUEL,36,41.399779,-3.571794,40194,Base SEGOVIA,40.94987,-4.125241,86.51269799491457
40030,40194,12.525217918870215,40030,BERNARDOS,463,41.129409,-4.352345,40194,Base SEGOVIA,40.94987,-4.125241,45.92579903585745
40031,40194,6.558786674378051,40031,BERNUY DE PORREROS,1247,41.000793,-4.115976,40194,Base SEGOVIA,40.94987,-4.125241,24.048884472719518
40035,40194,8.574620183466486,40035,CABAÑAS DE POLENDOS,199,41.067169,-4.109837,40194,Base SEGOVIA,40.94987,-4.125241,31.44027400604378
40037,40194,20.263542644680406,40037,CALABAZAS DE FUENTIDUEÑA,25,41.445675,-4.010101,40194,Base SEGOVIA,40.94987,-4.125241,74.29965636382816
40039,40194,24.622696297719095,40039,CAMPO DE SAN PEDRO,259,41.429832,-3.548563,40194,Base SEGOVIA,40.94987,-4.125241,90.28321975830335
40161,40194,23.06546440548824,40161,CARABIAS,54,41.455839,-3.707322,40194,Base SEGOVIA,40.94987,-4.125241,84.57336948679021
40044,40194,18.68601293060956,40044,CARRASCAL DEL RÍO,136,41.367534,-3.89817,40194,Base SEGOVIA,40.94987,-4.125241,68.5153807455684
40048,40194,19.90073234786833,40048,CASTROJIMENO,31,41.395003,-3.848845,40194,Base SEGOVIA,40.94987,-4.125241,72.96935194218388
40051,40194,20.301346238832096,40051,CASTROSERRACÍN,24,41.392332,-3.803069,40194,Base SEGOVIA,40.94987,-4.125241,74.43826954238436
40054,40194,20.614297362663457,40054,CEREZO DE ARRIBA,134,41.236916,-3.558063,40194,Base SEGOVIA,40.94987,-4.125241,75.58575699643268
40057,40194,17.190926707516148,40057,COCA,1703,41.218402,-4.522131,40194,Base SEGOVIA,40.94987,-4.125241,63.03339792755921
40058,40194,16.406218715489267,40058,CODORNIZ,307,41.067261,-4.598774,40194,Base SEGOVIA,40.94987,-4.125241,60.15613529012732
40060,40194,17.417146964470984,40060,CONDADO DE CASTILNOVO,79,41.241722,-3.744156,40194,Base SEGOVIA,40.94987,-4.125241,63.86287220306027
40902,40194,18.405301890004424,40902,COZUELOS DE FUENTIDUEÑA,105,41.391336,-4.095285,40194,Base SEGOVIA,40.94987,-4.125241,67.48610693001622
40062,40194,12.181293619189308,40062,CUBILLO,73,41.121695,-3.909214,40194,Base SEGOVIA,40.94987,-4.125241,44.664743270360795
40071,40194,21.575879687465385,40071,ENCINAS,40,41.374769,-3.668523,40194,Base SEGOVIA,40.94987,-4.125241,79.11155885403974
40073,40194,11.573559891324237,40073,ESCALONA DEL PRADO,468,41.166626,-4.122777,40194,Base SEGOVIA,40.94987,-4.125241,42.43638626818887
40075,40194,9.277149957135165,40075,ESCOBAR DE POLENDOS,166,41.090844,-4.13094,40194,Base SEGOVIA,40.94987,-4.125241,34.01621650949561
40077,40194,6.86445135281782,40077,ESPIRDO,1607,40.99774,-4.074144,40194,Base SEGOVIA,40.94987,-4.125241,25.169654960332007
40082,47186,18.584764142527668,40082,FUENTE DE SANTA CRUZ,99,41.209381,-4.63422,47186,Base VALLADOLID,41.652328,-4.723349,68.14413518926811
40088,40194,16.41729185661608,40088,FUENTERREBOLLO,339,41.297367,-3.932921,40194,Base SEGOVIA,40.94987,-4.125241,60.1967368075923
40089,40194,19.464740806322766,40089,FUENTESAÚCO DE FUENTIDUEÑA,223,41.424504,-4.062501,40194,Base SEGOVIA,40.94987,-4.125241,71.37071628985015
40091,40194,21.077700559086317,40091,FUENTESOTO,100,41.456727,-3.918604,40194,Base SEGOVIA,40.94987,-4.125241,77.28490204998316
40093,40194,13.63525794822185,40093,GALLEGOS,93,41.074543,-3.785968,40194,Base SEGOVIA,40.94987,-4.125241,49.995945810146786
40095,40194,16.242874683882505,40095,GOMEZSERRACÍN,625,41.288367,-4.32596,40194,Base SEGOVIA,40.94987,-4.125241,59.55720717423585
40105,40194,9.219775076628233,40105,JUARROS DE RIOMOROS,45,40.946422,-4.309412,40194,Base SEGOVIA,40.94987,-4.125241,33.80584194763685
40106,40194,14.346403814826225,40106,JUARROS DE VOLTOYA,184,41.03245,-4.518624,40194,Base SEGOVIA,40.94987,-4.125241,52.603480654362826
40113,40194,8.031073550768552,40113,LA LOSA,531,40.854462,-4.164652,40194,Base SEGOVIA,40.94987,-4.125241,29.44726968615136
40107,5019,11.98748451002545,40107,LABAJOS,106,40.843554,-4.52128,5019,Base ÁVILA,40.65587,-4.697713,43.95410987009331
40109,40194,27.023680142538847,40109,LANGUILLA,84,41.448983,-3.424105,40194,Base SEGOVIA,40.94987,-4.125241,99.0868271893091
40118,40194,10.54804576825892,40118,MARAZUELA,53,40.977977,-4.36464,40194,Base SEGOVIA,40.94987,-4.125241,38.67616781694937
40131,40194,11.036953682283832,40131,MONTERRUBIO,56,40.848367,-4.3518,40194,Base SEGOVIA,40.94987,-4.125241,40.46883016837405
40132,40194,24.444514855139445,40132,MORAL DE HORNUEZ,40,41.464508,-3.616885,40194,Base SEGOVIA,40.94987,-4.125241,89.62988780217796
40140,40194,17.645820510443464,40140,NAVALILLA,97,41.340726,-3.93226,40194,Base SEGOVIA,40.94987,-4.125241,64.70134187162603
40143,40194,20.974460778028366,40143,NAVARES DE ENMEDIO,92,41.380953,-3.72311,40194,Base SEGOVIA,40.94987,-4.125241,76.906356186104
40151,40194,12.425188909850753,40151,ORTIGOSA DE PESTAÑO,53,41.087144,-4.393957,40194,Base SEGOVIA,40.94987,-4.125241,45.55902600278609
40152,40194,9.41072139990179,40152,OTERO DE HERREROS,966,40.819471,-4.210451,40194,Base SEGOVIA,40.94987,-4.125241,34.505978466306566
40155,40194,6.580164263122022,40155,PALAZUELOS DE ERESMA,5968,40.930552,-4.061178,40194,Base SEGOVIA,40.94987,-4.125241,24.127268964780747
40156,40194,13.997207551266657,40156,PEDRAZA,349,41.128203,-3.810887,40194,Base SEGOVIA,40.94987,-4.125241,51.32309435464441
40159,40194,15.1608583331018,40159,PINAREJOS,194,41.259964,-4.293656,40194,Base SEGOVIA,40.94987,-4.125241,55.589813888039934
40163,40194,14.11095763743655,40163,PUEBLA DE PEDRAZA,51,41.204514,-3.913747,40194,Base SEGOVIA,40.94987,-4.125241,51.74017800393402
40171,40194,25.284687122935626,40171,RIBOTA,43,41.365788,-3.429448,40194,Base SEGOVIA,40.94987,-4.125241,92.71051945076397
40174,40194,21.9289314205415,40174,SACRAMENIA,330,41.494661,-3.963347,40194,Base SEGOVIA,40.94987,-4.125241,80.40608187531882
40182,40194,14.540574662904017,40182,SAN MARTÍN Y MUDRIÁN,251,41.223228,-4.331848,40194,Base SEGOVIA,40.94987,-4.125241,53.31544043064806
40193,40194,16.181951671719016,40193,SEBÚLCOR,241,41.270534,-3.883648,40194,Base SEGOVIA,40.94987,-4.125241,59.33382279630306
40194,40194,5.0,40194,SEGOVIA,51525,40.94987,-4.125241,40194,Base SEGOVIA,40.94987,-4.125241,18.333333333333332
40195,40194,18.60104156184361,40195,SEPÚLVEDA,988,41.298251,-3.750279,40194,Base SEGOVIA,40.94987,-4.125241,68.20381906009324
40196,40194,23.294714673040772,40196,SEQUERA DE FRESNO,47,41.367311,-3.546771,40194,Base SEGOVIA,40.94987,-4.125241,85.4139538011495
40199,40194,9.903629770040979,40199,SOTOSALBOS,135,41.034847,-3.942982,40194,Base SEGOVIA,40.94987,-4.125241,36.31330915681693
40200,40194,10.150459172865936,40200,TABANERA LA LUENGA,53,41.096269,-4.239355,40194,Base SEGOVIA,40.94987,-4.125241,37.21835030050843
40206,40194,11.93752476348101,40206,TORRE VAL DE SAN PEDRO,180,41.072405,-3.86923,40194,Base SEGOVIA,40.94987,-4.125241,43.7709241327637
40202,40194,21.31873877654167,40202,TORREADRADA,50,41.443576,-3.840762,40194,Base SEGOVIA,40.94987,-4.125241,78.16870884731946
40218,40194,19.104027818129232,40218,VALLE DE TABLADILLO,74,41.36238,-3.839956,40194,Base SEGOVIA,40.94987,-4.125241,70.04810199980719
40214,40194,6.8997704643036615,40214,VALSECA,218,41.000293,-4.174479,40194,Base SEGOVIA,40.94987,-4.125241,25.299158369113425
40216,40194,7.496167992699188,40216,VALVERDE DEL MAJANO,1126,40.956398,-4.233884,40194,Base SEGOVIA,40.94987,-4.125241,27.485949306563693
40234,40194,14.461871359185196,40234,ZARZUELA DEL PINAR,408,41.258641,-4.184717,40194,Base SEGOVIA,40.94987,-4.125241,53.026861650345715
42001,42173,12.287436831746543,42001,ABEJAR,386,41.807928,-2.782914,42173,Base SORIA,41.763279,-2.466248,45.053935049737326
42013,42173,8.870233723187589,42013,ALDEHUELA DE PERIÁÑEZ,30,41.808304,-2.306097,42173,Base SORIA,41.763279,-2.466248,32.52419031835449
42019,42173,10.59642594416042,42019,ALMARZA,626,41.947814,-2.468533,42173,Base SORIA,41.763279,-2.466248,38.85356179525487
42022,42173,11.504684775520719,42022,ALMENAR DE SORIA,216,41.68248,-2.200037,42173,Base SORIA,41.763279,-2.466248,42.183844176909304
42024,42173,9.348280574490193,42024,ARANCÓN,76,41.79938,-2.280158,42173,Base SORIA,41.763279,-2.466248,34.27702877313071
42031,42173,21.364344693278568,42031,BARCONES,25,41.291637,-2.816464,42173,Base SORIA,41.763279,-2.466248,78.33593054202142
42032,42173,17.103935383744677,42032,BAYUBAS DE ABAJO,144,41.52652,-2.896242,42173,Base SORIA,41.763279,-2.466248,62.71442974039715
42033,42173,16.403038577314867,42033,BAYUBAS DE ARRIBA,60,41.557858,-2.887809,42173,Base SORIA,41.763279,-2.466248,60.14447478348785
42036,42173,14.218576861924559,42036,BLACOS,38,41.681389,-2.85847,42173,Base SORIA,41.763279,-2.466248,52.13478182705672
42038,42173,11.757159013690845,42038,BORJABAD,30,41.553708,-2.364948,42173,Base SORIA,41.763279,-2.466248,43.10958305019977
42039,42173,18.232514597271432,42039,BOROBIA,228,41.665356,-1.896615,42173,Base SORIA,41.763279,-2.466248,66.85255352332858
42042,42173,7.864081914770807,42042,BUITRAGO,74,41.847282,-2.408343,42173,Base SORIA,41.763279,-2.466248,28.834967020826294
42043,42173,19.728849271624163,42043,BURGO DE OSMA-CIUDAD DE OSMA,5204,41.585776,-3.071508,42173,Base SORIA,41.763279,-2.466248,72.33911399595527
42044,42173,10.090431052425135,42044,CABREJAS DEL CAMPO,53,41.681701,-2.269697,42173,Base SORIA,41.763279,-2.466248,36.99824719222549
42046,42173,13.219472864851953,42046,CALATAÑAZOR,43,41.698348,-2.818858,42173,Base SORIA,41.763279,-2.466248,48.47140050445716
42056,42173,10.979565329757424,42056,CASTILFRÍO DE LA SIERRA,34,41.919904,-2.305467,42173,Base SORIA,41.763279,-2.466248,40.258406209110554
42058,40194,28.35533317852915,42058,CASTILLEJO DE ROBLEDO,95,41.557388,-3.495627,40194,Base SEGOVIA,40.94987,-4.125241,103.96955498794021
42060,42173,13.355228291440543,42060,CERBÓN,30,41.929968,-2.171765,42173,Base SORIA,41.763279,-2.466248,48.96917040194866
42064,42173,17.1536406594402,42064,CIRIA,70,41.61899,-1.965548,42173,Base SORIA,41.763279,-2.466248,62.896682417947396
42070,42173,15.69221539800199,42070,CUBILLA,24,41.748859,-2.938485,42173,Base SORIA,41.763279,-2.466248,57.53812312600729
42073,42173,18.049882903493447,42073,CUEVA DE ÁGREDA,69,41.763155,-1.889334,42173,Base SORIA,41.763279,-2.466248,66.18290397947597
42160,42173,10.973804915789788,42160,EL ROYO,251,41.908542,-2.644826,42173,Base SORIA,41.763279,-2.466248,40.23728469122922
42083,42173,15.281121378740504,42083,FRECHILLA DE ALMAZÁN,21,41.426256,-2.515395,42173,Base SORIA,41.763279,-2.466248,56.030778388715184
42086,42173,26.061375661580456,42086,FUENTECAMBRÓN,32,41.504957,-3.328804,42173,Base SORIA,41.763279,-2.466248,95.55837742579502
42088,42173,17.129822433054237,42088,FUENTELMONGE,61,41.421609,-2.188182,42173,Base SORIA,41.763279,-2.466248,62.809348921198875
42089,42173,8.36797083498813,42089,FUENTELSAZ DE SORIA,64,41.867362,-2.414267,42173,Base SORIA,41.763279,-2.466248,30.68255972828981
42093,42173,14.323218050899639,42093,FUENTESTRÚN,52,41.874567,-2.081702,42173,Base SORIA,41.763279,-2.466248,52.51846618663201
42141,42173,12.608116527797858,42141,LA PÓVEDA DE SORIA,110,42.012535,-2.504514,42173,Base SORIA,41.763279,-2.466248,46.22976060192548
42157,42173,19.551769379258417,42157,LA RIBA DE ESCALOTE,8,41.35182,-2.796188,42173,Base SORIA,41.763279,-2.466248,71.68982105728087
42014,42173,12.381637649881622,42014,LAS ALDEHUELAS,60,41.994965,-2.366008,42173,Base SORIA,41.763279,-2.466248,45.39933804956595
42149,42173,6.412722581715642,42149,LOS RÁBANOS,476,41.717243,-2.475802,42173,Base SORIA,41.763279,-2.466248,23.513316132957357
42211,42173,8.960510411202865,42211,LOS VILLARES DE SORIA,75,41.864416,-2.355386,42173,Base SORIA,41.763279,-2.466248,32.855204841077175
42107,42173,13.125331947759843,42107,MAGAÑA,64,41.898862,-2.156098,42173,Base SORIA,41.763279,-2.466248,48.12621714178609
42113,42173,22.953352022794036,42113,MEDINACELI,671,41.171735,-2.434771,42173,Base SORIA,41.763279,-2.466248,84.1622907502448
42115,42173,22.438663079111937,42115,MIÑO DE MEDINACELI,78,41.189623,-2.519507,42173,Base SORIA,41.763279,-2.466248,82.27509795674378
42118,42173,15.044701811441277,42118,MOMBLONA,18,41.444416,-2.346359,42173,Base SORIA,41.763279,-2.466248,55.16390664195135
42119,42173,18.825667949883325,42119,MONTEAGUDO DE LAS VICARÍAS,177,41.366293,-2.166643,42173,Base SORIA,41.763279,-2.466248,69.02744914957219
42120,42173,25.50037729689497,42120,MONTEJO DE TIERMES,140,41.368546,-3.199736,42173,Base SORIA,41.763279,-2.466248,93.50138342194823
42123,42173,15.632457098551027,42123,MORÓN DE ALMAZÁN,202,41.414934,-2.413089,42173,Base SORIA,41.763279,-2.466248,57.319009361353764
42128,42173,9.653986372263926,42128,NARROS,71,41.847573,-2.294205,42173,Base SORIA,41.763279,-2.466248,35.397950031634394
42135,42173,12.158609721320456,42135,ONCALA,61,41.970101,-2.313454,42173,Base SORIA,41.763279,-2.466248,44.58156897817501
42154,42173,7.714254528914058,42154,RENIEBLAS,110,41.821427,-2.374987,42173,Base SORIA,41.763279,-2.466248,28.28559993935155
42155,42173,23.006308035291568,42155,RETORTILLO DE SORIA,130,41.311319,-2.9807,42173,Base SORIA,41.763279,-2.466248,84.35646279606908
42156,42173,16.209470727481058,42156,REZNOS,22,41.591228,-2.028237,42173,Base SORIA,41.763279,-2.466248,59.43472600076388
42158,42173,14.28157695787118,42158,RIOSECO DE SORIA,123,41.639753,-2.841307,42173,Base SORIA,41.763279,-2.466248,52.365782178861
42161,42173,13.452415230211102,42161,SALDUERO,145,41.889912,-2.799451,42173,Base SORIA,41.763279,-2.466248,49.32552251077404
42163,42173,16.240015444835052,42163,SAN FELICES,59,41.937342,-2.026953,42173,Base SORIA,41.763279,-2.466248,59.54672329772852
42164,42173,18.723117088541873,42164,SAN LEONARDO DE YAGÜE,1949,41.829305,-3.066742,42173,Base SORIA,41.763279,-2.466248,68.65142932465353
42165,42173,14.669940686658132,42165,SAN PEDRO MANRIQUE,619,42.029577,-2.230619,42173,Base SORIA,41.763279,-2.466248,53.78978251774648
42168,42173,20.334748138544462,42168,SANTA MARÍA DE LAS HOYAS,113,41.770075,-3.144148,42173,Base SORIA,41.763279,-2.466248,74.56074317466303
42176,42173,12.169661528615306,42176,TAJAHUERCE,23,41.741041,-2.150749,42173,Base SORIA,41.763279,-2.466248,44.62209227158945
42177,42173,16.0804430829309,42177,TAJUECO,57,41.536323,-2.849461,42173,Base SORIA,41.763279,-2.466248,58.9616246374133
42178,42173,16.34920996001251,42178,TALVEILA,101,41.784079,-2.967284,42173,Base SORIA,41.763279,-2.466248,59.947103186712525
42181,42173,11.498415957341425,42181,TARDELCUENDE,424,41.595474,-2.64468,42173,Base SORIA,41.763279,-2.466248,42.16085851025189
42185,42173,14.74544192630617,42185,TORREBLACOS,26,41.670269,-2.87834,42173,Base SORIA,41.763279,-2.466248,54.06662039645595
42188,42173,13.883867341763413,42188,TRÉVAGO,47,41.873964,-2.102305,42173,Base SORIA,41.763279,-2.466248,50.907513586465846
42192,42173,11.773712431978492,42192,VALDEGEÑA,37,41.817041,-2.175475,42173,Base SORIA,41.763279,-2.466248,43.17027891725447
42197,42173,14.827545542947927,42197,VALDERRODILLA,62,41.563815,-2.808129,42173,Base SORIA,41.763279,-2.466248,54.36766699080906
42198,42173,12.648401339383494,42198,VALTAJEROS,19,41.938821,-2.223136,42173,Base SORIA,41.763279,-2.466248,46.37747157773948
42200,42173,15.858595294984559,42200,VELAMAZÁN,67,41.450548,-2.699467,42173,Base SORIA,41.763279,-2.466248,58.14818274827672
42213,42173,13.090011640158568,42213,VILLASECA DE ARCIEL,24,41.624243,-2.161347,42173,Base SORIA,41.763279,-2.466248,47.996709347248085
42215,42173,13.07187377005883,42215,VINUESA,833,41.911792,-2.762725,42173,Base SORIA,41.763279,-2.466248,47.93020382354904
42218,42173,15.656710409446005,42218,YANGUAS,106,42.101758,-2.339304,42173,Base SORIA,41.763279,-2.466248,57.40793816796868
42219,42173,21.826282866797936,42219,YELO,37,41.210319,-2.527312,42173,Base SORIA,41.763279,-2.466248,80.02970384492576
47001,47186,13.999815926335783,47001,ADALIA,50,41.650252,-5.120514,47186,Base VALLADOLID,41.652328,-4.723349,51.33265839656453
47003,47186,19.41939558888945,47003,AGUILAR DE CAMPOS,259,41.984857,-5.179385,47186,Base VALLADOLID,41.652328,-4.723349,71.20445049259466
47008,47186,18.334226592006786,47008,ALMENARA DE ADAJA,22,41.214056,-4.676157,47186,Base VALLADOLID,41.652328,-4.723349,67.22549750402489
47010,47186,7.136876982789108,47010,ARROYO DE LA ENCOMIENDA,22268,41.609108,-4.797806,47186,Base VALLADOLID,41.652328,-4.723349,26.168548936893394
47011,47186,19.389568097013058,47011,ATAQUINES,573,41.181675,-4.803735,47186,Base VALLADOLID,41.652328,-4.723349,71.09508302238122
47013,47186,20.56278546524642,47013,BARCIAL DE LA LOMA,100,41.951994,-5.282214,47186,Base VALLADOLID,41.652328,-4.723349,75.39688003923688
47019,47186,17.272134750539806,47019,BERRUECES,93,41.945744,-5.097189,47186,Base VALLADOLID,41.652328,-4.723349,63.33116075197929
47020,47186,20.174027978643533,47020,BOBADILLA DEL CAMPO,284,41.20507,-5.022552,47186,Base VALLADOLID,41.652328,-4.723349,73.97143592169294
47027,47186,8.008169434595972,47027,CABEZÓN DE PISUERGA,3895,41.733648,-4.647278,47186,Base VALLADOLID,41.652328,-4.723349,29.3632879268519
47032,47186,12.345793271770866,47032,CAMPORREDONDO,147,41.473792,-4.504557,47186,Base VALLADOLID,41.652328,-4.723349,45.267908663159844
47035,37274,19.71083290399916,47035,CARPIO,938,41.215092,-5.11199,37274,Base SALAMANCA,40.967368,-5.665381,72.27305398133026
47040,24089,20.13311884320163,47040,CASTROBOL,45,42.136174,-5.314957,24089,Base LEÓN,42.599121,-5.567076,73.82143575840598
47042,49275,16.491788008795833,47042,CASTROMEMBIBRE,49,41.673873,-5.305383,49275,Base ZAMORA,41.49914,-5.754948,60.46988936558473
47043,47186,13.068778025354543,47043,CASTROMONTE,326,41.773392,-5.040743,47186,Base VALLADOLID,41.652328,-4.723349,47.918852759633324
47047,34120,15.40308831883166,47047,CASTROVERDE DE CERRATO,189,41.756917,-4.220412,34120,Base PALENCIA,42.007837,-4.534601,56.47799050238275
47055,47186,9.869511977388838,47055,CORCOS,210,41.811446,-4.694451,47186,Base VALLADOLID,41.652328,-4.723349,36.18821058375907
47057,34120,10.549348384724922,47057,CUBILLAS DE SANTA MARTA,404,41.834422,-4.613114,34120,Base PALENCIA,42.007837,-4.534601,38.68094407732472
47063,47186,18.55840610279428,47063,FOMPEDRAZA,111,41.53717,-4.145692,47186,Base VALLADOLID,41.652328,-4.723349,68.04748904357903
47065,37274,18.753399481281406,47065,FRESNO EL VIEJO,836,41.196731,-5.146327,37274,Base SALAMANCA,40.967368,-5.665381,68.76246476469848
47070,34120,15.091543003418359,47070,GATÓN DE CAMPOS,41,42.050046,-4.978973,34120,Base PALENCIA,42.007837,-4.534601,55.33565767920065
47074,47186,13.679645242160333,47074,HORNILLOS DE ERESMA,171,41.366127,-4.719939,47186,Base VALLADOLID,41.652328,-4.723349,50.15869922125455
47111,47186,10.72015932091232,47111,LA PEDRAJA DE PORTILLO,1175,41.472532,-4.647134,47186,Base VALLADOLID,41.652328,-4.723349,39.30725084334517
47232,47186,16.89959189841965,47232,LA ZARZA,118,41.261586,-4.771292,47186,Base VALLADOLID,41.652328,-4.723349,61.965170294205386
47076,47186,7.092966430976158,47076,LAGUNA DE DUERO,22907,41.583318,-4.722149,47186,Base VALLADOLID,41.652328,-4.723349,26.007543580245915
47080,47186,17.29014466813902,47080,MANZANILLO,48,41.585823,-4.188587,47186,Base VALLADOLID,41.652328,-4.723349,63.39719711650975
47081,47186,14.506168069169185,47081,MARZALES,41,41.58754,-5.133612,47186,Base VALLADOLID,41.652328,-4.723349,53.18928292028701
47084,24089,19.787746136728337,47084,MAYORGA,1409,42.16649,-5.262508,24089,Base LEÓN,42.599121,-5.567076,72.55506916800391
47090,47186,11.803082103462732,47090,MOJADOS,3393,41.432809,-4.661593,47186,Base VALLADOLID,41.652328,-4.723349,43.27796771269668
47092,47186,13.556880495929983,47092,MONTEALEGRE DE CAMPOS,105,41.902443,-4.898492,47186,Base VALLADOLID,41.652328,-4.723349,49.70856181840993
47094,34120,17.03647175535507,47094,MORAL DE LA REINA,146,41.985616,-5.067824,34120,Base PALENCIA,42.007837,-4.534601,62.46706310296859
47098,47186,7.9024325199787615,47098,MUCIENTES,691,41.743862,-4.760791,47186,Base VALLADOLID,41.652328,-4.723349,28.97558590658879
47102,47186,18.901419112749807,47102,NUEVA VILLA DE LAS TORRES,278,41.268017,-5.056775,47186,Base VALLADOLID,41.652328,-4.723349,69.30520341341595
47103,47186,13.088331216899697,47103,OLIVARES DE DUERO,327,41.638349,-4.366923,47186,Base VALLADOLID,41.652328,-4.723349,47.99054779529889
47104,47186,16.05672301819574,47104,OLMEDO,3564,41.288881,-4.684735,47186,Base VALLADOLID,41.652328,-4.723349,58.87465106671772
47105,47186,9.710831607643858,47105,OLMOS DE ESGUEVA,197,41.68761,-4.520828,47186,Base VALLADOLID,41.652328,-4.723349,35.60638256136081
47106,47186,20.637957042328733,47106,OLMOS DE PEÑAFIEL,38,41.572402,-4.041974,47186,Base VALLADOLID,41.652328,-4.723349,75.67250915520535
47115,47186,11.171552376557507,47115,PEÑAFLOR DE HORNIJA,350,41.711656,-4.984002,47186,Base VALLADOLID,41.652328,-4.723349,40.96235871404419
47124,47186,13.946579898006748,47124,POZALDEZ,500,41.371983,-4.846038,47186,Base VALLADOLID,41.652328,-4.723349,51.13745962602474
47130,34120,10.453235572163642,47130,QUINTANILLA DE TRIGUEROS,101,41.853786,-4.659283,34120,Base PALENCIA,42.007837,-4.534601,38.328530431266685
47137,47186,18.71379872806073,47137,ROTURAS,26,41.667032,-4.11838,47186,Base VALLADOLID,41.652328,-4.723349,68.61726200288935
47139,47186,14.02295944882433,47139,RUEDA,1103,41.413679,-4.960717,47186,Base VALLADOLID,41.652328,-4.723349,51.41751797902254
47140,24089,19.251470749092668,47140,SAELICES DE MAYORGA,111,42.212059,-5.206132,24089,Base LEÓN,42.599121,-5.567076,70.58872608000645
47144,47186,9.698561423391657,47144,SAN MARTÍN DE VALVENÍ,84,41.753516,-4.566199,47186,Base VALLADOLID,41.652328,-4.723349,35.56139188576941
47145,47186,13.722773014369109,47145,SAN MIGUEL DEL ARROYO,646,41.442199,-4.460903,47186,Base VALLADOLID,41.652328,-4.723349,50.31683438602006
47148,49275,17.061308117190976,47148,SAN PEDRO DE LATARCE,434,41.735356,-5.326939,49275,Base ZAMORA,41.49914,-5.754948,62.55812976303357
47152,47186,19.291107749074236,47152,SANTA EUFEMIA DEL ARROYO,73,41.894811,-5.265169,47186,Base VALLADOLID,41.652328,-4.723349,70.73406174660553
47154,47186,11.651163961399178,47154,SANTIBÁÑEZ DE VALCORBA,187,41.570067,-4.451421,47186,Base VALLADOLID,41.652328,-4.723349,42.72093452513032
47159,47186,11.700358200405699,47159,SERRADA,1109,41.457369,-4.862274,47186,Base VALLADOLID,41.652328,-4.723349,42.90131340148756
47163,49275,16.955656342287607,47163,TIEDRA,282,41.652308,-5.269345,49275,Base ZAMORA,41.49914,-5.754948,62.17073992172123
47165,47186,12.78003563073996,47165,TORDESILLAS,8638,41.502023,-5.001276,47186,Base VALLADOLID,41.652328,-4.723349,46.86013064604652
47166,47186,14.714218050420754,47166,TORRECILLA DE LA ABADESA,250,41.485726,-5.08904,47186,Base VALLADOLID,41.652328,-4.723349,53.952132851542764
47168,47186,12.417540366258521,47168,TORRECILLA DE LA TORRE,28,41.665532,-5.050257,47186,Base VALLADOLID,41.652328,-4.723349,45.53098134294791
47174,47186,10.633275376054401,47174,TRIGUEROS DEL VALLE,314,41.830167,-4.651435,47186,Base VALLADOLID,41.652328,-4.723349,38.98867637886614
47180,47186,20.2928564606616,47180,VALDEARCOS DE LA VEGA,64,41.642407,-4.048624,47186,Base VALLADOLID,41.652328,-4.723349,74.40714035575921
47181,47186,13.307531585793628,47181,VALDENEBRO DE LOS VALLES,185,41.855907,-4.96906,47186,Base VALLADOLID,41.652328,-4.723349,48.7942824812433
47183,34120,22.54374440642307,47183,VALDUNQUILLO,116,42.039327,-5.312196,34120,Base PALENCIA,42.007837,-4.534601,82.66039615688459
47188,47186,14.03399497564718,47188,VEGA DE VALDETRONCO,91,41.593065,-5.11389,47186,Base VALLADOLID,41.652328,-4.723349,51.457981577373
47192,47186,12.66734631357206,47192,VENTOSA DE LA CUESTA,101,41.412759,-4.831303,47186,Base VALLADOLID,41.652328,-4.723349,46.44693648309755
47193,47186,8.79216985922254,47193,VIANA DE CEGA,2292,41.529431,-4.754222,47186,Base VALLADOLID,41.652328,-4.723349,32.237956150482646
47197,47186,15.316655405838134,47197,VILLABRÁGIMA,1048,41.822891,-5.117809,47186,Base VALLADOLID,41.652328,-4.723349,56.161069821406485
47198,34120,17.72694920121837,47198,VILLACARRALÓN,66,42.190792,-5.043635,34120,Base PALENCIA,42.007837,-4.534601,64.9988137378007
47199,34120,18.48288932720296,47199,VILLACID DE CAMPOS,82,42.081421,-5.125034,34120,Base PALENCIA,42.007837,-4.534601,67.7705941997442
47200,34120,15.0909580881492,47200,VILLACO,75,41.739745,-4.269896,34120,Base PALENCIA,42.007837,-4.534601,55.3335129898804
47209,34120,20.78563513838725,47209,VILLALÁN DE CAMPOS,32,42.015225,-5.235106,34120,Base PALENCIA,42.007837,-4.534601,76.21399550741991
47210,47186,14.900258776913141,47210,VILLALAR DE LOS COMUNEROS,490,41.548974,-5.137463,47186,Base VALLADOLID,41.652328,-4.723349,54.63428218201485
47212,47186,12.11879244991557,47212,VILLALBA DE LOS ALCORES,392,41.863127,-4.861809,47186,Base VALLADOLID,41.652328,-4.723349,44.43557231635709
47213,47186,16.205423954741704,47213,VILLALBARBA,100,41.602948,-5.213245,47186,Base VALLADOLID,41.652328,-4.723349,59.419887834052915
47214,34120,16.58323457493504,47214,VILLALÓN DE CAMPOS,1496,42.098539,-5.034294,34120,Base PALENCIA,42.007837,-4.534601,60.805193441428486
47217,47186,8.030323636700615,47217,VILLANUBLA,2915,41.699577,-4.841232,47186,Base VALLADOLID,41.652328,-4.723349,29.44452000123559
47221,47186,10.640690920276057,47221,VILLANUEVA DE LOS INFANTES,112,41.703252,-4.48383,47186,Base VALLADOLID,41.652328,-4.723349,39.015866707678875
47223,47186,17.10721504708034,47223,VILLARDEFRADES,136,41.720387,-5.250124,47186,Base VALLADOLID,41.652328,-4.723349,62.726455172627915
47224,47186,9.118169032367694,47224,VILLARMENTERO DE ESGUEVA,102,41.685773,-4.547158,47186,Base VALLADOLID,41.652328,-4.723349,33.43328645201488
47226,47186,10.925426543772325,47226,VILLAVAQUERÍN,145,41.663152,-4.462227,47186,Base VALLADOLID,41.652328,-4.723349,40.059897327165196
49002,49275,13.399765602274417,49002,ABEZAMES,60,41.625537,-5.425556,49275,Base ZAMORA,41.49914,-5.754948,49.1324738750062
49005,49275,14.736654262696906,49005,ALFARAZ DE SAYAGO,124,41.22741,-5.98281,49275,Base ZAMORA,41.49914,-5.754948,54.03439896322199
49007,49275,8.72927575463668,49007,ALMARAZ DE DUERO,397,41.4741,-5.915668,49275,Base ZAMORA,41.49914,-5.754948,32.007344433667825
49012,49275,15.504743295115983,49012,ARGAÑÍN,80,41.438872,-6.210181,49275,Base ZAMORA,41.49914,-5.754948,56.850725415425266
49013,49275,11.846442091754447,49013,ARGUJILLO,218,41.311744,-5.587089,49275,Base ZAMORA,41.49914,-5.754948,43.436954336432976
49015,24089,21.590116522063575,49015,ARRABALDE,194,42.107994,-5.893165,24089,Base LEÓN,42.599121,-5.567076,79.16376058089978
49016,49275,11.368631822028934,49016,ASPARIEGOS,225,41.673541,-5.598533,49275,Base ZAMORA,41.49914,-5.754948,41.68498334743943
49017,24115,20.230378136300352,49017,ASTURIANOS,260,42.051862,-6.489204,24115,Base PONFERRADA,42.547681,-6.5973,74.17805316643462
49020,49275,14.650315786479936,49020,BELVER DE LOS MONTES,253,41.722693,-5.452048,49275,Base ZAMORA,41.49914,-5.754948,53.71782455042643
49022,49275,9.75283635212315,49022,BENEGILES,268,41.627677,-5.635101,49275,Base ZAMORA,41.49914,-5.754948,35.760399957784884
49026,49275,16.664854910925463,49026,BRETOCINO,195,41.88379,-5.754672,49275,Base ZAMORA,41.49914,-5.754948,61.10446800672669
49027,49275,23.273913144431987,49027,BRIME DE SOG,116,42.061129,-6.04653,49275,Base ZAMORA,41.49914,-5.754948,85.33768152958395
49029,49275,17.82707665069026,49029,BURGANES DE VALVERDE,618,41.921624,-5.782226,49275,Base ZAMORA,41.49914,-5.754948,65.36594771919762
49030,49275,13.513886865799346,49030,BUSTILLO DEL ORO,79,41.675185,-5.462556,49275,Base ZAMORA,41.49914,-5.754948,49.55091850793094
49031,49275,10.098019755951604,49031,CABAÑAS DE SAYAGO,151,41.333304,-5.791677,49275,Base ZAMORA,41.49914,-5.754948,37.026072438489216
49033,49275,21.249337371774526,49033,CAMARZANA DE TERA,746,41.995064,-6.026896,49275,Base ZAMORA,41.49914,-5.754948,77.91423702983992
49038,49275,8.787411148469781,49038,CASASECA DE CAMPEÁN,86,41.374446,-5.74561,49275,Base ZAMORA,41.49914,-5.754948,32.2205075443892
49042,49275,13.2782839429087,49042,CASTRONUEVO,218,41.721607,-5.543368,49275,Base ZAMORA,41.49914,-5.754948,48.68704112399857
49043,47186,21.529534478578984,49043,CASTROVERDE DE CAMPOS,256,41.969999,-5.317602,47186,Base VALLADOLID,41.652328,-4.723349,78.94162642145628
49047,49275,11.03804959505412,49047,CERECINOS DEL CARRIZAL,108,41.682681,-5.651762,49275,Base ZAMORA,41.49914,-5.754948,40.47284851519844
49054,49275,9.338750735808127,49054,CORRALES DEL VINO,929,41.35782,-5.725187,49275,Base ZAMORA,41.49914,-5.754948,34.242086031296466
49059,49275,11.23108226864981,49059,CUELGAMURES,80,41.306976,-5.65797,49275,Base ZAMORA,41.49914,-5.754948,41.18063498504931
49146,49275,13.263044773336702,49146,EL PEGO,284,41.333303,-5.466657,49275,Base ZAMORA,41.49914,-5.754948,48.631164168901236
49151,49275,7.599854207943014,49151,EL PERDIGÓN,650,41.41341,-5.75455,49275,Base ZAMORA,41.49914,-5.754948,27.866132095791052
49062,24115,18.849897722556243,49062,ESPADAÑEDO,104,42.116383,-6.394126,24115,Base PONFERRADA,42.547681,-6.5973,69.11629164937288
49064,49275,16.96671556330903,49064,FARIZA,496,41.42006,-6.270811,49275,Base ZAMORA,41.49914,-5.754948,62.211290398799775
49065,49275,20.645229514918835,49065,FERMOSELLE,1149,41.318564,-6.399301,49275,Base ZAMORA,41.49914,-5.754948,75.69917488803573
49068,49275,15.824779893166433,49068,FERRERUELA,419,41.766392,-6.071531,49275,Base ZAMORA,41.49914,-5.754948,58.02419294161025
49069,49275,24.240864255462345,49069,FIGUERUELA DE ARRIBA,318,41.868799,-6.445423,49275,Base ZAMORA,41.49914,-5.754948,88.88316893669526
49077,49275,12.362070151568142,49077,FRESNO DE SAYAGO,143,41.318667,-5.971441,49275,Base ZAMORA,41.49914,-5.754948,45.32759055574985
49083,49275,12.46621335220799,49083,FUENTESECAS,44,41.628757,-5.475193,49275,Base ZAMORA,41.49914,-5.754948,45.70944895809596
49086,49275,10.000080402929889,49086,GALLEGOS DEL PAN,116,41.599915,-5.580577,49275,Base ZAMORA,41.49914,-5.754948,36.66696147740959
49090,49275,8.413727416534353,49090,GEMA,197,41.419497,-5.648797,49275,Base ZAMORA,41.49914,-5.754948,30.850333860625963
49024,49275,14.194721392776975,49024,LA BÓVEDA DE TORO,676,41.342867,-5.408458,49275,Base ZAMORA,41.49914,-5.754948,52.047311773515574
49100,24115,22.00754588902827,49100,LUBIÁN,290,42.03546,-6.906032,24115,Base PONFERRADA,42.547681,-6.5973,80.69433492643698
49104,49275,23.01277092902512,49104,MAHIDE,310,41.869063,-6.377211,49275,Base ZAMORA,41.49914,-5.754948,84.3801600730921
49107,49275,12.645536473719922,49107,MALVA,100,41.653463,-5.488447,49275,Base ZAMORA,41.49914,-5.754948,46.36696707030638
49109,49275,21.259807119253765,49109,MANGANESES DE LA POLVOROSA,641,42.035274,-5.746713,49275,Base ZAMORA,41.49914,-5.754948,77.95262610393047
49114,49275,11.266491653952912,49114,MATILLA LA SECA,36,41.578904,-5.500276,49275,Base ZAMORA,41.49914,-5.754948,41.31046939782734
49116,49275,20.331866656771954,49116,MELGAR DE TERA,351,41.96624,-6.014163,49275,Base ZAMORA,41.49914,-5.754948,74.55017774149717
49117,49275,20.092022899750326,49117,MICERECES DE TERA,414,41.989068,-5.872077,49275,Base ZAMORA,41.49914,-5.754948,73.67075063241786
49124,49275,12.899715116762692,49124,MORAL DE SAYAGO,262,41.473095,-6.100941,49275,Base ZAMORA,41.49914,-5.754948,47.29895542812987
49127,49275,6.695281937892824,49127,MORALES DEL VINO,3085,41.446216,-5.730921,49275,Base ZAMORA,41.49914,-5.754948,24.549367105607022
49136,49275,15.620914795854665,49136,MUGA DE SAYAGO,317,41.3886,-6.198281,49275,Base ZAMORA,41.49914,-5.754948,57.27668758480044
49143,24115,20.068965812189163,49143,PALACIOS DE SANABRIA,230,42.053217,-6.530843,24115,Base PONFERRADA,42.547681,-6.5973,73.58620797802693
49147,49275,11.212848773281298,49147,PELEAGONZALO,294,41.481571,-5.482456,49275,Base ZAMORA,41.49914,-5.754948,41.11377883536476
49148,49275,8.554189006070269,49148,PELEAS DE ABAJO,255,41.392801,-5.689214,49275,Base ZAMORA,41.49914,-5.754948,31.36535968892432
49149,49275,11.932729711252907,49149,PEÑAUSENDE,375,41.286637,-5.867299,49275,Base ZAMORA,41.49914,-5.754948,43.75334227459399
49153,49275,12.396933872197149,49153,PERILLA DE CASTRO,148,41.725449,-5.876645,49275,Base ZAMORA,41.49914,-5.754948,45.455424198056214
49157,49275,13.648402621565568,49157,PINO DEL ORO,175,41.576952,-6.121489,49275,Base ZAMORA,41.49914,-5.754948,50.04414294574042
49160,49275,12.76632111176965,49160,POBLADURA DE VALDERADUEY,35,41.700012,-5.542517,49275,Base ZAMORA,41.49914,-5.754948,46.809844076488716
49159,24089,20.521001789368054,49159,POBLADURA DEL VALLE,273,42.102439,-5.734194,24089,Base LEÓN,42.599121,-5.567076,75.24367322768286
49168,49275,19.472027923413258,49168,QUINTANILLA DEL MONTE,95,41.868904,-5.350995,49275,Base ZAMORA,41.49914,-5.754948,71.39743571918194
49173,49275,22.043597110291284,49173,RÁBANO DE ALISTE,314,41.742251,-6.432775,49275,Base ZAMORA,41.49914,-5.754948,80.8265227377347
49178,49275,6.673468523630217,49178,ROALES,1022,41.552448,-5.773998,49275,Base ZAMORA,41.49914,-5.754948,24.46938458664413
49183,49275,17.628455360813994,49183,SALCE,85,41.270208,-6.218572,49275,Base ZAMORA,41.49914,-5.754948,64.63766965631798
49184,49275,15.668927917237678,49184,SAMIR DE LOS CAÑOS,156,41.672715,-6.164073,49275,Base ZAMORA,41.49914,-5.754948,57.45273569653815
49185,49275,17.29761735381659,49185,SAN AGUSTÍN DEL POZO,166,41.886411,-5.593888,49275,Base ZAMORA,41.49914,-5.754948,63.42459696399417
49186,49275,11.284464453874275,49186,SAN CEBRIÁN DE CASTRO,249,41.706371,-5.754891,49275,Base ZAMORA,41.49914,-5.754948,41.376369664205676
49188,49275,19.0440926947156,49188,SAN ESTEBAN DEL MOLAR,109,41.936665,-5.551598,49275,Base ZAMORA,41.49914,-5.754948,69.82833988062387
49208,49275,19.59821287013107,49208,SAN VICENTE DE LA CABEZA,323,41.80438,-6.253115,49275,Base ZAMORA,41.49914,-5.754948,71.86011385714727
49209,49275,20.909093617478675,49209,SAN VITERO,429,41.778447,-6.349144,49275,Base ZAMORA,41.49914,-5.754948,76.66667659742181
49199,49275,18.994080485782433,49199,SANTA COLOMBA DE LAS MONJAS,232,41.957518,-5.683644,49275,Base ZAMORA,41.49914,-5.754948,69.64496178120226
49224,24115,17.944908403258566,49224,TREFACIO,165,42.122584,-6.649728,24115,Base PONFERRADA,42.547681,-6.5973,65.79799747861475
49225,24115,22.28933157798649,49225,UÑA DE QUINTANA,121,42.086562,-6.143883,24115,Base PONFERRADA,42.547681,-6.5973,81.7275491192838
49228,49275,12.000307563987157,49228,VALDEFINJAS,59,41.452477,-5.453213,49275,Base ZAMORA,41.49914,-5.754948,44.00112773461958
49232,49275,20.758068468952253,49232,VEGA DE VILLALOBOS,91,41.971014,-5.463363,49275,Base ZAMORA,41.49914,-5.754948,76.11291771949159
49235,49275,14.984210593504905,49235,VEZDEMARBÁN,439,41.653124,-5.365947,49275,Base ZAMORA,41.49914,-5.754948,54.94210550951799
49236,49275,18.101812582280374,49236,VIDAYANES,76,41.909591,-5.574331,49275,Base ZAMORA,41.49914,-5.754948,66.37331280169471
49239,49275,13.692983490545354,49239,VILLABUENA DEL PUENTE,586,41.38096,-5.406575,49275,Base ZAMORA,41.49914,-5.754948,50.20760613199963
49240,49275,13.678679530330971,49240,VILLADEPERA,179,41.54861,-6.131441,49275,Base ZAMORA,41.49914,-5.754948,50.155158277880226
49241,37274,13.601447874654088,49241,VILLAESCUSA,237,41.206823,-5.463688,37274,Base SALAMANCA,40.967368,-5.665381,49.871975540398324
49246,49275,12.84095677556002,49246,VILLALBA DE LA LAMPREANA,212,41.743269,-5.641027,49275,Base ZAMORA,41.49914,-5.754948,47.08350817705341
49248,49275,20.01377700604413,49248,VILLALOBOS,193,41.948233,-5.475756,49275,Base ZAMORA,41.49914,-5.754948,73.38384902216181
49250,49275,18.505633060209398,49250,VILLALPANDO,1399,41.864879,-5.414703,49275,Base ZAMORA,41.49914,-5.754948,67.85398788743446
49252,49275,19.991043765624255,49252,VILLAMAYOR DE CAMPOS,339,41.897478,-5.362892,49275,Base ZAMORA,41.49914,-5.754948,73.30049380728893
49255,49275,13.517131884927732,49255,VILLAMOR DE LOS ESCUDEROS,365,41.253031,-5.574626,49275,Base ZAMORA,41.49914,-5.754948,49.56281691140168
49256,49275,19.415841804592425,49256,VILLANÁZAR,249,41.974128,-5.780287,49275,Base ZAMORA,41.49914,-5.754948,71.19141995017223
49262,49275,23.086131045579858,49262,VILLARDECIERVOS,392,41.942316,-6.289652,49275,Base ZAMORA,41.49914,-5.754948,84.64914716712615
49265,49275,14.762946826870644,49265,VILLARDIEGUA DE LA RIBERA,116,41.53635,-6.182029,49275,Base ZAMORA,41.49914,-5.754948,54.13080503185903
49267,49275,13.928896214214598,49267,VILLARDONDIEGO,127,41.584417,-5.378432,49275,Base ZAMORA,41.49914,-5.754948,51.07261945212019
49268,49275,14.395473523637069,49268,VILLARRÍN DE CAMPOS,415,41.796464,-5.638397,49275,Base ZAMORA,41.49914,-5.754948,52.78340292000259
49270,49275,14.660129812456228,49270,VILLAVENDIMIO,156,41.578619,-5.342834,49275,Base ZAMORA,41.49914,-5.754948,53.753809312339506
5001,5019,14.006923048383962,5001,ADANERO,208,40.944236,-4.603775,5019,Base ÁVILA,40.65587,-4.697713,51.358717844074526
5005,5019,11.958937950100964,5005,ALBORNOS,175,40.835453,-4.886271,5019,Base ÁVILA,40.65587,-4.697713,43.8494391503702
5015,37274,18.356796584603977,5015,AREVALILLO,58,40.587063,-5.371997,37274,Base SALAMANCA,40.967368,-5.665381,67.30825414354791
5023,5019,18.53393004511218,5023,BARROMÁN,175,41.06568,-4.931357,5019,Base ÁVILA,40.65587,-4.697713,67.95774349874465
5029,5019,16.227037571064216,5029,BERNUY-ZAPARDIEL,84,40.976025,-4.943348,5019,Base ÁVILA,40.65587,-4.697713,59.499137760568786
5030,5019,7.763665518253207,5030,BERROCALEJO DE ARAGONA,56,40.699531,-4.592236,5019,Base ÁVILA,40.65587,-4.697713,28.466773566928428
5045,5019,12.810551762257647,5045,CABIZUELA,88,40.90119,-4.801294,5019,Base ÁVILA,40.65587,-4.697713,46.972023128278046
5046,5019,16.542636504116604,5046,CANALES,35,41.003967,-4.901173,5019,Base ÁVILA,40.65587,-4.697713,60.65633384842754
5054,5019,16.527465878941882,5054,CASAVIEJA,1394,40.279297,-4.765808,5019,Base ÁVILA,40.65587,-4.697713,60.600708222786906
5057,5019,13.12943393529327,5057,CEBREROS,3239,40.454779,-4.464399,5019,Base ÁVILA,40.65587,-4.697713,48.141257762741986
5062,5019,13.826371516886226,5062,COLLADO DE CONTRERAS,145,40.88773,-4.930021,5019,Base ÁVILA,40.65587,-4.697713,50.696695561916165
5064,5019,14.476909742029465,5064,CONSTANZANA,99,40.938421,-4.874063,5019,Base ÁVILA,40.65587,-4.697713,53.08200238744137
5013,5019,19.865109110598723,5013,EL ARENAL,978,40.265212,-5.086854,5019,Base ÁVILA,40.65587,-4.697713,72.83873340552866
5112,37274,22.676760048582562,5112,EL LOSAR DEL BARCO,63,40.392406,-5.539015,37274,Base SALAMANCA,40.967368,-5.665381,83.14812017813605
5129,37274,19.502115890011886,5129,EL MIRÓN,98,40.531673,-5.405187,37274,Base SALAMANCA,40.967368,-5.665381,71.50775826337691
5078,5019,16.8920456486592,5078,FUENTES DE AÑO,88,41.017549,-4.898007,5019,Base ÁVILA,40.65587,-4.697713,61.93750071175039
5079,5019,9.90002604235299,5079,GALLEGOS DE ALTAMIROS,60,40.709599,-4.89866,5019,Base ÁVILA,40.65587,-4.697713,36.30009548862763
5085,37274,25.385133499182643,5085,GIL GARCÍA,47,40.297222,-5.59615,37274,Base SALAMANCA,40.967368,-5.665381,93.07882283033636
5087,5019,10.28010555777136,5087,GOTARRENDURA,167,40.827136,-4.739094,5019,Base ÁVILA,40.65587,-4.697713,37.69372037849499
5088,5019,11.712486882903375,5088,GRANDES Y SAN MARTÍN,32,40.755002,-4.958777,5019,Base ÁVILA,40.65587,-4.697713,42.94578523731238
5089,5019,21.655685247390867,5089,GUISANDO,474,40.221963,-5.140112,5019,Base ÁVILA,40.65587,-4.697713,79.40417924043318
5090,5019,15.010472827385426,5090,GUTIERRE-MUÑOZ,64,40.982699,-4.636491,5019,Base ÁVILA,40.65587,-4.697713,55.0384003670799
5094,5019,14.006346967324468,5094,HERREROS DE SUSO,140,40.802534,-5.038494,5019,Base ÁVILA,40.65587,-4.697713,51.35660554685638
5002,5019,15.840179599686069,5002,LA ADRADA,2796,40.301364,-4.63746,5019,Base ÁVILA,40.65587,-4.697713,58.08065853218225
5096,5019,12.333109150268537,5096,LA HIJA DE DIOS,75,40.533872,-4.972665,5019,Base ÁVILA,40.65587,-4.697713,45.22140021765131
5097,37274,21.771047354191804,5097,LA HORCAJADA,457,40.435305,-5.466432,37274,Base SALAMANCA,40.967368,-5.665381,79.82717363203662
5118,5019,16.136410176138888,5118,MANCERA DE ARRIBA,70,40.790929,-5.148302,5019,Base ÁVILA,40.65587,-4.697713,59.16683731250926
5119,5019,13.739861253003935,5119,MANJABÁLAGO Y ORTIGOSA DE RIOALMAR,26,40.665623,-5.077413,5019,Base ÁVILA,40.65587,-4.697713,50.37949126101443
5121,5019,7.010258486480618,5121,MARTIHERRERO,361,40.673934,-4.781796,5019,Base ÁVILA,40.65587,-4.697713,25.7042811170956
5122,37274,17.554575316756704,5122,MARTÍNEZ,108,40.630813,-5.34692,37274,Base SALAMANCA,40.967368,-5.665381,64.36677616144125
5126,5019,19.673182070527176,5126,MESEGAR DE CORNEJA,66,40.501572,-5.301507,5019,Base ÁVILA,40.65587,-4.697713,72.13500092526631
5127,5019,16.334770039123576,5127,MIJARES,731,40.297768,-4.838469,5019,Base ÁVILA,40.65587,-4.697713,59.894156810119775
5128,5019,7.981129043225343,5128,MINGORRÍA,410,40.751028,-4.665175,5019,Base ÁVILA,40.65587,-4.697713,29.26413982515959
5130,5019,9.242711702880925,5130,MIRONCILLO,112,40.554959,-4.825349,5019,Base ÁVILA,40.65587,-4.697713,33.88994291056339
5131,5019,14.435526608275698,5131,MIRUEÑA DE LOS INFANZONES,95,40.737499,-5.093717,5019,Base ÁVILA,40.65587,-4.697713,52.93026423034423
5133,5019,8.937555927289417,5133,MONSALUPE,59,40.769202,-4.781304,5019,Base ÁVILA,40.65587,-4.697713,32.771038400061194
5135,5019,12.555953624880923,5135,MUÑANA,502,40.590961,-5.014648,5019,Base ÁVILA,40.65587,-4.697713,46.038496624563386
5138,5019,9.946049700074703,5138,MUÑOGALINDO,300,40.603862,-4.901397,5019,Base ÁVILA,40.65587,-4.697713,36.46884890027391
5139,5019,12.188657655031797,5139,MUÑOGRANDE,74,40.821577,-4.921427,5019,Base ÁVILA,40.65587,-4.697713,44.69174473511659
5140,5019,12.468855358920106,5140,MUÑOMER DEL PECO,111,40.859571,-4.880465,5019,Base ÁVILA,40.65587,-4.697713,45.71913631604039
5142,5019,16.185302157767897,5142,MUÑOSANCHO,88,40.921973,-5.035046,5019,Base ÁVILA,40.65587,-4.697713,59.346107911815615
5143,5019,13.610830453758975,5143,MUÑOTELLO,49,40.542697,-5.040689,5019,Base ÁVILA,40.65587,-4.697713,49.90637833044958
5144,37274,17.96921046842858,5144,NARRILLOS DEL ÁLAMO,59,40.567055,-5.466694,37274,Base SALAMANCA,40.967368,-5.665381,65.8871050509048
5157,5019,13.489087502379562,5157,NAVALACRUZ,204,40.439978,-4.932213,5019,Base ÁVILA,40.65587,-4.697713,49.459987508725064
5160,5019,14.397509441727802,5160,NAVALOSA,324,40.401826,-4.931181,5019,Base ÁVILA,40.65587,-4.697713,52.79086795300194
5161,5019,11.898157942000314,5161,NAVALPERAL DE PINARES,826,40.594486,-4.409132,5019,Base ÁVILA,40.65587,-4.697713,43.62657912066781
5162,5019,21.653790528079384,5162,NAVALPERAL DE TORMES,77,40.352879,-5.30008,5019,Base ÁVILA,40.65587,-4.697713,79.39723193629108
5163,5019,12.377267142636263,5163,NAVALUENGA,2172,40.412733,-4.708148,5019,Base ÁVILA,40.65587,-4.697713,45.383312856332964
5164,5019,13.52438156757219,5164,NAVAQUESERA,43,40.425026,-4.908764,5019,Base ÁVILA,40.65587,-4.697713,49.58939908109803
5169,5019,13.30140503366923,5169,NAVATALGORDO,237,40.415394,-4.869799,5019,Base ÁVILA,40.65587,-4.697713,48.77181845678717
5171,37274,21.462784439460975,5171,NEILA DE SAN MIGUEL,62,40.424615,-5.651008,37274,Base SALAMANCA,40.967368,-5.665381,78.69687627802358
5172,5019,8.848203352090056,5172,NIHARRA,183,40.588588,-4.839461,5019,Base ÁVILA,40.65587,-4.697713,32.443412290996875
5174,5019,15.451306770184837,5174,ORBITA,69,40.998381,-4.647247,5019,Base ÁVILA,40.65587,-4.697713,56.65479149067774
5176,5019,8.537474466803868,5176,PADIERNOS,275,40.621932,-4.844785,5019,Base ÁVILA,40.65587,-4.697713,31.30407304494752
5177,5019,13.228161908221438,5177,PAJARES DE ADAJA,127,40.923697,-4.640356,5019,Base ÁVILA,40.65587,-4.697713,48.50326033014527
5181,37274,17.996024809402336,5181,PASCUALCOBO,39,40.655339,-5.277265,37274,Base SALAMANCA,40.967368,-5.665381,65.9854243011419
5186,5019,20.644563544285454,5186,PIEDRAHÍTA,1637,40.463777,-5.32792,5019,Base ÁVILA,40.65587,-4.697713,75.69673299571333
5195,5019,8.776361386456937,5195,RIOFRÍO,191,40.547284,-4.777999,5019,Base ÁVILA,40.65587,-4.697713,32.179991750342104
5196,5019,14.9878728880054,5196,RIVILLA DE BARAJAS,56,40.901297,-4.987756,5019,Base ÁVILA,40.65587,-4.697713,54.95553392268646
5201,5019,9.98513836832112,5201,SAN BARTOLOMÉ DE PINARES,489,40.543187,-4.540079,5019,Base ÁVILA,40.65587,-4.697713,36.61217401717744
5209,5019,15.222167773553624,5209,SAN GARCÍA DE INGELMOS,66,40.769932,-5.11618,5019,Base ÁVILA,40.65587,-4.697713,55.814615169696616
5213,5019,13.111150716361873,5213,SAN JUAN DEL OLMO,81,40.653173,-5.05025,5019,Base ÁVILA,40.65587,-4.697713,48.07421929332687
5218,37274,17.493892096570228,5218,SAN MIGUEL DE SERREZUELA,106,40.670366,-5.288092,37274,Base SALAMANCA,40.967368,-5.665381,64.1442710207575
5220,5019,10.977368450101118,5220,SAN PEDRO DEL ARROYO,501,40.805112,-4.867618,5019,Base ÁVILA,40.65587,-4.697713,40.250350983704095
5205,5019,10.002612575011026,5205,SANCHORREJA,79,40.664841,-4.914851,5019,Base ÁVILA,40.65587,-4.697713,36.67624610837376
5222,5019,9.39362102372025,5222,SANTA CRUZ DE PINARES,170,40.542215,-4.579379,5019,Base ÁVILA,40.65587,-4.697713,34.44327708697425
5225,37274,20.108980044904555,5225,SANTA MARÍA DEL BERROCAL,382,40.509532,-5.406048,37274,Base SALAMANCA,40.967368,-5.665381,73.7329268313167
5902,5019,10.796652978712338,5902,SANTA MARÍA DEL CUBILLO,322,40.742212,-4.472778,5019,Base ÁVILA,40.65587,-4.697713,39.587727588611905
5228,5019,21.612779787506817,5228,SANTIAGO DEL COLLADO,162,40.433561,-5.356583,5019,Base ÁVILA,40.65587,-4.697713,79.24685922085833
5229,5019,9.974452203411316,5229,SANTO DOMINGO DE LAS POSADAS,69,40.812408,-4.633024,5019,Base ÁVILA,40.65587,-4.697713,36.57299141250816
5230,5019,11.314892088783647,5230,SANTO TOMÉ DE ZABARCOS,71,40.787784,-4.910307,5019,Base ÁVILA,40.65587,-4.697713,41.48793765887337
5236,37274,24.82640105172732,5236,SOLANA DE ÁVILA,100,40.314719,-5.614766,37274,Base SALAMANCA,40.967368,-5.665381,91.03013718966685
5237,5019,12.601512521736987,5237,SOLANA DE RIOALMAR,138,40.737923,-5.010111,5019,Base ÁVILA,40.65587,-4.697713,46.20554591303562
5240,5019,16.34456343873174,5240,SOTILLO DE LA ADRADA,5003,40.292542,-4.580612,5019,Base ÁVILA,40.65587,-4.697713,59.93006594201638
5243,5019,8.954022830674592,5243,TOLBAÑOS,86,40.751776,-4.581197,5019,Base ÁVILA,40.65587,-4.697713,32.83141704580684
5244,37274,25.406187291887054,5244,TORMELLAS,35,40.304933,-5.509627,37274,Base SALAMANCA,40.967368,-5.665381,93.15602007025254
5252,5019,12.221373633052853,5252,VALDECASA,56,40.659187,-5.011577,5019,Base ÁVILA,40.65587,-4.697713,44.8117033211938
5257,5019,18.168951504521615,5257,VILLAFRANCA DE LA SIERRA,134,40.497326,-5.229974,5019,Base ÁVILA,40.65587,-4.697713,66.61948884991259
5265,5019,13.526395228723384,5265,VITA,71,40.812382,-5.005955,5019,Base ÁVILA,40.65587,-4.697713,49.59678250531908
9007,9059,16.298366189236347,9007,AGUILAR DE BUREBA,50,42.590132,-3.328516,9059,Base BURGOS,42.34113,-3.704198,59.76067602719994
9009,9059,7.771027874297772,9009,ALBILLOS,214,42.276171,-3.791095,9059,Base BURGOS,42.34113,-3.704198,28.493768872425164
9012,9059,24.44235073425651,9012,ALFOZ DE SANTA GADEA,101,42.955776,-3.952068,9059,Base BURGOS,42.34113,-3.704198,89.62195269227387
9016,9059,22.264741474430455,9016,AMEYUGO,108,42.656227,-3.061089,9059,Base BURGOS,42.34113,-3.704198,81.637385406245
9017,34120,20.66940171839127,9017,ANGUIX,156,41.752741,-3.931087,34120,Base PALENCIA,42.007837,-4.534601,75.787806300768
9018,9059,25.308404634205182,9018,ARANDA DE DUERO,33757,41.67155,-3.689244,9059,Base BURGOS,42.34113,-3.704198,92.79748365875234
9021,9059,22.12533252808545,9021,ARAUZO DE SALCE,46,41.819942,-3.41129,9059,Base BURGOS,42.34113,-3.704198,81.12621926964665
9025,9059,25.51048840189903,9025,ARIJA,115,42.993881,-3.944988,9059,Base BURGOS,42.34113,-3.704198,93.53845747362978
9027,9059,12.220354258016018,9027,ARRAYA DE OCA,53,42.415773,-3.398138,9059,Base BURGOS,42.34113,-3.704198,44.807965612725404
9029,9059,9.55478798978709,9029,ATAPUERCA,180,42.378193,-3.507224,9059,Base BURGOS,42.34113,-3.704198,35.034222629219336
9033,9059,19.558940320957333,9033,BAHABÓN DE ESGUEVA,84,41.861384,-3.728434,9059,Base BURGOS,42.34113,-3.704198,71.7161145101769
9035,9059,22.60026502068704,9035,BAÑOS DE VALDEARADOS,318,41.771227,-3.556407,9059,Base BURGOS,42.34113,-3.704198,82.86763840918582
9037,9059,18.182793721917704,9037,BARBADILLO DE HERREROS,104,42.149517,-3.1771,9059,Base BURGOS,42.34113,-3.704198,66.67024364703158
9044,9059,10.679732865526054,9044,BARRIOS DE COLINA,55,42.395947,-3.461802,9059,Base BURGOS,42.34113,-3.704198,39.15902050692886
9045,9059,17.664580595355954,9045,BASCONCILLOS DEL TOZO,294,42.701617,-3.990265,9059,Base BURGOS,42.34113,-3.704198,64.7701288496385
9046,9059,19.14745370097164,9046,BASCUÑANA,18,42.424312,-3.082748,9059,Base BURGOS,42.34113,-3.704198,70.20733023689601
9048,9059,16.774324253838977,9048,BELORADO,1834,42.420584,-3.189708,9059,Base BURGOS,42.34113,-3.704198,61.505855597409585
9054,9059,23.10208950431842,9054,BOZOÓ,102,42.726249,-3.085279,9059,Base BURGOS,42.34113,-3.704198,84.7076615158342
9055,9059,25.387887658123628,9055,BRAZACORTA,45,41.717094,-3.367476,9059,Base BURGOS,42.34113,-3.704198,93.08892141311996
9056,9059,15.59035828438476,9056,BRIVIESCA,6560,42.54898,-3.323904,9059,Base BURGOS,42.34113,-3.704198,57.164647042744114
9061,9059,20.567096519280604,9061,CABAÑES DE ESGUEVA,149,41.831291,-3.784695,9059,Base BURGOS,42.34113,-3.704198,75.41268723736222
9066,9059,14.157571578426097,9066,CAMPOLARA,48,42.119136,-3.427732,9059,Base BURGOS,42.34113,-3.704198,51.91109578756236
9070,9059,18.761526610398466,9070,CARAZO,39,41.967561,-3.356685,9059,Base BURGOS,42.34113,-3.704198,68.79226423812771
9072,9059,7.468850678853157,9072,CARCEDO DE BURGOS,484,42.286212,-3.622927,9059,Base BURGOS,42.34113,-3.704198,27.385785822461575
9076,9059,15.324383753593377,9076,CARRIAS,24,42.48163,-3.284185,9059,Base BURGOS,42.34113,-3.704198,56.18940709650905
9083,9059,13.325405088517398,9083,CASTIL DE PEONES,35,42.48291,-3.385787,9059,Base BURGOS,42.34113,-3.704198,48.85981865789713
9082,9059,19.161466040446985,9082,CASTILDELGADO,28,42.436243,-3.085195,9059,Base BURGOS,42.34113,-3.704198,70.25870881497228
9084,9059,20.03056639803274,9084,CASTRILLO DE LA REINA,158,41.986884,-3.236529,9059,Base BURGOS,42.34113,-3.704198,73.44541012612005
9088,9059,18.384421346658435,9088,CASTRILLO DE RIOPISUERGA,58,42.515748,-4.253352,9059,Base BURGOS,42.34113,-3.704198,67.4095449377476
9090,9059,15.555267007271649,9090,CASTRILLO MOTA DE JUDÍOS,52,42.307578,-4.172776,9059,Base BURGOS,42.34113,-3.704198,57.03597902666271
9095,9059,10.662458792477587,9095,CELADA DEL CAMINO,90,42.263839,-3.934014,9059,Base BURGOS,42.34113,-3.704198,39.09568223908449
9103,9059,18.998329662256623,9103,CILLERUELO DE ABAJO,209,41.884436,-3.794648,9059,Base BURGOS,42.34113,-3.704198,69.66054209494095
9104,9059,18.26595429223971,9104,CILLERUELO DE ARRIBA,49,41.904822,-3.661674,9059,Base BURGOS,42.34113,-3.704198,66.97516573821227
9109,9059,29.493406826559696,9109,CONDADO DE TREVIÑO,1489,42.735329,-2.747459,9059,Base BURGOS,42.34113,-3.704198,108.14249169738555
9113,9059,14.555620696556343,9113,COVARRUBIAS,505,42.057516,-3.518868,9059,Base BURGOS,42.34113,-3.704198,53.37060922070659
9115,9059,19.340505594099298,9115,CUBO DE BUREBA,101,42.640333,-3.207594,9059,Base BURGOS,42.34113,-3.704198,70.91518717836409
9119,9059,12.094106117988119,9119,CUEVAS DE SAN CLEMENTE,45,42.129783,-3.568761,9059,Base BURGOS,42.34113,-3.704198,44.34505576595644
9124,9059,27.550078529016062,9124,ESPINOSA DE LOS MONTEROS,1648,43.076359,-3.552854,9059,Base BURGOS,42.34113,-3.704198,101.01695460639223
9125,9059,9.760546845608534,9125,ESTÉPAR,634,42.276288,-3.897513,9059,Base BURGOS,42.34113,-3.704198,35.78867176723129
9129,9059,17.751297681629975,9129,FRESNEDA DE LA SIERRA TIRÓN,97,42.314386,-3.136604,9059,Base BURGOS,42.34113,-3.704198,65.08809149930991
9130,9059,17.948863385301664,9130,FRESNEÑA,66,42.414131,-3.134692,9059,Base BURGOS,42.34113,-3.704198,65.81249907943943
9131,9059,26.08016875276417,9131,FRESNILLO DE LAS DUEÑAS,693,41.647427,-3.644482,9059,Base BURGOS,42.34113,-3.704198,95.62728542680196
9132,9059,17.36715122212249,9132,FRESNO DE RÍO TIRÓN,160,42.459782,-3.175839,9059,Base BURGOS,42.34113,-3.704198,63.679554481115794
9135,9059,18.751851635684694,9135,FUENTEBUREBA,56,42.633797,-3.234478,9059,Base BURGOS,42.34113,-3.704198,68.75678933084387
9137,40194,27.372871201320002,9137,FUENTELCÉSPED,273,41.591514,-3.640806,40194,Base SEGOVIA,40.94987,-4.125241,100.36719440484
9138,34120,23.46122724847652,9138,FUENTELISENDO,99,41.623606,-3.901042,34120,Base PALENCIA,42.007837,-4.534601,86.02449991108057
9141,9059,26.52969786788725,9141,FUENTESPINA,816,41.631349,-3.683701,9059,Base BURGOS,42.34113,-3.704198,97.27555884891991
9143,9059,13.241164201235968,9143,GALBARROS,27,42.528457,-3.43745,9059,Base BURGOS,42.34113,-3.704198,48.55093540453188
9149,9059,17.428653148719192,9149,GRISALEÑA,53,42.591522,-3.264364,9059,Base BURGOS,42.34113,-3.704198,63.9050615453037
9154,9059,19.272593225851672,9154,HACINAS,149,41.985985,-3.287554,9059,Base BURGOS,42.34113,-3.704198,70.66617516145612
9160,40194,25.60759437366938,9160,HONTANGAS,99,41.582757,-3.796042,40194,Base SEGOVIA,40.94987,-4.125241,93.8945127034544
9164,9059,23.600994546931016,9164,HONTORIA DE VALDEARADOS,164,41.743167,-3.520242,9059,Base BURGOS,42.34113,-3.704198,86.53698000541372
9163,42173,20.99251907182024,9163,HONTORIA DEL PINAR,610,41.848031,-3.164524,42173,Base SORIA,41.763279,-2.466248,76.97256993000754
9167,9059,9.979527462525851,9167,HORNILLOS DEL CAMINO,46,42.339102,-3.926326,9059,Base BURGOS,42.34113,-3.704198,36.59160069592812
9170,34120,23.507383266994157,9170,HOYALES DE ROA,212,41.659345,-3.862192,34120,Base PALENCIA,42.007837,-4.534601,86.19373864564524
9173,9059,20.533337664966524,9173,HUERTA DE ARRIBA,128,42.11675,-3.082353,9059,Base BURGOS,42.34113,-3.704198,75.28890477154393
9174,9059,22.16251659434973,9174,HUERTA DE REY,881,41.840641,-3.348187,9059,Base BURGOS,42.34113,-3.704198,81.262560845949
9177,9059,8.771851258907219,9177,IBEAS DE JUARROS,1445,42.330328,-3.536577,9059,Base BURGOS,42.34113,-3.704198,32.16345461599314
9179,9059,16.57256600156505,9179,IGLESIARRUBIA,45,41.974404,-3.846552,9059,Base BURGOS,42.34113,-3.704198,60.76607533907185
9190,9059,27.667909008254785,9190,JUNTA DE VILLALBA DE LOSA,78,42.935379,-3.087829,9059,Base BURGOS,42.34113,-3.704198,101.44899969693421
9168,34120,21.98002683633704,9168,LA HORRA,303,41.741033,-3.873493,34120,Base PALENCIA,42.007837,-4.534601,80.59343173323582
9276,9059,28.384919216876973,9276,LA PUEBLA DE ARGANZÓN,557,42.766841,-2.83136,9059,Base BURGOS,42.34113,-3.704198,104.0780371285489
9312,9059,18.007916311093844,9312,LA REVILLA Y AHEDO,101,42.013629,-3.330408,9059,Base BURGOS,42.34113,-3.704198,66.02902647401076
9421,9059,27.148555643840762,9421,LA VID Y BARRIOS,245,41.628684,-3.487962,9059,Base BURGOS,42.34113,-3.704198,99.54470402741613
9297,9059,8.266825395678321,9297,LAS QUINTANILLAS,388,42.372133,-3.843807,9059,Base BURGOS,42.34113,-3.704198,30.311693117487177
9194,9059,14.595618025362283,9194,LERMA,2556,42.02736,-3.759314,9059,Base BURGOS,42.34113,-3.704198,53.51726609299504
9030,9059,9.321906426093047,9030,LOS AUSINES,165,42.225586,-3.591431,9059,Base BURGOS,42.34113,-3.704198,34.18032356234117
9198,9059,13.562210432086815,9198,MAHAMUD,105,42.120352,-3.941882,9059,Base BURGOS,42.34113,-3.704198,49.72810491765165
9200,9059,14.252900050200736,9200,MAMBRILLAS DE LARA,56,42.095596,-3.45962,9059,Base BURGOS,42.34113,-3.704198,52.2606335174027
9213,9059,21.470410253548454,9213,MERINDAD DE CUESTA-URRIA,270,42.841895,-3.418599,9059,Base BURGOS,42.34113,-3.704198,78.72483759634433
9214,9059,27.630381605754174,9214,MERINDAD DE MONTIJA,736,43.067273,-3.470112,9059,Base BURGOS,42.34113,-3.704198,101.31139922109864
9906,9059,7.956605594500943,9906,MERINDAD DE RÍO UBIERNA,1411,42.437085,-3.680833,9059,Base BURGOS,42.34113,-3.704198,29.174220513170123
9220,9059,20.100594046705027,9220,MIRAVECHE,95,42.67318,-3.200843,9059,Base BURGOS,42.34113,-3.704198,73.70217817125177
9225,9059,21.327300156906517,9225,MONCALVILLO,76,41.954034,-3.199486,9059,Base BURGOS,42.34113,-3.704198,78.20010057532389
9226,9059,19.49451010433687,9226,MONTERRUBIO DE LA DEMANDA,56,42.149598,-3.112652,9059,Base BURGOS,42.34113,-3.704198,71.47987038256854
9227,9059,12.561698284449275,9227,MONTORIO,149,42.584723,-3.776397,9059,Base BURGOS,42.34113,-3.704198,46.05956037631401
9229,47186,22.261771431984865,9229,NAVA DE ROA,199,41.612643,-3.963636,47186,Base VALLADOLID,41.652328,-4.723349,81.62649525061117
9239,9059,20.475994111538423,9239,OQUILLAS,49,41.830809,-3.706049,9059,Base BURGOS,42.34113,-3.704198,75.07864507564088
9241,9059,7.734782994278179,9241,ORBANEJA RIOPICO,350,42.361152,-3.585219,9059,Base BURGOS,42.34113,-3.704198,28.36087097901999
9249,9059,12.736845020800528,9249,PALAZUELOS DE MUÑÓ,54,42.198079,-3.989669,9059,Base BURGOS,42.34113,-3.704198,46.7017650762686
9253,40194,25.57744647159976,9253,PARDILLA,102,41.552556,-3.71057,40194,Base SEGOVIA,40.94987,-4.125241,93.7839703958658
9257,9059,11.780503352543281,9257,PEDROSA DEL PÁRAMO,89,42.439456,-3.976085,9059,Base BURGOS,42.34113,-3.704198,43.19517895932536
9261,9059,25.429766579819134,9261,PEÑARANDA DE DUERO,465,41.688537,-3.479138,9059,Base BURGOS,42.34113,-3.704198,93.24247745933683
9266,9059,14.89305237540541,9266,PINEDA DE LA SIERRA,94,42.216142,-3.296928,9059,Base BURGOS,42.34113,-3.704198,54.607858709819844
9268,9059,20.662545736297343,9268,PINILLA DE LOS BARRUECOS,98,41.918199,-3.304483,9059,Base BURGOS,42.34113,-3.704198,75.76266769975692
9273,9059,14.372721316675745,9273,PRÁDANOS DE BUREBA,56,42.503223,-3.347719,9059,Base BURGOS,42.34113,-3.704198,52.6999781611444
9277,9059,14.479487612128672,9277,PUENTEDURA,122,42.041902,-3.582175,9059,Base BURGOS,42.34113,-3.704198,53.09145457780513
9281,9059,22.681711902836216,9281,QUINTANA DEL PIDIO,149,41.759125,-3.751338,9059,Base BURGOS,42.34113,-3.704198,83.16627697706613
9280,9059,15.61258091513428,9280,QUINTANABUREBA,31,42.586767,-3.366316,9059,Base BURGOS,42.34113,-3.704198,57.246130022159036
9289,42173,19.55743674815644,9289,QUINTANAR DE LA SIERRA,1513,41.979978,-3.041477,42173,Base SORIA,41.763279,-2.466248,71.71060140990696
9302,42173,21.96446981114099,9302,RABANERA DEL PINAR,99,41.892791,-3.196583,42173,Base SORIA,41.763279,-2.466248,80.53638930751696
9303,9059,14.7684696781926,9303,RÁBANOS,79,42.319106,-3.269499,9059,Base BURGOS,42.34113,-3.704198,54.151055486706205
9308,9059,18.753305441967107,9308,REDECILLA DEL CAMPO,67,42.466164,-3.113821,9059,Base BURGOS,42.34113,-3.704198,68.76211995387939
9321,34120,21.630821646584746,9321,ROA,2244,41.697195,-3.927859,34120,Base PALENCIA,42.007837,-4.534601,79.31301270414407
9323,9059,14.258864748482623,9323,ROJAS,60,42.5776,-3.442423,9059,Base BURGOS,42.34113,-3.704198,52.282504077769616
9325,9059,16.871638210753993,9325,ROYUELA DE RÍO FRANCO,170,41.997829,-3.958028,9059,Base BURGOS,42.34113,-3.704198,61.862673439431305
9327,9059,12.898672001272985,9327,RUBLACEDO DE ABAJO,33,42.55491,-3.50256,9059,Base BURGOS,42.34113,-3.704198,47.29513067133428
9330,9059,18.543772771476156,9330,SALAS DE LOS INFANTES,1984,42.022314,-3.282137,9059,Base BURGOS,42.34113,-3.704198,67.99383349541257
9340,9059,15.192840424610303,9340,SAN MILLÁN DE LARA,61,42.135626,-3.344955,9059,Base BURGOS,42.34113,-3.704198,55.70708155690445
9360,9059,17.158180247577853,9360,SAN VICENTE DEL VALLE,28,42.336869,-3.161841,9059,Base BURGOS,42.34113,-3.704198,62.913327574452126
9348,9059,14.122159196452749,9348,SANTA INÉS,155,42.040327,-3.702984,9059,Base BURGOS,42.34113,-3.704198,51.78125038699341
9361,9059,18.5213248916007,9361,SARGENTES DE LA LORA,133,42.769086,-3.874035,9059,Base BURGOS,42.34113,-3.704198,67.91152460253589
9363,9059,12.9669185194359,9363,SASAMÓN,912,42.418242,-4.044174,9059,Base BURGOS,42.34113,-3.704198,47.5453679045983
9368,9059,14.75568811744602,9368,SORDILLOS,22,42.462676,-4.107552,9059,Base BURGOS,42.34113,-3.704198,54.10418976396874
9369,9059,22.32334448260364,9369,SOTILLO DE LA RIBERA,470,41.776969,-3.824946,9059,Base BURGOS,42.34113,-3.704198,81.85226310288002
9372,9059,7.0843012709114115,9372,SOTRAGERO,301,42.409518,-3.713469,9059,Base BURGOS,42.34113,-3.704198,25.975771326675176
9374,9059,11.352438911776261,9374,SUSINOS DEL PÁRAMO,118,42.471035,-3.926748,9059,Base BURGOS,42.34113,-3.704198,41.625609343179626
9375,9059,11.754148491262509,9375,TAMARÓN,55,42.272819,-3.990838,9059,Base BURGOS,42.34113,-3.704198,43.09854446796253
9382,9059,11.81936665727869,9382,TOBAR,27,42.48399,-3.93941,9059,Base BURGOS,42.34113,-3.704198,43.3376777433552
9386,9059,12.45777512383517,9386,TORRECILLA DEL MONTE,79,42.09532,-3.694219,9059,Base BURGOS,42.34113,-3.704198,45.67850878739562
9387,40194,25.974083706008983,9387,TORREGALINDO,123,41.582486,-3.753342,40194,Base SEGOVIA,40.94987,-4.125241,95.23830692203295
9390,34120,20.104484452024256,9390,TORRESANDINO,574,41.829444,-3.909639,34120,Base PALENCIA,42.007837,-4.534601,73.71644299075561
9396,9059,21.588667613177027,9396,TUBILLA DEL LAGO,171,41.801115,-3.586698,9059,Base BURGOS,42.34113,-3.704198,79.15844791498243
9398,9059,14.00463321985703,9398,ÚRBEL DEL CASTILLO,58,42.619362,-3.844807,9059,Base BURGOS,42.34113,-3.704198,51.350321806142446
9403,9059,20.914467454751883,9403,VALDEANDE,98,41.832749,-3.528794,9059,Base BURGOS,42.34113,-3.704198,76.68638066742356
9405,47186,23.023629984718127,9405,VALDEZATE,121,41.602553,-3.931026,47186,Base VALLADOLID,41.652328,-4.723349,84.41997661063314
9408,9059,18.471722190365128,9408,VALLARTA DE BUREBA,42,42.58807,-3.203619,9059,Base BURGOS,42.34113,-3.704198,67.7296480313388
9904,9059,8.700001224287094,9904,VALLE DE LAS NAVAS,543,42.452602,-3.637037,9059,Base BURGOS,42.34113,-3.704198,31.90000448905268
9409,9059,21.867960951180905,9409,VALLE DE MANZANEDO,115,42.897273,-3.691368,9059,Base BURGOS,42.34113,-3.704198,80.18252348766332
9905,9059,16.439288147590865,9905,VALLE DE SEDANO,409,42.716832,-3.749952,9059,Base BURGOS,42.34113,-3.704198,60.27738987449984
9412,9059,21.740852482777203,9412,VALLE DE TOBALINA,863,42.791907,-3.271532,9059,Base BURGOS,42.34113,-3.704198,79.71645910351641
9414,9059,19.26193653127143,9414,VALLE DE VALDELAGUNA,191,42.115335,-3.147067,9059,Base BURGOS,42.34113,-3.704198,70.62710061466191
9415,9059,19.7353837568335,9415,VALLE DE VALDELUCIO,330,42.717861,-4.120628,9059,Base BURGOS,42.34113,-3.704198,72.36307377505617
9416,9059,20.455712873022065,9416,VALLE DE ZAMANZAS,45,42.849353,-3.756044,9059,Base BURGOS,42.34113,-3.704198,75.00428053441424
9407,9059,15.1332878671058,9407,VALMALA,26,42.30518,-3.25488,9059,Base BURGOS,42.34113,-3.704198,55.488722179387935
9423,9059,17.055904441929616,9423,VILEÑA,27,42.621598,-3.322169,9059,Base BURGOS,42.34113,-3.704198,62.53831628707526
9427,9059,13.653451985176055,9427,VILLADIEGO,1455,42.515812,-4.009884,9059,Base BURGOS,42.34113,-3.704198,50.06265727897887
9428,34120,19.450911870521402,9428,VILLAESCUSA DE ROA,90,41.727242,-4.017407,34120,Base PALENCIA,42.007837,-4.534601,71.3200101919118
9437,9059,14.290783975877378,9437,VILLAHOZ,287,42.077121,-3.914042,9059,Base BURGOS,42.34113,-3.704198,52.39954124488372
9438,9059,24.987589569860486,9438,VILLALBA DE DUERO,706,41.682696,-3.743865,9059,Base BURGOS,42.34113,-3.704198,91.6211617561551
9444,9059,14.976372473862728,9444,VILLAMAYOR DE TREVIÑO,56,42.459856,-4.119665,9059,Base BURGOS,42.34113,-3.704198,54.91336573749667
9450,9059,18.796192652332543,9450,VILLANUEVA DE CARAZO,27,41.983698,-3.324519,9059,Base BURGOS,42.34113,-3.704198,68.91937305855265
9454,9059,20.278836776062235,9454,VILLANUEVA DE TEBA,42,42.649823,-3.16417,9059,Base BURGOS,42.34113,-3.704198,74.35573484556153
9903,9059,23.352185573527777,9903,VILLARCAYO DE MERINDAD DE CASTILLA LA VIEJA,4047,42.938486,-3.57246,9059,Base BURGOS,42.34113,-3.704198,85.62468043626852
9471,9059,7.213702537472539,9471,VILLAYERNO MORQUILLAS,205,42.39598,-3.639004,9059,Base BURGOS,42.34113,-3.704198,26.45024263739931
9472,9059,13.244632688847984,9472,VILLAZOPEQUE,52,42.199186,-4.017545,9059,Base BURGOS,42.34113,-3.704198,48.56365319244261
9473,9059,12.998991361155802,9473,VILLEGAS,79,42.468468,-4.01703,9059,Base BURGOS,42.34113,-3.704198,47.662968324237944
9482,9059,18.937545002910937,9482,ZARZOSA DE RÍO PISUERGA,31,42.536209,-4.26807,9059,Base BURGOS,42.34113,-3.704198,69.43766501067344
9483,9059,24.861128310832903,9483,ZAZUAR,209,41.695618,-3.555287,9059,Base BURGOS,42.34113,-3.704198,91.15747047305398
24006,24089,9.954560359238101,24006,ARDÓN,550,42.435878,-5.558092,24089,Base LEÓN,42.599121,-5.567076,36.50005465053971
24009,24115,13.673631223668645,24009,BALBOA,263,42.706199,-6.920859,24115,Base PONFERRADA,42.547681,-6.5973,50.13664782011836
24014,24115,9.520802159612327,24014,BEMBIBRE,8158,42.615067,-6.416706,24115,Base PONFERRADA,42.547681,-6.5973,34.90960791857853
24015,24089,12.927082794805537,24015,BENAVIDES,2342,42.501845,-5.896421,24089,Base LEÓN,42.599121,-5.567076,47.399303580953635
24018,24089,16.387428001073523,24018,BERCIANOS DEL REAL CAMINO,186,42.38714,-5.14673,24089,Base LEÓN,42.599121,-5.567076,60.08723600393625
24027,24115,7.358480126939293,24027,CABAÑAS RARAS,1302,42.619909,-6.636463,24115,Base PONFERRADA,42.547681,-6.5973,26.981093798777408
24028,24089,10.986357960852946,24028,CABREROS DEL RÍO,408,42.402403,-5.544824,24089,Base LEÓN,42.599121,-5.567076,40.283312523127464
24034,24115,6.92815287496543,24034,CAMPONARAYA,4104,42.580365,-6.671347,24115,Base PONFERRADA,42.547681,-6.5973,25.403227208206577
24051,24089,18.0458355941423,24051,CEA,378,42.463411,-5.01311,24089,Base LEÓN,42.599121,-5.567076,66.16806384518843
24053,24089,16.851147574167282,24053,CEBRONES DEL RÍO,435,42.257875,-5.825095,24089,Base LEÓN,42.599121,-5.567076,61.787541105280035
24065,24089,8.880646903732451,24065,CHOZAS DE ABAJO,2678,42.506675,-5.687187,24089,Base LEÓN,42.599121,-5.567076,32.562371980352324
24055,24089,10.368124639864487,24055,CIMANES DEL TEJAR,738,42.618004,-5.806214,24089,Base LEÓN,42.599121,-5.567076,38.016457012836455
24061,24089,8.751210511304606,24061,CUADROS,2090,42.71095,-5.638963,24089,Base LEÓN,42.599121,-5.567076,32.087771874783556
24062,24089,12.023991292725327,24062,CUBILLAS DE LOS OTEROS,137,42.371707,-5.507514,24089,Base LEÓN,42.599121,-5.567076,44.087968073326195
24063,24089,13.94372961141039,24063,CUBILLAS DE RUEDA,385,42.655444,-5.173623,24089,Base LEÓN,42.599121,-5.567076,51.12700857517143
24070,24115,11.56841325103208,24070,FABERO,4061,42.763088,-6.628094,24115,Base PONFERRADA,42.547681,-6.5973,42.417515253784295
24071,24115,11.845006929332925,24071,FOLGOSO DE LA RIBERA,982,42.643089,-6.319423,24115,Base PONFERRADA,42.547681,-6.5973,43.43169207422073
24078,24089,19.53820993318572,24078,GORDONCILLO,308,42.1355,-5.401977,24089,Base LEÓN,42.599121,-5.567076,71.64010308834763
24079,24089,12.645181809993666,24079,GRADEFES,925,42.623816,-5.226177,24089,Base LEÓN,42.599121,-5.567076,46.36566663664345
24080,34120,19.46755332599556,24080,GRAJAL DE CAMPOS,209,42.320539,-5.020685,34120,Base PALENCIA,42.007837,-4.534601,71.38102886198372
24082,24089,13.159888750767914,24082,HOSPITAL DE ÓRBIGO,956,42.463565,-5.882493,24089,Base LEÓN,42.599121,-5.567076,48.25292541948235
24086,24089,17.832212655882827,24086,JOARILLA DE LAS MATAS,245,42.287929,-5.17853,24089,Base LEÓN,42.599121,-5.567076,65.38477973823703
24010,24089,16.806841961040284,24010,LA BAÑEZA,10023,42.29655,-5.899119,24089,Base LEÓN,42.599121,-5.567076,61.62508719048105
24114,24089,13.081913137416729,24114,LA POLA DE GORDÓN,2842,42.854769,-5.669558,24089,Base LEÓN,42.599121,-5.567076,47.96701483719467
24104,24089,12.207282580708927,24104,LAS OMAÑAS,259,42.682437,-5.869651,24089,Base LEÓN,42.599121,-5.567076,44.76003612926606
24012,24089,14.946129784806214,24012,LOS BARRIOS DE LUNA,294,42.84541,-5.861891,24089,Base LEÓN,42.599121,-5.567076,54.80247587762278
24090,24115,12.795796720307298,24090,LUCILLO,356,42.409487,-6.303396,24115,Base PONFERRADA,42.547681,-6.5973,46.91792130779342
24091,24115,14.598450539462009,24091,LUYEGO,554,42.376635,-6.236308,24115,Base PONFERRADA,42.547681,-6.5973,53.527651978027365
24094,24089,9.539481893550079,24094,MANSILLA DE LAS MULAS,1663,42.498659,-5.416444,24089,Base LEÓN,42.599121,-5.567076,34.97810027635029
24095,24089,8.891448693568115,24095,MANSILLA MAYOR,324,42.508341,-5.443959,24089,Base LEÓN,42.599121,-5.567076,32.60197854308309
24096,24089,21.180265991405175,24096,MARAÑA,111,43.048919,-5.175805,24089,Base LEÓN,42.599121,-5.567076,77.66097530181897
24103,24115,13.340368629059258,24103,OENCIA,277,42.546796,-6.970608,24115,Base PONFERRADA,42.547681,-6.5973,48.91468497321728
24109,24115,15.583950944285906,24109,PALACIOS DEL SIL,844,42.87538,-6.433875,24115,Base PONFERRADA,42.547681,-6.5973,57.14115346238165
24110,24115,13.597832947047726,24110,PÁRAMO DEL SIL,1169,42.82003,-6.490129,24115,Base PONFERRADA,42.547681,-6.5973,49.85872080584166
24120,24089,21.159955509902623,24120,PRIORO,349,42.893396,-4.962127,24089,Base LEÓN,42.599121,-5.567076,77.58650353630962
24122,24115,11.457189772706773,24122,PUENTE DE DOMINGO FLÓREZ,1385,42.410721,-6.818355,24115,Base PONFERRADA,42.547681,-6.5973,42.009695833258164
24123,24089,15.84984644485238,24123,QUINTANA DEL CASTILLO,717,42.661303,-6.045955,24089,Base LEÓN,42.599121,-5.567076,58.11610363112539
24124,24089,18.509025984358093,24124,QUINTANA DEL MARCO,319,42.206083,-5.851007,24089,Base LEÓN,42.599121,-5.567076,67.866428609313
24125,24089,19.80397868964841,24125,QUINTANA Y CONGOSTO,416,42.256138,-6.037687,24089,Base LEÓN,42.599121,-5.567076,72.61458852871084
24130,24089,21.70100287256649,24130,RIAÑO,474,42.973051,-5.016162,24089,Base LEÓN,42.599121,-5.567076,79.57034386607712
24131,24089,16.265006831968243,24131,RIEGO DE LA VEGA,714,42.388788,-5.982322,24089,Base LEÓN,42.599121,-5.567076,59.638358383883556
24136,24089,16.982890714236653,24136,ROPERUELOS DEL PÁRAMO,499,42.237478,-5.782739,24089,Base LEÓN,42.599121,-5.567076,62.270599285534395
24139,24089,18.795153148830614,24139,SAHAGÚN,2398,42.371199,-5.033238,24089,Base LEÓN,42.599121,-5.567076,68.91556154571225
24144,24089,14.896453529711854,24144,SAN CRISTÓBAL DE LA POLANTERA,625,42.390533,-5.907452,24089,Base LEÓN,42.599121,-5.567076,54.620329608943464
24149,24089,14.527825532514482,24149,SAN MILLÁN DE LOS CABALLEROS,191,42.284971,-5.561072,24089,Base LEÓN,42.599121,-5.567076,53.26869361921977
24154,24089,17.560750628240783,24154,SANTA ELENA DE JAMUZ,1015,42.259454,-5.888204,24089,Base LEÓN,42.599121,-5.567076,64.3894189702162
24158,24089,11.901565804530971,24158,SANTA MARÍA DE ORDÁS,2999,42.726353,-5.823676,24089,Base LEÓN,42.599121,-5.567076,43.63907461661356
24159,24089,12.08911786133135,24159,SANTA MARINA DEL REY,1745,42.512796,-5.861994,24089,Base LEÓN,42.599121,-5.567076,44.32676549154828
24174,24089,13.251751009397994,24174,URDIALES DEL PÁRAMO,449,42.37239,-5.771081,24089,Base LEÓN,42.599121,-5.567076,48.58975370112598
24185,24115,16.321110930650278,24185,VAL DE SAN LORENZO,492,42.417871,-6.122684,24115,Base PONFERRADA,42.547681,-6.5973,59.84407341238435
24175,24089,6.672584593673344,24175,VALDEFRESNO,2335,42.593744,-5.49251,24089,Base LEÓN,42.599121,-5.567076,24.466143510135595
24179,24089,14.014421380642911,24179,VALDEPIÉLAGO,308,42.869327,-5.398413,24089,Base LEÓN,42.599121,-5.567076,51.386211729024005
24187,24089,10.570726803422236,24187,VALDEVIMBRE,894,42.41962,-5.620023,24089,Base LEÓN,42.599121,-5.567076,38.7593316125482
24188,24089,14.318328302269,24188,VALENCIA DE DON JUAN,5094,42.293802,-5.520189,24089,Base LEÓN,42.599121,-5.567076,52.50053710831967
24191,24089,15.864226138072455,24191,VALLECILLO,101,42.355757,-5.210621,24089,Base LEÓN,42.599121,-5.567076,58.16882917293234
24189,24089,7.741463129431699,24189,VALVERDE DE LA VIRGEN,7806,42.56918,-5.682925,24089,Base LEÓN,42.599121,-5.567076,28.385364807916226
24201,24089,10.204154716219378,24201,VEGAS DEL CONDADO,1154,42.68479,-5.364936,24089,Base LEÓN,42.599121,-5.567076,37.41523395947105
24202,24115,18.431257757238438,24202,VILLABLINO,7709,42.939834,-6.317,24115,Base PONFERRADA,42.547681,-6.5973,67.58127844320761
24210,24115,15.074428670334918,24210,VILLAGATÓN,636,42.634792,-6.161846,24115,Base PONFERRADA,42.547681,-6.5973,55.27290512456136
24901,24089,15.436598915899793,24901,VILLAMANÍN,876,42.937028,-5.655952,24089,Base LEÓN,42.599121,-5.567076,56.60086269163257
24212,24089,13.420477477261722,24212,VILLAMAÑÁN,1076,42.321792,-5.585622,24089,Base LEÓN,42.599121,-5.567076,49.20841741662631
24213,24089,16.332241660702877,24213,VILLAMARTÍN DE DON SANCHO,144,42.570625,-5.061023,24089,Base LEÓN,42.599121,-5.567076,59.884886089243885
24215,24089,17.682124533771045,24215,VILLAMOL,136,42.428552,-5.04907,24089,Base LEÓN,42.599121,-5.567076,64.83445662382717
24902,24089,17.5702750245646,24902,VILLAORNATE Y CASTRO,337,42.184812,-5.549757,24089,Base LEÓN,42.599121,-5.567076,64.42434175673688
24222,24089,6.443091413473885,24222,VILLAQUILAMBRE,18647,42.646313,-5.55877,24089,Base LEÓN,42.599121,-5.567076,23.624668516070912
24223,24089,13.85565485918195,24223,VILLAREJO DE ÓRBIGO,2873,42.445197,-5.903779,24089,Base LEÓN,42.599121,-5.567076,50.80406781700049
24225,24089,8.943747595578506,24225,VILLASABARIEGO,1148,42.533365,-5.414738,24089,Base LEÓN,42.599121,-5.567076,32.79374118378785
24226,24089,16.65047957323528,24226,VILLASELÁN,180,42.560954,-5.047914,24089,Base LEÓN,42.599121,-5.567076,61.051758435196035
24230,24089,15.608992778781074,24230,ZOTES DEL PÁRAMO,402,42.272364,-5.73638,24089,Base LEÓN,42.599121,-5.567076,57.23297352219727
34004,9059,23.481040330360727,34004,AGUILAR DE CAMPOO,6823,42.792646,-4.259938,9059,Base BURGOS,42.34113,-3.704198,86.09714787798933
34006,34120,12.04141591252262,34006,ALBA DE CERRATO,82,41.812498,-4.365933,34120,Base PALENCIA,42.007837,-4.534601,44.151858345916274
34011,34120,10.217182329267064,34011,AMUSCO,410,42.173116,-4.470261,34120,Base PALENCIA,42.007837,-4.534601,37.46300187397924
34018,34120,7.296227241519757,34018,AUTILLA DEL PINO,219,41.991182,-4.633994,34120,Base PALENCIA,42.007837,-4.534601,26.752833218905778
34022,34120,11.827675402596121,34022,BALTANÁS,1228,41.939332,-4.246125,34120,Base PALENCIA,42.007837,-4.534601,43.36814314285244
34025,34120,19.442883526733596,34025,BÁRCENA DE CAMPOS,53,42.48339,-4.49966,34120,Base PALENCIA,42.007837,-4.534601,71.29057293135652
34041,9059,21.8280045686066,34041,CALAHORRA DE BOEDO,83,42.57537,-4.386044,9059,Base BURGOS,42.34113,-3.704198,80.03601675155754
34045,34120,13.026298071528686,34045,CAPILLAS,72,42.013637,-4.890722,34120,Base PALENCIA,42.007837,-4.534601,47.76309292893851
34062,24089,26.0835167927496,34062,CONGOSTO DE VALDAVIA,140,42.714604,-4.634857,24089,Base LEÓN,42.599121,-5.567076,95.6395615734152
34071,34120,19.823492489586318,34071,ESPINOSA DE VILLAGONZALO,154,42.481354,-4.370744,34120,Base PALENCIA,42.007837,-4.534601,72.68613912848316
34076,34120,11.019855463226282,34076,FUENTES DE NAVA,567,42.083259,-4.781862,34120,Base PALENCIA,42.007837,-4.534601,40.40613669849637
34080,24089,22.166083038561606,34080,GUARDO,5548,42.788941,-4.84151,24089,Base LEÓN,42.599121,-5.567076,81.27563780805923
34081,34120,14.261965895220436,34081,GUAZA DE CAMPOS,55,42.135731,-4.90823,34120,Base PALENCIA,42.007837,-4.534601,52.293874949141596
34086,34120,8.58445692287134,34086,HONTORIA DE CERRATO,106,41.911204,-4.443069,34120,Base PALENCIA,42.007837,-4.534601,31.476342050528245
34175,34120,17.693934581884783,34175,LA SERNA,93,42.415194,-4.664614,34120,Base PALENCIA,42.007837,-4.534601,64.87776013357754
34093,9059,23.01852349969475,34093,LA VID DE OJEDA,90,42.659136,-4.38495,9059,Base BURGOS,42.34113,-3.704198,84.4012528322141
34092,34120,16.661470385677223,34092,LANTADILLA,273,42.340756,-4.274928,34120,Base PALENCIA,42.007837,-4.534601,61.092058080816486
34098,34120,7.547922334502415,34098,MAGAZ DE PISUERGA,1031,41.982451,-4.426836,34120,Base PALENCIA,42.007837,-4.534601,27.675715226508856
34110,9059,27.36488023395746,34110,MUDÁ,80,42.875967,-4.394121,9059,Base BURGOS,42.34113,-3.704198,100.33789419117736
34113,34120,23.32096316872033,34113,OLEA DE BOEDO,39,42.608643,-4.448945,34120,Base PALENCIA,42.007837,-4.534601,85.51019828530788
34122,9059,22.098775856529407,34122,PÁRAMO DE BOEDO,104,42.579462,-4.396834,9059,Base BURGOS,42.34113,-3.704198,81.0288448072745
34123,34120,10.677083962898653,34123,PAREDES DE NAVA,1911,42.152818,-4.694164,34120,Base PALENCIA,42.007837,-4.534601,39.14930786396173
34125,34120,9.61312008783112,34125,PEDRAZA DE CAMPOS,72,41.983496,-4.736645,34120,Base PALENCIA,42.007837,-4.534601,35.24810698871411
34126,34120,20.08720776756965,34126,PEDROSA DE LA VEGA,280,42.47994,-4.74659,34120,Base PALENCIA,42.007837,-4.534601,73.6530951477554
34129,24089,22.036888607369825,34129,PINO DEL RÍO,163,42.644268,-4.806071,24089,Base LEÓN,42.599121,-5.567076,80.80192489368936
34130,34120,11.625755138101816,34130,PIÑA DE CAMPOS,193,42.213545,-4.435362,34120,Base PALENCIA,42.007837,-4.534601,42.62776883970666
34131,34120,17.569022388394167,34131,POBLACIÓN DE ARROYO,42,42.336825,-4.874743,34120,Base PALENCIA,42.007837,-4.534601,64.41974875744528
34136,24089,22.2097641490201,34136,POZA DE LA VEGA,166,42.578297,-4.796782,24089,Base LEÓN,42.599121,-5.567076,81.43580187974037
34139,9059,22.72133565543782,34139,PRÁDANOS DE OJEDA,181,42.6825,-4.347618,9059,Base BURGOS,42.34113,-3.704198,83.31156406993867
34147,34120,19.04217390196045,34147,RENEDO DE LA VEGA,192,42.453894,-4.702426,34120,Base PALENCIA,42.007837,-4.534601,69.82130430718831
34157,34120,21.230758881931592,34157,SALDAÑA,2869,42.522062,-4.735138,34120,Base PALENCIA,42.007837,-4.534601,77.84611590041584
34161,9059,20.72799097765466,34161,SAN CRISTÓBAL DE BOEDO,20,42.542275,-4.35198,9059,Base BURGOS,42.34113,-3.704198,76.00263358473376
34167,34120,8.628828781998319,34167,SANTA CECILIA DEL ALCOR,92,41.932604,-4.659757,34120,Base PALENCIA,42.007837,-4.534601,31.63903886732717
34184,34120,10.649059501306766,34184,TORREMORMOJÓN,45,41.961474,-4.777317,34120,Base PALENCIA,42.007837,-4.534601,39.04655150479147
34190,34120,23.30543677669885,34190,VALDERRÁBANO,47,42.604926,-4.65438,34120,Base PALENCIA,42.007837,-4.534601,85.45326818122912
34192,34120,16.881241693660648,34192,VALDE-UCIEZA,76,42.398462,-4.575278,34120,Base PALENCIA,42.007837,-4.534601,61.89788621008904
34196,34120,10.484346448646889,34196,VALLE DE CERRATO,83,41.879402,-4.363428,34120,Base PALENCIA,42.007837,-4.534601,38.44260364503859
34205,34120,13.136329356943007,34205,VILLACONANCIO,50,41.871743,-4.223761,34120,Base PALENCIA,42.007837,-4.534601,48.16654097545769
34206,34120,17.18218949221341,34206,VILLADA,834,42.248945,-4.967837,34120,Base PALENCIA,42.007837,-4.534601,63.00136147144917
34208,34120,21.942925871613674,34208,VILLAELES DE VALDAVIA,48,42.565319,-4.584342,34120,Base PALENCIA,42.007837,-4.534601,80.45739486258347
34210,34120,14.183805161562608,34210,VILLAHÁN,99,42.05098,-4.131063,34120,Base PALENCIA,42.007837,-4.534601,52.00728559239623
34211,34120,16.68667417737469,34211,VILLAHERREROS,209,42.389345,-4.461144,34120,Base PALENCIA,42.007837,-4.534601,61.1844719837072
34213,34120,12.651181663009798,34213,VILLALACO,61,42.155179,-4.258655,34120,Base PALENCIA,42.007837,-4.534601,46.38766609770259
34216,34120,16.27494306219472,34216,VILLALCÓN,48,42.292885,-4.856566,34120,Base PALENCIA,42.007837,-4.534601,59.674791228047305
34227,34120,13.538851537030212,34227,VILLANUEVA DEL REBOLLAR,67,42.241954,-4.745515,34120,Base PALENCIA,42.007837,-4.534601,49.642455635777445
34232,34120,13.538688528597364,34232,VILLARRAMIEL,788,42.042367,-4.910772,34120,Base PALENCIA,42.007837,-4.534601,49.641857938190334
34233,34120,17.290299063293467,34233,VILLASARRACINO,132,42.412132,-4.496589,34120,Base PALENCIA,42.007837,-4.534601,63.397763232076045
34234,34120,20.903060728653927,34234,VILLASILA DE VALDAVIA,60,42.53193,-4.55906,34120,Base PALENCIA,42.007837,-4.534601,76.64455600506439
34238,34120,9.561081816051004,34238,VILLAVIUDAS,366,41.961687,-4.342024,34120,Base PALENCIA,42.007837,-4.534601,35.05729999218701
34240,34120,12.53444923422747,34240,VILLERÍAS DE CAMPOS,76,41.944798,-4.857862,34120,Base PALENCIA,42.007837,-4.534601,45.95964719216739
34241,34120,13.97481691556803,34241,VILLODRE,24,42.21172,-4.245446,34120,Base PALENCIA,42.007837,-4.534601,51.24099535708278
37002,37274,28.78300952332789,37002,AGALLAS,132,40.448251,-6.440867,37274,Base SALAMANCA,40.967368,-5.665381,105.5377015855356
37007,37274,15.925655677129653,37007,ALARAZ,448,40.747528,-5.288001,37274,Base SALAMANCA,40.967368,-5.665381,58.394070816142055
37009,37274,22.418545755335334,37009,ALBA DE YELTES,200,40.671591,-6.316001,37274,Base SALAMANCA,40.967368,-5.665381,82.20133443622956
37012,37274,12.114606770297149,37012,ALCONADA,134,40.910879,-5.36395,37274,Base SALAMANCA,40.967368,-5.665381,44.420224824422874
37015,37274,32.011085495941344,37015,ALDEA DEL OBISPO,252,40.70728,-6.791362,37274,Base SALAMANCA,40.967368,-5.665381,117.37398015178493
37013,37274,23.55823928544173,37013,ALDEACIPRESTE,91,40.380956,-5.896092,37274,Base SALAMANCA,40.967368,-5.665381,86.38021071328633
37016,37274,7.688416683235391,37016,ALDEALENGUA,713,40.982274,-5.549634,37274,Base SALAMANCA,40.967368,-5.665381,28.1908611718631
37020,37274,8.993136543591078,37020,ALDEARRUBIA,519,41.007678,-5.499319,37274,Base SALAMANCA,40.967368,-5.665381,32.97483399316729
37028,49275,20.6377486760984,37028,ALMENDRA,132,41.229708,-6.340768,49275,Base ZAMORA,41.49914,-5.754948,75.67174514569415
37029,37274,13.258994130820797,37029,ANAYA DE ALBA,183,40.728217,-5.493136,37274,Base SALAMANCA,40.967368,-5.665381,48.61631181300959
37030,37274,12.673369363733254,37030,AÑOVER DE TORMES,89,41.136195,-5.915306,37274,Base SALAMANCA,40.967368,-5.665381,46.46902100035526
37032,37274,7.27093933052305,37032,ARAPILES,739,40.894131,-5.644704,37274,Base SALAMANCA,40.967368,-5.665381,26.66011087858452
37035,37274,17.393112077331892,37035,ARMENTEROS,186,40.592929,-5.449177,37274,Base SALAMANCA,40.967368,-5.665381,63.77474428355027
37038,37274,10.486271638043775,37038,BABILAFUENTE,925,40.976673,-5.426091,37274,Base SALAMANCA,40.967368,-5.665381,38.44966267282717
37040,37274,10.072469908270172,37040,BARBADILLO,390,40.931492,-5.881686,37274,Base SALAMANCA,40.967368,-5.665381,36.9323896636573
37041,37274,15.850769677662234,37041,BARBALOS,73,40.677534,-5.94264,37274,Base SALAMANCA,40.967368,-5.665381,58.11948881809486
37046,37274,22.75511408283436,37046,BÉJAR,11957,40.387034,-5.767484,37274,Base SALAMANCA,40.967368,-5.665381,83.435418303726
37049,37274,28.028821300822734,37049,BERMELLAR,131,40.999271,-6.67043,37274,Base SALAMANCA,40.967368,-5.665381,102.77234476968336
37051,37274,15.179462671471294,37051,BERROCAL DE SALVATIERRA,70,40.632252,-5.690825,37274,Base SALAMANCA,40.967368,-5.665381,55.65802979539474
37059,37274,18.819493947821783,37059,BUENAMADRE,109,40.856242,-6.25018,37274,Base SALAMANCA,40.967368,-5.665381,69.00481114201321
37062,37274,9.655290116817632,37062,CABEZABELLOSA DE LA CALZADA,74,41.043715,-5.488905,37274,Base SALAMANCA,40.967368,-5.665381,35.40273042833132
37067,37274,6.341842255770464,37067,CABRERIZOS,4226,40.977859,-5.608448,37274,Base SALAMANCA,40.967368,-5.665381,23.253421604491702
37082,37274,13.143381649238194,37082,CANTALPINO,804,41.052737,-5.327984,37274,Base SALAMANCA,40.967368,-5.665381,48.192399380540046
37085,37274,6.093344130029783,37085,CARBAJOSA DE LA SAGRADA,7636,40.932947,-5.651181,37274,Base SALAMANCA,40.967368,-5.665381,22.342261810109203
37086,37274,30.195047876757982,37086,CARPIO DE AZABA,112,40.595867,-6.646795,37274,Base SALAMANCA,40.967368,-5.665381,110.71517554811261
37091,37274,35.681586026153,37091,CASILLAS DE FLORES,168,40.382444,-6.753858,37274,Base SALAMANCA,40.967368,-5.665381,130.83248209589433
37100,37274,28.088400849241168,37100,CEREZAL DE PEÑAHORCADA,67,41.130802,-6.651394,37274,Base SALAMANCA,40.967368,-5.665381,102.99080311388428
37101,37274,26.116674862201045,37101,CERRALBO,111,40.974011,-6.587573,37274,Base SALAMANCA,40.967368,-5.665381,95.76114116140383
37114,37274,16.620120848906932,37114,CHAGARCÍA MEDIANERO,73,40.649707,-5.382281,37274,Base SALAMANCA,40.967368,-5.665381,60.940443112658755
37112,37274,20.950022975662094,37112,CRISTÓBAL,162,40.469697,-5.889879,37274,Base SALAMANCA,40.967368,-5.665381,76.81675091076102
37118,37274,11.737589387489852,37118,ÉJEME,144,40.766507,-5.539823,37274,Base SALAMANCA,40.967368,-5.665381,43.03782775412945
37061,37274,21.179942627140015,37061,EL CABACO,225,40.564861,-6.127783,37274,Base SALAMANCA,40.967368,-5.665381,77.65978963284672
37177,37274,21.97921120422603,37177,EL MAÍLLO,282,40.56492,-6.179325,37274,Base SALAMANCA,40.967368,-5.665381,80.5904410821621
37191,37274,26.69420404470995,37191,EL MILANO,88,41.09174,-6.599243,37274,Base SALAMANCA,40.967368,-5.665381,97.87874816393648
37234,37274,36.986298469829876,37234,EL PAYO,313,40.286541,-6.726841,37274,Base SALAMANCA,40.967368,-5.665381,135.61642772270955
37303,37274,31.241899848617642,37303,EL SAHUGO,181,40.414311,-6.543121,37274,Base SALAMANCA,40.967368,-5.665381,114.55363277826469
37319,37274,21.205960999984775,37319,EL TEJADO,83,40.441311,-5.541351,37274,Base SALAMANCA,40.967368,-5.665381,77.75519033327751
37325,37274,18.898226531131442,37325,EL TORNADIZO,86,40.542015,-5.890615,37274,Base SALAMANCA,40.967368,-5.665381,69.29349728081529
37120,37274,14.863140116686994,37120,ENCINA DE SAN SILVESTRE,100,41.01476,-6.091669,37274,Base SALAMANCA,40.967368,-5.665381,54.49818042785231
37121,37274,9.58353018379243,37121,ENCINAS DE ABAJO,619,40.934232,-5.470133,37274,Base SALAMANCA,40.967368,-5.665381,35.13961067390557
37123,37274,24.915324966191545,37123,ENCINASOLA DE LOS COMENDADORES,148,41.031523,-6.531365,37274,Base SALAMANCA,40.967368,-5.665381,91.35619154270232
37126,37274,19.471182610867853,37126,ESPADAÑA,34,41.062158,-6.285203,37274,Base SALAMANCA,40.967368,-5.665381,71.3943362398488
37134,37274,12.812746945020397,37134,FRESNO ALHÁNDIGA,181,40.71244,-5.616224,37274,Base SALAMANCA,40.967368,-5.665381,46.98007213174145
37142,37274,9.80612303746156,37142,GALINDO Y PERAHUY,704,40.942768,-5.872686,37274,Base SALAMANCA,40.967368,-5.665381,35.955784470692386
37143,37274,14.6680812059892,37143,GALINDUSTE,400,40.662729,-5.541202,37274,Base SALAMANCA,40.967368,-5.665381,53.7829644219604
37144,37274,12.241762703946971,37144,GALISANCHO,325,40.743889,-5.554121,37274,Base SALAMANCA,40.967368,-5.665381,44.886463247805565
37146,37274,18.95337849717899,37146,GALLEGOS DE SOLMIRÓN,109,40.537281,-5.449556,37274,Base SALAMANCA,40.967368,-5.665381,69.49572115632296
37149,37274,15.848852108653256,37149,GARCIRREY,55,40.90056,-6.13059,37274,Base SALAMANCA,40.967368,-5.665381,58.11245773172861
37150,37274,16.001842949147836,37150,GEJUELO DEL BARRO,31,41.077157,-6.123694,37274,Base SALAMANCA,40.967368,-5.665381,58.6734241468754
37159,37274,16.189601408604425,37159,HERGUIJUELA DEL CAMPO,62,40.630408,-5.863984,37274,Base SALAMANCA,40.967368,-5.665381,59.361871831549564
37160,37274,30.900396571918407,37160,HINOJOSA DE DUERO,577,40.985442,-6.796383,37274,Base SALAMANCA,40.967368,-5.665381,113.30145409703415
37162,37274,16.59968670145288,37162,HORCAJO MEDIANERO,205,40.639118,-5.405967,37274,Base SALAMANCA,40.967368,-5.665381,60.86551790532723
37164,37274,9.513174626324673,37164,HUERTA,285,40.968265,-5.468289,37274,Base SALAMANCA,40.967368,-5.665381,34.881640296523805
37006,37274,35.64041141622276,37006,LA ALAMEDILLA,101,40.472387,-6.827574,37274,Base SALAMANCA,40.967368,-5.665381,130.68150852615014
37045,37274,19.692351655580048,37045,LA BASTIDA,26,40.585154,-6.058531,37274,Base SALAMANCA,40.967368,-5.665381,72.20528940379351
37071,37274,22.253955703133894,37071,LA CALZADA DE BÉJAR,85,40.409978,-5.815877,37274,Base SALAMANCA,40.967368,-5.665381,81.59783757815761
37163,37274,22.01568171241093,37163,LA HOYA,30,40.406872,-5.699542,37274,Base SALAMANCA,40.967368,-5.665381,80.72416627884009
37188,37274,13.585828642112837,37188,LA MAYA,158,40.686983,-5.613511,37274,Base SALAMANCA,40.967368,-5.665381,49.81470502108041
37243,49275,24.991008539212622,37243,LA PEÑA,70,41.174234,-6.518864,49275,Base ZAMORA,41.49914,-5.754948,91.63369797711294
37266,37274,29.901275023759315,37266,LA REDONDA,65,40.908303,-6.749546,37274,Base SALAMANCA,40.967368,-5.665381,109.63800842045082
37268,37274,18.529415008694478,37268,LA RINCONADA DE LA SIERRA,100,40.610986,-6.019858,37274,Base SALAMANCA,40.967368,-5.665381,67.94118836521308
37273,37274,16.53742895826933,37273,LA SAGRADA,82,40.743607,-6.072182,37274,Base SALAMANCA,40.967368,-5.665381,60.637239513654215
37347,37274,8.910565145824942,37347,LA VELLÉS,540,41.073471,-5.568248,37274,Base SALAMANCA,40.967368,-5.665381,32.67207220135812
37090,37274,21.393061593261212,37090,LAS CASAS DEL CONDE,63,40.507875,-6.041172,37274,Base SALAMANCA,40.967368,-5.665381,78.44122584195779
37170,37274,13.481945414367289,37170,LEDESMA,1517,41.087852,-5.999971,37274,Base SALAMANCA,40.967368,-5.665381,49.43379985268006
37171,37274,20.175986302785233,37171,LEDRADA,465,40.46862,-5.719471,37274,Base SALAMANCA,40.967368,-5.665381,73.97861644354586
37300,37274,18.190173087729647,37300,LOS SANTOS,580,40.543942,-5.796666,37274,Base SALAMANCA,40.967368,-5.665381,66.69730132167537
37174,37274,14.643136468624032,37174,MACOTERA,1001,40.830799,-5.285467,37274,Base SALAMANCA,40.967368,-5.665381,53.691500384954786
37179,37274,16.35627710006046,37179,MANCERA DE ABAJO,197,40.839602,-5.199651,37274,Base SALAMANCA,40.967368,-5.665381,59.97301603355503
37181,37274,29.55424350467044,37181,MARTIAGO,250,40.453461,-6.490816,37274,Base SALAMANCA,40.967368,-5.665381,108.36555951712495
37184,49275,26.006309638522847,37184,MASUECO,251,41.203474,-6.589425,49275,Base ZAMORA,41.49914,-5.754948,95.35646867458377
37192,37274,7.480614690369794,37192,MIRANDA DE AZÁN,447,40.886518,-5.681821,37274,Base SALAMANCA,40.967368,-5.665381,27.428920531355914
37198,49275,19.309515578891144,37198,MONLERAS,245,41.186679,-6.225906,49275,Base ZAMORA,41.49914,-5.754948,70.80155712260087
37204,37274,22.862133756118787,37204,MORASVERDES,229,40.601582,-6.2751,37274,Base SALAMANCA,40.967368,-5.665381,83.82782377243555
37205,37274,9.920409135870301,37205,MORILLE,224,40.806982,-5.697829,37274,Base SALAMANCA,40.967368,-5.665381,36.3748334981911
37206,37274,10.762364172155888,37206,MORÍÑIGO,88,40.970195,-5.413756,37274,Base SALAMANCA,40.967368,-5.665381,39.46200196457159
37214,37274,21.693152444169336,37214,NAVA DE FRANCIA,120,40.535564,-6.116042,37274,Base SALAMANCA,40.967368,-5.665381,79.54155896195424
37215,37274,13.990500054533127,37215,NAVA DE SOTROBAL,160,40.889929,-5.286611,37274,Base SALAMANCA,40.967368,-5.665381,51.2985001999548
37217,37274,21.741581774542517,37217,NAVALMORAL DE BÉJAR,56,40.422504,-5.782528,37274,Base SALAMANCA,40.967368,-5.665381,79.71913317332256
37219,37274,18.54620469124093,37219,NAVARREDONDA DE LA RINCONADA,151,40.606249,-6.012625,37274,Base SALAMANCA,40.967368,-5.665381,68.00275053455007
37221,37274,38.466237228941445,37221,NAVASFRÍAS,362,40.295127,-6.818594,37274,Base SALAMANCA,40.967368,-5.665381,141.04286983945195
37225,37274,10.11350046869574,37225,PAJARES DE LA LAGUNA,114,41.087925,-5.509109,37274,Base SALAMANCA,40.967368,-5.665381,37.08283505188438
37238,37274,8.928418492907086,37238,PEDROSILLO EL RALO,135,41.062438,-5.548766,37274,Base SALAMANCA,40.967368,-5.665381,32.737534473992646
37240,37274,7.201594427725021,37240,PELABRAVO,1366,40.935942,-5.578731,37274,Base SALAMANCA,40.967368,-5.665381,26.405846234991742
37244,37274,24.417406671601142,37244,PEÑACABALLERA,153,40.344433,-5.860565,37274,Base SALAMANCA,40.967368,-5.665381,89.5304911292042
37245,37274,35.291651338501865,37245,PEÑAPARDA,308,40.320593,-6.668604,37274,Base SALAMANCA,40.967368,-5.665381,129.40272157450684
37249,37274,20.336011049998476,37249,PERALEJOS DE ARRIBA,35,41.004571,-6.333493,37274,Base SALAMANCA,40.967368,-5.665381,74.5653738499944
37251,37274,20.488246940363105,37251,PEROMINGO,122,40.463105,-5.772246,37274,Base SALAMANCA,40.967368,-5.665381,75.12357211466473
37252,37274,22.228510352609085,37252,PINEDAS,94,40.445157,-5.960495,37274,Base SALAMANCA,40.967368,-5.665381,81.50453795956665
37257,37274,22.14096757264498,37257,POZOS DE HINOJO,52,40.913622,-6.410249,37274,Base SALAMANCA,40.967368,-5.665381,81.18354776636492
37261,37274,19.779989896333976,37261,PUENTE DEL CONGOSTO,225,40.491453,-5.526749,37274,Base SALAMANCA,40.967368,-5.665381,72.52662961989124
37264,37274,30.46910927122495,37264,PUERTO SEGURO,55,40.827761,-6.761014,37274,Base SALAMANCA,40.967368,-5.665381,111.72006732782482
37267,37274,21.687600989688537,37267,RETORTILLO,174,40.802287,-6.359711,37274,Base SALAMANCA,40.967368,-5.665381,79.52120362885798
37270,37274,12.749689710216252,37270,ROBLIZA DE COJOS,187,40.867826,-5.976851,37274,Base SALAMANCA,40.967368,-5.665381,46.74886227079293
37271,37274,10.76222539778415,37271,ROLLÁN,337,40.961931,-5.916909,37274,Base SALAMANCA,40.967368,-5.665381,39.46149312520855
37275,37274,27.34777135221337,37275,SALDEANA,99,41.020337,-6.639199,37274,Base SALAMANCA,40.967368,-5.665381,100.27516162478236
37036,37274,20.70695919740261,37036,SAN MIGUEL DEL ROBLEDO,43,40.536416,-6.044636,37274,Base SALAMANCA,40.967368,-5.665381,75.9255170571429
37289,37274,16.96513411675648,37289,SAN MUÑOZ,201,40.78319,-6.126842,37274,Base SALAMANCA,40.967368,-5.665381,62.20549176144043
37282,37274,21.233997457405234,37282,SANCHOTELLO,212,40.436162,-5.752736,37274,Base SALAMANCA,40.967368,-5.665381,77.85799067715253
37293,37274,15.6586025601872,37293,SANTA MARÍA DE SANDO,95,40.979763,-6.130606,37274,Base SALAMANCA,40.967368,-5.665381,57.414876054019736
37301,49275,19.578939204025815,37301,SARDÓN DE LOS FRAILES,101,41.213967,-6.270565,49275,Base ZAMORA,41.49914,-5.754948,71.78944374809466
37305,37274,21.079902454773258,37305,SEQUEROS,207,40.512343,-6.024664,37274,Base SALAMANCA,40.967368,-5.665381,77.29297566750195
37313,37274,23.147284225568438,37313,SOTOSERRANO,513,40.437792,-6.032939,37274,Base SALAMANCA,40.967368,-5.665381,84.87337549375093
37320,37274,18.08022240823592,37320,TEJEDA Y SEGOYUELA,97,40.631938,-6.023581,37274,Base SALAMANCA,40.967368,-5.665381,66.29414883019837
37322,37274,9.853148760691965,37322,TERRADILLOS,3220,40.837977,-5.540784,37274,Base SALAMANCA,40.967368,-5.665381,36.12821212253721
37329,37274,17.23129080328679,37329,TREMEDAL DE TORMES,35,41.074058,-6.180923,37274,Base SALAMANCA,40.967368,-5.665381,63.18139961205156
37330,37274,13.163148532863747,37330,VALDECARROS,310,40.77018,-5.423073,37274,Base SALAMANCA,40.967368,-5.665381,48.26487795383374
37335,37274,11.755486031963692,37335,VALDELOSA,404,41.171713,-5.783025,37274,Base SALAMANCA,40.967368,-5.665381,43.10344878386687
37337,37274,24.53686500870447,37337,VALDERRODRIGO,128,41.064661,-6.509413,37274,Base SALAMANCA,40.967368,-5.665381,89.9685050319164
37342,37274,8.385115186272634,37342,VALVERDÓN,264,41.046612,-5.769559,37274,Base SALAMANCA,40.967368,-5.665381,30.745422349666324
37352,37274,9.496932825194156,37352,VILLAGONZALO DE TORMES,216,40.891643,-5.49663,37274,Base SALAMANCA,40.967368,-5.665381,34.8220870257119
37358,37274,13.633398210148115,37358,VILLAR DE GALLIMAZO,198,40.953739,-5.288824,37274,Base SALAMANCA,40.967368,-5.665381,49.98912677054309
37359,37274,29.93753100838789,37359,VILLAR DE LA YEGUA,155,40.724886,-6.704103,37274,Base SALAMANCA,40.967368,-5.665381,109.7709470307556
37360,37274,17.884026717574255,37360,VILLAR DE PERALONSO,204,41.032151,-6.221732,37274,Base SALAMANCA,40.967368,-5.665381,65.57476463110561
37361,37274,23.48606468151632,37361,VILLAR DE SAMANIEGO,78,41.12312,-6.446813,37274,Base SALAMANCA,40.967368,-5.665381,86.11557049889318
37363,37274,22.403599158655826,37363,VILLARES DE YELTES,96,40.867252,-6.413192,37274,Base SALAMANCA,40.967368,-5.665381,82.1465302484047
37365,37274,12.173788387366223,37365,VILLARMAYOR,154,41.014903,-5.972387,37274,Base SALAMANCA,40.967368,-5.665381,44.63722408700948
37366,37274,21.210482789176837,37366,VILLARMUERTO,40,41.054478,-6.364307,37274,Base SALAMANCA,40.967368,-5.665381,77.77177022698173
37367,37274,26.463618018553802,37367,VILLASBUENAS,164,41.062029,-6.594966,37274,Base SALAMANCA,40.967368,-5.665381,97.03326606803061
37368,37274,16.440818073109895,37368,VILLASDARDO,22,41.004852,-6.162681,37274,Base SALAMANCA,40.967368,-5.665381,60.28299960140295
37369,37274,15.451080751310954,37369,VILLASECO DE LOS GAMITOS,137,41.036628,-6.112712,37274,Base SALAMANCA,40.967368,-5.665381,56.653962754806834
37376,37274,22.679126397621143,37376,VITIGUDINO,2361,41.008182,-6.43579,37274,Base SALAMANCA,40.967368,-5.665381,83.15679679127753
37377,37274,23.842745314472737,37377,YECLA DE YELTES,222,40.959551,-6.488149,37274,Base SALAMANCA,40.967368,-5.665381,87.42339948640004
40003,40194,17.700105749632026,40003,ADRADOS,123,41.368595,-4.115625,40194,Base SEGOVIA,40.94987,-4.125241,64.90038774865077
40004,40194,13.438439012241878,40004,AGUILAFUENTE,564,41.227948,-4.111942,40194,Base SEGOVIA,40.94987,-4.125241,49.274276378220215
40005,40194,26.04064451521317,40005,ALCONADA DE MADERUELO,26,41.450295,-3.486514,40194,Base SEGOVIA,40.94987,-4.125241,95.48236322244829
40007,40194,13.083536472046806,40007,ALDEALENGUA DE PEDRAZA,79,41.064036,-3.806052,40194,Base SEGOVIA,40.94987,-4.125241,47.97296706417162
40009,40194,22.354317743528963,40009,ALDEANUEVA DE LA SERREZUELA,42,41.460917,-3.782959,40194,Base SEGOVIA,40.94987,-4.125241,81.96583172627287
40014,40194,23.804244021772046,40014,ALDEHORNO,59,41.512751,-3.779377,40194,Base SEGOVIA,40.94987,-4.125241,87.28222807983083
40015,40194,14.950685499197402,40015,ALDEHUELA DEL CODONAL,24,41.055601,-4.536839,40194,Base SEGOVIA,40.94987,-4.125241,54.81918016372381
40017,40194,9.369321068104448,40017,ANAYA,119,40.990574,-4.308288,40194,Base SEGOVIA,40.94987,-4.125241,34.35417724971631
40028,40194,12.251047380134981,40028,BERCIAL,105,40.905871,-4.436307,40194,Base SEGOVIA,40.94987,-4.125241,44.920507060494934
40032,40194,21.17174216297085,40032,BOCEGUILLAS,721,41.337001,-3.638235,40194,Base SEGOVIA,40.94987,-4.125241,77.62972126422646
40033,40194,8.051320484652383,40033,BRIEVA,86,41.034736,-4.053629,40194,Base SEGOVIA,40.94987,-4.125241,29.521508443725402
40034,40194,11.341524841181933,40034,CABALLAR,75,41.120192,-3.964405,40194,Base SEGOVIA,40.94987,-4.125241,41.58559108433376
40036,40194,14.712547665199523,40036,CABEZUELA,656,41.235456,-3.932888,40194,Base SEGOVIA,40.94987,-4.125241,53.94600810573158
40040,40194,15.396214168341903,40040,CANTALEJO,3558,41.258455,-3.927067,40194,Base SEGOVIA,40.94987,-4.125241,56.45278528392031
40046,40194,20.629445208984027,40046,CASTILLEJO DE MESLEÓN,110,41.280939,-3.600959,40194,Base SEGOVIA,40.94987,-4.125241,75.6412990996081
40049,40194,16.875360603284925,40049,CASTROSERNA DE ABAJO,32,41.207923,-3.734505,40194,Base SEGOVIA,40.94987,-4.125241,61.87632221204473
40055,40194,24.382378657394174,40055,CILLERUELO DE SAN MAMÉS,35,41.431241,-3.566516,40194,Base SEGOVIA,40.94987,-4.125241,89.40205507711197
40061,40194,25.256005061002686,40061,CORRAL DE AYLLÓN,77,41.391318,-3.459316,40194,Base SEGOVIA,40.94987,-4.125241,92.60535189034319
40063,47186,16.907665713717016,40063,CUÉLLAR,9530,41.403698,-4.317391,47186,Base VALLADOLID,41.652328,-4.723349,61.994774283629056
40905,47186,22.612986324022486,40905,CUEVAS DE PROVANCO,132,41.541808,-3.960905,47186,Base VALLADOLID,41.652328,-4.723349,82.91428318808245
40069,40194,18.965402588252118,40069,DONHIERRO,75,41.116645,-4.694293,40194,Base SEGOVIA,40.94987,-4.125241,69.53980949025777
40070,40194,18.955059809076936,40070,DURUELO,171,41.236853,-3.647931,40194,Base SEGOVIA,40.94987,-4.125241,69.50188596661543
40072,40194,7.1921601316299375,40072,ENCINILLAS,352,41.017819,-4.157913,40194,Base SEGOVIA,40.94987,-4.125241,26.371253815976438
40081,40194,18.24708935184115,40081,FRUMALES,120,41.384211,-4.187029,40194,Base SEGOVIA,40.94987,-4.125241,66.90599429008422
40083,40194,18.387146862709344,40083,FUENTE EL OLMO DE FUENTIDUEÑA,395,41.381202,-4.000456,40194,Base SEGOVIA,40.94987,-4.125241,67.41953849660092
40086,40194,13.300026940997956,40086,FUENTEPELAYO,772,41.220791,-4.176804,40194,Base SEGOVIA,40.94987,-4.125241,48.76676545032584
40087,40194,18.78888112066646,40087,FUENTEPIÑEL,68,41.400317,-4.042907,40194,Base SEGOVIA,40.94987,-4.125241,68.89256410911035
40092,40194,20.271908624101346,40092,FUENTIDUEÑA,133,41.44151,-3.98029,40194,Base SEGOVIA,40.94987,-4.125241,74.33033162170494
40099,40194,24.53152931066245,40099,HONRUBIA DE LA CUESTA,49,41.510916,-3.704685,40194,Base SEGOVIA,40.94987,-4.125241,89.94894080576232
40100,40194,17.0097424067852,40100,HONTALBILLA,299,41.345883,-4.121548,40194,Base SEGOVIA,40.94987,-4.125241,62.36905549154573
40104,40194,12.350996683539083,40104,ITUERO Y LAMA,448,40.800284,-4.377497,40194,Base SEGOVIA,40.94987,-4.125241,45.2869878396433
40125,40194,15.51542581315064,40125,LA MATILLA,71,41.191127,-3.794884,40194,Base SEGOVIA,40.94987,-4.125241,56.88989464821901
40110,40194,15.530160134396207,40110,LASTRAS DE CUÉLLAR,307,41.296819,-4.10659,40194,Base SEGOVIA,40.94987,-4.125241,56.9439204927861
40119,40194,8.380187767172707,40119,MARTÍN MIGUEL,263,40.950489,-4.272816,40194,Base SEGOVIA,40.94987,-4.125241,30.727355146299924
40124,47186,14.575470645445323,40124,MATA DE CUÉLLAR,207,41.398668,-4.47219,47186,Base VALLADOLID,41.652328,-4.723349,53.44339236663285
40127,40194,20.118788503148224,40127,MEMBIBRE DE LA HOZ,43,41.448015,-4.098739,40194,Base SEGOVIA,40.94987,-4.125241,73.76889117821015
40128,40194,12.557171430864106,40128,MIGUELÁÑEZ,138,41.12233,-4.363718,40194,Base SEGOVIA,40.94987,-4.125241,46.042961913168384
40134,40194,11.169555643370513,40134,MOZONCILLO,907,41.148047,-4.186215,40194,Base SEGOVIA,40.94987,-4.125241,40.95503735902522
40135,40194,13.165345034322822,40135,MUÑOPEDRO,309,40.888026,-4.472041,40194,Base SEGOVIA,40.94987,-4.125241,48.272931792517014
40136,40194,12.838511772110325,40136,MUÑOVEROS,145,41.172822,-3.9518,40194,Base SEGOVIA,40.94987,-4.125241,47.074543164404524
40138,40194,15.416577378896685,40138,NAVA DE LA ASUNCIÓN,2787,41.156639,-4.488963,40194,Base SEGOVIA,40.94987,-4.125241,56.52745038928784
40139,40194,12.610697581121299,40139,NAVAFRÍA,279,41.057086,-3.824568,40194,Base SEGOVIA,40.94987,-4.125241,46.23922446411143
40145,40194,15.327948189112986,40145,NAVAS DE ORO,1274,41.196063,-4.437385,40194,Base SEGOVIA,40.94987,-4.125241,56.20247669341428
40904,40194,7.487245961519561,40904,NAVAS DE RIOFRÍO,439,40.868204,-4.135274,40194,Base SEGOVIA,40.94987,-4.125241,27.453235192238388
40146,40194,12.385092179937491,40146,NAVAS DE SAN ANTONIO,366,40.761572,-4.329414,40194,Base SEGOVIA,40.94987,-4.125241,45.4120046597708
40148,40194,12.946092026174082,40148,NIEVA,256,41.08017,-4.426523,40194,Base SEGOVIA,40.94987,-4.125241,47.469004095971634
40157,40194,10.24126898327114,40157,PELAYOS DEL ARROYO,48,41.051143,-3.939669,40194,Base SEGOVIA,40.94987,-4.125241,37.55131960532752
40158,40194,18.4381956797311,40158,PEROSILLO,20,41.39282,-4.14184,40194,Base SEGOVIA,40.94987,-4.125241,67.60671749234737
40162,40194,16.518158116350165,40162,PRÁDENA,468,41.138917,-3.688457,40194,Base SEGOVIA,40.94987,-4.125241,60.566579759950606
40181,40194,8.182978857425233,40181,REAL SITIO DE SAN ILDEFONSO,5205,40.897628,-4.004759,40194,Base SEGOVIA,40.94987,-4.125241,30.00425581055919
40165,40194,14.578191844653396,40165,REBOLLO,74,41.192359,-3.856802,40194,Base SEGOVIA,40.94987,-4.125241,53.453370097062454
40166,47186,15.883374897942076,40166,REMONDO,316,41.341706,-4.483361,47186,Base VALLADOLID,41.652328,-4.723349,58.23904129245428
40177,47186,15.386387776148409,40177,SAN CRISTÓBAL DE CUÉLLAR,154,41.406858,-4.404302,47186,Base VALLADOLID,41.652328,-4.723349,56.41675517921083
40178,40194,17.918023178184995,40178,SAN CRISTÓBAL DE LA VEGA,83,41.112964,-4.646903,40194,Base SEGOVIA,40.94987,-4.125241,65.69941832001166
40906,40194,6.1345434614415995,40906,SAN CRISTÓBAL DE SEGOVIA,3153,40.952063,-4.075792,40194,Base SEGOVIA,40.94987,-4.125241,22.493326025285864
40183,40194,19.180133119297974,40183,SAN MIGUEL DE BERNUY,134,41.399064,-3.9527,40194,Base SEGOVIA,40.94987,-4.125241,70.32715477075924
40179,40194,17.029066456496494,40179,SANCHONUÑO,1027,41.322465,-4.305896,40194,Base SEGOVIA,40.94987,-4.125241,62.43991034048715
40185,40194,12.400952621785198,40185,SANTA MARÍA LA REAL DE NIEVA,885,41.070372,-4.406482,40194,Base SEGOVIA,40.94987,-4.125241,45.470159613212395
40186,40194,17.92929526888711,40186,SANTA MARTA DEL CERRO,49,41.217864,-3.685323,40194,Base SEGOVIA,40.94987,-4.125241,65.74074931925274
40192,40194,12.549951663455909,40192,SAUQUILLO DE CABEZAS,137,41.195146,-4.068635,40194,Base SEGOVIA,40.94987,-4.125241,46.01648943267167
40198,40194,19.5027137580159,40198,SOTILLO,30,41.25717,-3.638952,40194,Base SEGOVIA,40.94987,-4.125241,71.50995044605831
40201,40194,18.266324509862827,40201,TOLOCIRIO,36,41.133732,-4.651533,40194,Base SEGOVIA,40.94987,-4.125241,66.97652320283036
40204,40194,18.034296125260198,40204,TORRECILLA DEL PINAR,179,41.374677,-4.038407,40194,Base SEGOVIA,40.94987,-4.125241,66.1257524592874
40207,40194,7.092660386349378,40207,TRESCASAS,1105,40.964193,-4.035857,40194,Base SEGOVIA,40.94987,-4.125241,26.006421416614387
40211,40194,10.008933037717398,40211,VALDEPRADOS,60,40.817923,-4.256655,40194,Base SEGOVIA,40.94987,-4.125241,36.699421138297126
40219,47186,15.054237232461286,40219,VALLELADO,728,41.406223,-4.4266,47186,Base VALLADOLID,41.652328,-4.723349,55.19886985235805
40221,40194,15.864624005251025,40221,VALLERUELA DE SEPÚLVEDA,52,41.190357,-3.773005,40194,Base SEGOVIA,40.94987,-4.125241,58.17028801925376
40222,40194,12.956249886876119,40222,VEGANZONES,197,41.192667,-3.993384,40194,Base SEGOVIA,40.94987,-4.125241,47.50624958521244
40223,40194,10.819632961745548,40223,VEGAS DE MATUTE,339,40.79699,-4.27864,40194,Base SEGOVIA,40.94987,-4.125241,39.67198752640034
40225,5019,12.590969654311513,40225,VILLACASTÍN,1525,40.781561,-4.412105,5019,Base ÁVILA,40.65587,-4.697713,46.16688873247555
40228,47186,16.35101111609846,40228,VILLAVERDE DE ÍSCAR,593,41.308235,-4.526716,47186,Base VALLADOLID,41.652328,-4.723349,59.953707425694354
42003,42173,17.501863818634114,42003,ADRADAS,58,41.351067,-2.47378,42173,Base SORIA,41.763279,-2.466248,64.17350066832509
42006,42173,7.174993552775236,42006,ALCONABA,199,41.724146,-2.385694,42173,Base SORIA,41.763279,-2.466248,26.308309693509198
42008,42173,20.568483718369528,42008,ALCUBILLA DE LAS PEÑAS,59,41.251954,-2.527417,42173,Base SORIA,41.763279,-2.466248,75.4177736340216
42009,42173,9.224402602968155,42009,ALDEALAFUENTE,83,41.671909,-2.325381,42173,Base SORIA,41.763279,-2.466248,33.82280954421657
42010,42173,10.445075931466722,42010,ALDEALICES,20,41.899827,-2.309772,42173,Base SORIA,41.763279,-2.466248,38.29861174871131
42012,42173,9.891749441773253,42012,ALDEALSEÑOR,28,41.879001,-2.315456,42173,Base SORIA,41.763279,-2.466248,36.2697479531686
42015,42173,15.830511285795064,42015,ALENTISQUE,24,41.420553,-2.331964,42173,Base SORIA,41.763279,-2.466248,58.04520804791523
42016,42173,10.86225822201802,42016,ALIUD,21,41.654289,-2.252388,42173,Base SORIA,41.763279,-2.466248,39.82828014739941
42020,42173,13.513770876957976,42020,ALMAZÁN,5476,41.486994,-2.53291,42173,Base SORIA,41.763279,-2.466248,49.55049321551258
42021,42173,14.248287233354375,42021,ALMAZUL,60,41.573926,-2.146226,42173,Base SORIA,41.763279,-2.466248,52.24371985563271
42026,42173,20.28780005832544,42026,ARENILLAS,42,41.346988,-2.846192,42173,Base SORIA,41.763279,-2.466248,74.38860021385995
42028,42173,9.531246797834324,42028,AUSEJO DE LA SIERRA,115,41.8962,-2.374655,42173,Base SORIA,41.763279,-2.466248,34.94790492539252
42029,42173,19.842795704538993,42029,BARAONA,122,41.295301,-2.657745,42173,Base SORIA,41.763279,-2.466248,72.75691758330964
42041,42173,12.110941251694435,42041,BUBEROS,28,41.64614,-2.19417,42173,Base SORIA,41.763279,-2.466248,44.40678458954626
42045,42173,13.746625402706192,42045,CABREJAS DEL PINAR,299,41.794733,-2.85071,42173,Base SORIA,41.763279,-2.466248,50.40429314325604
42048,42173,17.853855071936128,42048,CALTOJAR,51,41.402724,-2.764159,42173,Base SORIA,41.763279,-2.466248,65.46413526376581
42050,42173,15.960916760402808,42050,CAÑAMAQUE,27,41.444313,-2.238908,42173,Base SORIA,41.763279,-2.466248,58.5233614548103
42051,42173,17.385408840975458,42051,CARABANTES,22,41.552508,-1.998025,42173,Base SORIA,41.763279,-2.466248,63.74649908357668
42053,42173,22.50268592931302,42053,CARRASCOSA DE ABAJO,18,41.42371,-3.090274,42173,Base SORIA,41.763279,-2.466248,82.50984840748109
42055,42173,17.837490859608316,42055,CASAREJOS,146,41.797715,-3.032044,42173,Base SORIA,41.763279,-2.466248,65.40413315189716
42061,42173,9.237319436392106,42061,CIDONES,314,41.815,-2.640337,42173,Base SORIA,41.763279,-2.466248,33.87017126677106
42062,42173,15.653553280682015,42062,CIGUDOSA,15,41.936422,-2.055893,42173,Base SORIA,41.763279,-2.466248,57.396362029167385
42065,42173,9.466329936994967,42065,CIRUJALES DEL RÍO,20,41.866921,-2.325851,42173,Base SORIA,41.763279,-2.466248,34.70987643564821
42076,42173,18.568662522059377,42076,DEZA,165,41.46339,-2.022114,42173,Base SORIA,41.763279,-2.466248,68.08509591421772
42078,42173,17.016941493485195,42078,DURUELO DE LA SIERRA,1026,41.955862,-2.931237,42173,Base SORIA,41.763279,-2.466248,62.39545214277905
42081,42173,23.042969001650402,42081,ESPEJÓN,128,41.830906,-3.259149,42173,Base SORIA,41.763279,-2.466248,84.49088633938482
42082,42173,10.79165101363351,42082,ESTEPA DE SAN JUAN,13,41.927129,-2.33454,42173,Base SORIA,41.763279,-2.466248,39.56938704998954
42084,42173,22.04725909682859,42084,FRESNO DE CARACENA,19,41.452352,-3.092589,42173,Base SORIA,41.763279,-2.466248,80.83995002170482
42087,42173,7.725407064542326,42087,FUENTECANTOS,65,41.848701,-2.428785,42173,Base SORIA,41.763279,-2.466248,28.326492569988527
42094,42173,6.641296267427086,42094,GARRAY,785,41.815345,-2.446431,42173,Base SORIA,41.763279,-2.466248,24.35141964723265
42097,42173,19.74765918320355,42097,GORMAZ,26,41.493797,-3.007829,42173,Base SORIA,41.763279,-2.466248,72.40808367174634
42106,42173,10.410132405778446,42106,LA LOSILLA,13,41.872968,-2.277464,42173,Base SORIA,41.763279,-2.466248,38.1704854878543
42105,42173,26.119350211817714,42105,LICERAS,49,41.380244,-3.243685,42173,Base SORIA,41.763279,-2.466248,95.77095077666495
42108,42173,14.661877509952694,42108,MAJÁN,9,41.468809,-2.303553,42173,Base SORIA,41.763279,-2.466248,53.76021753649321
42110,42173,14.782379560849542,42110,MATALEBRERAS,81,41.842371,-2.046727,42173,Base SORIA,41.763279,-2.466248,54.20205838978165
42116,42173,26.093821703066446,42116,MIÑO DE SAN ESTEBAN,40,41.535919,-3.345996,42173,Base SORIA,41.763279,-2.466248,95.67734624457697
42117,42173,13.156341996497115,42117,MOLINOS DE DUERO,158,41.885487,-2.787761,42173,Base SORIA,41.763279,-2.466248,48.23992065382276
42124,42173,13.973387134010732,42124,MURIEL DE LA FUENTE,55,41.724714,-2.859445,42173,Base SORIA,41.763279,-2.466248,51.23575282470602
42125,42173,15.175236731128585,42125,MURIEL VIEJO,75,41.782828,-2.915383,42173,Base SORIA,41.763279,-2.466248,55.64253468080481
42132,42173,14.838454398984974,42132,NOVIERCAS,172,41.712041,-2.036936,42173,Base SORIA,41.763279,-2.466248,54.40766612961157
42139,42173,13.742572038421008,42139,PINILLA DEL CAMPO,18,41.716784,-2.084951,42173,Base SORIA,41.763279,-2.466248,50.38943080754369
42140,42173,13.76513309818821,42140,PORTILLO DE SORIA,12,41.635429,-2.119072,42173,Base SORIA,41.763279,-2.466248,50.47215469335677
42145,42173,18.901768857733607,42145,QUINTANAS DE GORMAZ,127,41.508125,-2.975813,42173,Base SORIA,41.763279,-2.466248,69.3064858116899
42148,42173,16.364445890997988,42148,QUIÑONERÍA,10,41.56851,-2.037681,42173,Base SORIA,41.763279,-2.466248,60.00296826699262
42153,42173,19.548912431791976,42153,RELLO,20,41.332711,-2.748983,42173,Base SORIA,41.763279,-2.466248,71.67934558323725
42159,42173,10.160952689318805,42159,ROLLAMIENTA,44,41.926391,-2.531415,42173,Base SORIA,41.763279,-2.466248,37.256826527502284
42166,42173,14.096089773876413,42166,SANTA CRUZ DE YANGUAS,56,42.062901,-2.447556,42173,Base SORIA,41.763279,-2.466248,51.68566250421351
42171,42173,15.083505807144926,42171,SERÓN DE NÁGIMA,122,41.496192,-2.20128,42173,Base SORIA,41.763279,-2.466248,55.30618795953139
42172,42173,14.12686503474609,42172,SOLIEDRA,33,41.469074,-2.381439,42173,Base SORIA,41.763279,-2.466248,51.79850512740232
42175,42173,11.122627254647911,42175,SUELLACABRAS,33,41.852456,-2.223243,42173,Base SORIA,41.763279,-2.466248,40.78296660037567
42183,42173,11.96840329664333,42183,TEJADO,96,41.588332,-2.266792,42173,Base SORIA,41.763279,-2.466248,43.88414542102554
42184,42173,16.584759963320504,42184,TORLENGUA,45,41.455366,-2.163851,42173,Base SORIA,41.763279,-2.466248,60.810786532175186
42189,42173,18.30643522820276,42189,UCERO,91,41.717229,-3.051046,42173,Base SORIA,41.763279,-2.466248,67.12359583674345
42190,42173,17.295330078116145,42190,VADILLO,83,41.791865,-3.008573,42173,Base SORIA,41.763279,-2.466248,63.41621028642586
42191,42173,10.868790087509328,42191,VALDEAVELLANO DE TERA,218,41.939391,-2.573951,42173,Base SORIA,41.763279,-2.466248,39.85223032086754
42193,42173,13.790270675613268,42193,VALDELAGUA DEL CERRO,13,41.888386,-2.115362,42173,Base SORIA,41.763279,-2.466248,50.564325810581984
42196,42173,14.664057057764147,42196,VALDEPRADO,8,41.938105,-2.108559,42173,Base SORIA,41.763279,-2.466248,53.768209211801874
42201,42173,7.001385301966811,42201,VELILLA DE LA SIERRA,27,41.809752,-2.403404,42173,Base SORIA,41.763279,-2.466248,25.67174610721164
42202,42173,14.561137533944986,42202,VELILLA DE LOS AJOS,15,41.490738,-2.254201,42173,Base SORIA,41.763279,-2.466248,53.39083762446495
42204,42173,11.953625018581455,42204,VIANA DE DUERO,49,41.534014,-2.461149,42173,Base SORIA,41.763279,-2.466248,43.82995840146533
42208,42173,12.201460518574867,42208,VILLAR DEL CAMPO,30,41.787516,-2.149486,42173,Base SORIA,41.763279,-2.466248,44.73868856810785
42209,42173,14.83027573690279,42209,VILLAR DEL RÍO,156,42.07584,-2.35078,42173,Base SORIA,41.763279,-2.466248,54.37767770197689
47002,47186,16.56949606854397,47002,AGUASAL,19,41.274531,-4.652536,47186,Base VALLADOLID,41.652328,-4.723349,60.754818917994555
47005,47186,13.60490486416392,47005,ALCAZARÉN,614,41.371087,-4.673091,47186,Base VALLADOLID,41.652328,-4.723349,49.88465116860104
47007,47186,9.666749517749615,47007,ALDEAMAYOR DE SAN MARTÍN,6163,41.511747,-4.639667,47186,Base VALLADOLID,41.652328,-4.723349,35.44474823174859
47009,34120,14.448441869377982,47009,AMUSQUILLO,99,41.748584,-4.302519,34120,Base PALENCIA,42.007837,-4.534601,52.97762018771927
47017,47186,13.010544398398105,47017,BERCERO,177,41.563536,-5.056071,47186,Base VALLADOLID,41.652328,-4.723349,47.70532946079305
47021,47186,17.864911287395653,47021,BOCIGAS,75,41.229299,-4.680937,47186,Base VALLADOLID,41.652328,-4.723349,65.50467472045072
47024,47186,21.631263462102353,47024,BOLAÑOS DE CAMPOS,254,42.006472,-5.285321,47186,Base VALLADOLID,41.652328,-4.723349,79.31463269437529
47025,47186,19.89711480640356,47025,BRAHOJOS DE MEDINA,101,41.222945,-5.041654,47186,Base VALLADOLID,41.652328,-4.723349,72.95608762347972
47026,34120,18.073925662964932,47026,BUSTILLO DE CHAVES,65,42.132833,-5.09042,34120,Base PALENCIA,42.007837,-4.534601,66.27106076420475
47029,47186,18.67291655190677,47029,CABREROS DEL MONTE,56,41.84768,-5.26801,47186,Base VALLADOLID,41.652328,-4.723349,68.46736069032482
47041,47186,10.333399506117065,47041,CASTRODEZA,142,41.648,-4.958644,47186,Base VALLADOLID,41.652328,-4.723349,37.88913152242924
47044,47186,8.198071006177045,47044,CASTRONUEVO DE ESGUEVA,393,41.681536,-4.587702,47186,Base VALLADOLID,41.652328,-4.723349,30.05959368931583
47045,49275,16.669274682392334,47045,CASTRONUÑO,767,41.390485,-5.262498,49275,Base ZAMORA,41.49914,-5.754948,61.12067383543856
47046,34120,20.015660129141708,47046,CASTROPONCE,128,42.126486,-5.182156,34120,Base PALENCIA,42.007837,-4.534601,73.39075380685293
47049,47186,20.02655420118547,47049,CERVILLEGO DE LA CRUZ,91,41.186774,-4.94959,47186,Base VALLADOLID,41.652328,-4.723349,73.43069873768005
47051,47186,8.048619082289804,47051,CIGUÑUELA,358,41.6399,-4.856846,47186,Base VALLADOLID,41.652328,-4.723349,29.51160330172928
47052,47186,6.484198497187919,47052,CISTÉRNIGA,9281,41.612284,-4.685702,47186,Base VALLADOLID,41.652328,-4.723349,23.775394489689038
47054,47186,15.202850113274733,47054,COGECES DEL MONTE,644,41.511208,-4.315047,47186,Base VALLADOLID,41.652328,-4.723349,55.74378374867402
47058,34120,16.838466760909988,47058,CUENCA DE CAMPOS,192,42.057474,-5.055907,34120,Base PALENCIA,42.007837,-4.534601,61.741044790003286
47059,47186,19.1492165555888,47059,CURIEL DE DUERO,119,41.639944,-4.099193,47186,Base VALLADOLID,41.652328,-4.723349,70.21379403715893
47060,34120,17.34616959117828,47060,ENCINAS DE ESGUEVA,218,41.756514,-4.104413,34120,Base PALENCIA,42.007837,-4.534601,63.60262183432037
47062,34120,15.82974614890522,47062,FOMBELLIDA,175,41.763961,-4.184191,34120,Base PALENCIA,42.007837,-4.534601,58.04240254598581
47064,34120,17.657365731253023,47064,FONTIHOYUELO,31,42.160146,-5.058201,34120,Base PALENCIA,42.007837,-4.534601,64.74367434792775
47067,47186,20.24716277011185,47067,FUENTE EL SOL,153,41.175459,-4.935783,47186,Base VALLADOLID,41.652328,-4.723349,74.23959682374345
47068,47186,17.481369573075447,47068,FUENTE-OLMEDO,42,41.24473,-4.647202,47186,Base VALLADOLID,41.652328,-4.723349,64.09835510127664
47069,47186,13.586312483504875,47069,GALLEGOS DE HORNIJA,109,41.609545,-5.097806,47186,Base VALLADOLID,41.652328,-4.723349,49.81647910618454
47071,47186,9.105753133464145,47071,GERIA,488,41.579096,-4.875663,47186,Base VALLADOLID,41.652328,-4.723349,33.38776148936853
47073,34120,15.062274568007604,47073,HERRÍN DE CAMPOS,112,42.123631,-4.953451,34120,Base PALENCIA,42.007837,-4.534601,55.228340082694544
47099,47186,11.308656874638778,47099,LA MUDARRA,169,41.779301,-4.944105,47186,Base VALLADOLID,41.652328,-4.723349,41.46507520700885
47110,47186,10.52320582580187,47110,LA PARRILLA,480,41.536734,-4.535154,47186,Base VALLADOLID,41.652328,-4.723349,38.585088027940195
47158,47186,13.350312060590703,47158,LA SECA,1013,41.413979,-4.90753,47186,Base VALLADOLID,41.652328,-4.723349,48.951144222165915
47176,24089,21.768880549996005,47176,LA UNIÓN DE CAMPOS,202,42.075949,-5.324877,24089,Base LEÓN,42.599121,-5.567076,79.81922868331868
47077,47186,17.13202096599499,47077,LANGAYO,250,41.570288,-4.199649,47186,Base VALLADOLID,41.652328,-4.723349,62.81741020864829
47083,47186,11.377346273220091,47083,MATILLA DE LOS CAÑOS,113,41.546542,-4.966393,47186,Base VALLADOLID,41.652328,-4.723349,41.71693633514034
47089,24089,19.573360171605977,47089,MELGAR DE ARRIBA,162,42.270503,-5.091984,24089,Base LEÓN,42.599121,-5.567076,71.76898729588858
47091,24089,19.12850572586997,47091,MONASTERIO DE VEGA,79,42.230913,-5.180445,24089,Base LEÓN,42.599121,-5.567076,70.13785432818989
47096,47186,16.992130130423767,47096,MORALES DE CAMPOS,130,41.859982,-5.174475,47186,Base VALLADOLID,41.652328,-4.723349,62.304477144887144
47097,47186,15.340437395979906,47097,MOTA DEL MARQUÉS,330,41.632507,-5.178853,47186,Base VALLADOLID,41.652328,-4.723349,56.24827045192633
47100,5019,19.522981749158603,47100,MURIEL,111,41.12209,-4.842506,5019,Base ÁVILA,40.65587,-4.697713,71.58426641358155
47101,47186,17.708428044326325,47101,NAVA DEL REY,1925,41.330492,-5.081659,47186,Base VALLADOLID,41.652328,-4.723349,64.93090282919653
47109,47186,17.684565084594155,47109,PALAZUELO DE VEDIJA,164,41.928088,-5.145165,47186,Base VALLADOLID,41.652328,-4.723349,64.84340531017857
47112,47186,14.932843518123207,47112,PEDRAJAS DE SAN ESTEBAN,3406,41.341869,-4.583985,47186,Base VALLADOLID,41.652328,-4.723349,54.753759566451755
47114,47186,18.81148396384002,47114,PEÑAFIEL,5188,41.596451,-4.118685,47186,Base VALLADOLID,41.652328,-4.723349,68.97544120074674
47119,34120,18.107170676773382,47119,PIÑEL DE ARRIBA,88,41.699443,-4.12805,34120,Base PALENCIA,42.007837,-4.534601,66.39295914816907
47123,47186,15.487478839626952,47123,POZAL DE GALLINAS,538,41.317655,-4.839642,47186,Base VALLADOLID,41.652328,-4.723349,56.787422411965494
47125,47186,18.184529238212676,47125,POZUELO DE LA ORDEN,50,41.822915,-5.259261,47186,Base VALLADOLID,41.652328,-4.723349,66.67660720677982
47126,40194,18.890664576644554,47126,PURAS,45,41.182769,-4.648377,40194,Base SEGOVIA,40.94987,-4.125241,69.26577011436336
47127,47186,16.52638398726833,47127,QUINTANILLA DE ARRIBA,155,41.620044,-4.21663,47186,Base VALLADOLID,41.652328,-4.723349,60.596741286650534
47129,47186,13.153082262330681,47129,QUINTANILLA DE ONÉSIMO,992,41.625983,-4.365341,47186,Base VALLADOLID,41.652328,-4.723349,48.2279682952125
47131,47186,20.423675399963024,47131,RÁBANO,176,41.531707,-4.062706,47186,Base VALLADOLID,41.652328,-4.723349,74.88680979986442
47133,47186,7.169542651555499,47133,RENEDO DE ESGUEVA,3972,41.654993,-4.627667,47186,Base VALLADOLID,41.652328,-4.723349,26.288323055703497
47138,47186,19.044036476075313,47138,RUBÍ DE BRACAMONTE,214,41.214452,-4.924443,47186,Base VALLADOLID,41.652328,-4.723349,69.82813374560948
47142,47186,14.639169552278387,47142,SAN CEBRIÁN DE MAZOTE,103,41.680875,-5.147121,47186,Base VALLADOLID,41.652328,-4.723349,53.67695502502075
47147,47186,19.967792317334162,47147,SAN PABLO DE LA MORALEJA,107,41.160216,-4.773803,47186,Base VALLADOLID,41.652328,-4.723349,73.21523849689193
47149,47186,12.093552526733404,47149,SAN PELAYO,48,41.681384,-5.034048,47186,Base VALLADOLID,41.652328,-4.723349,44.34302593135582
47151,47186,13.33653671647871,47151,SAN SALVADOR,23,41.620959,-5.088766,47186,Base VALLADOLID,41.652328,-4.723349,48.9006346270886
47156,47186,18.47267616689675,47156,SAN VICENTE DEL PALACIO,160,41.218675,-4.852086,47186,Base VALLADOLID,41.652328,-4.723349,67.73314594528809
47157,47186,11.692490060580369,47157,SARDÓN DE DUERO,607,41.609271,-4.433768,47186,Base VALLADOLID,41.652328,-4.723349,42.87246355546135
47162,34120,16.08981341437058,47162,TAMARIZ DE CAMPOS,84,41.974544,-5.024572,34120,Base PALENCIA,42.007837,-4.534601,58.995982519358805
47170,47186,19.812685941178955,47170,TORRE DE PEÑAFIEL,57,41.536507,-4.088846,47186,Base VALLADOLID,41.652328,-4.723349,72.64651511765618
47171,47186,11.84453382406613,47171,TORRELOBATÓN,386,41.649374,-5.02538,47186,Base VALLADOLID,41.652328,-4.723349,43.42995735490914
47172,47186,15.467519991340161,47172,TORRESCÁRCELA,164,41.484833,-4.319953,47186,Base VALLADOLID,41.652328,-4.723349,56.71423996824726
47173,47186,10.996091631125882,47173,TRASPINEDO,1240,41.582491,-4.475919,47186,Base VALLADOLID,41.652328,-4.723349,40.319002647461566
47178,47186,16.090745833210157,47178,URUEÑA,203,41.727749,-5.202567,47186,Base VALLADOLID,41.652328,-4.723349,58.99940138843725
47186,47186,5.0,47186,VALLADOLID,300618,41.652328,-4.723349,47186,Base VALLADOLID,41.652328,-4.723349,18.333333333333332
47189,47186,18.977692868875437,47189,VELASCÁLVARO,163,41.230668,-4.971654,47186,Base VALLADOLID,41.652328,-4.723349,69.58487385254327
47191,47186,10.534476393840949,47191,VELLIZA,121,41.578555,-4.946624,47186,Base VALLADOLID,41.652328,-4.723349,38.62641344408348
47195,47186,9.604046154198311,47195,VILLABÁÑEZ,507,41.629747,-4.522458,47186,Base VALLADOLID,41.652328,-4.723349,35.214835898727145
47196,34120,15.381339342753504,47196,VILLABARUZ DE CAMPOS,32,42.010352,-4.9953,34120,Base PALENCIA,42.007837,-4.534601,56.39824425676285
47203,34120,15.06564263440943,47203,VILLAFRADES DE CAMPOS,61,42.07853,-4.971287,34120,Base PALENCIA,42.007837,-4.534601,55.24068965950124
47206,47186,14.336381511616926,47206,VILLAFUERTE,86,41.732741,-4.325369,47186,Base VALLADOLID,41.652328,-4.723349,52.566732209262064
47216,47186,9.848951721863749,47216,VILLÁN DE TORDESILLAS,122,41.593226,-4.922097,47186,Base VALLADOLID,41.652328,-4.723349,36.11282298016708
47218,47186,10.271244311972335,47218,VILLANUEVA DE DUERO,1258,41.518245,-4.871233,47186,Base VALLADOLID,41.652328,-4.723349,37.66122914389857
47225,47186,12.760317071388476,47225,VILLASEXMIR,67,41.638325,-5.065278,47186,Base VALLADOLID,41.652328,-4.723349,46.78782926175775
47227,49275,17.310143572713088,47227,VILLAVELLID,53,41.694126,-5.278865,49275,Base ZAMORA,41.49914,-5.754948,63.47052643328132
47194,47186,14.962013793664847,47194,VILORIA,331,41.445504,-4.382328,47186,Base VALLADOLID,41.652328,-4.723349,54.86071724343777
49004,24089,21.356802968499398,49004,ALCUBILLA DE NOGALES,108,42.127753,-5.921889,24089,Base LEÓN,42.599121,-5.567076,78.30827755116445
49008,49275,15.153833707491518,49008,ALMEIDA DE SAYAGO,422,41.266208,-6.075509,49275,Base ZAMORA,41.49914,-5.754948,55.564056927468904
49009,49275,8.757303588305525,49009,ANDAVÍAS,420,41.597175,-5.856179,49275,Base ZAMORA,41.49914,-5.754948,32.11011315712026
49010,49275,7.015002583975625,49010,ARCENILLAS,448,41.456807,-5.686591,49275,Base ZAMORA,41.49914,-5.754948,25.72167614124396
49011,49275,18.553753309578468,49011,ARCOS DE LA POLVOROSA,216,41.944105,-5.698763,49275,Base ZAMORA,41.49914,-5.754948,68.03042880178772
49018,24115,22.38920213017839,49018,AYOÓ DE VIDRIALES,274,42.130067,-6.065707,24115,Base PONFERRADA,42.547681,-6.5973,82.09374114398743
49019,49275,18.337301736343328,49019,BARCIAL DEL BARCO,253,41.933662,-5.663948,49275,Base ZAMORA,41.49914,-5.754948,67.23677303325887
49028,49275,21.5420420907319,49028,BRIME DE URZ,99,42.037501,-5.872688,49275,Base ZAMORA,41.49914,-5.754948,78.98748766601697
49034,37274,14.09564773569424,49034,CAÑIZAL,421,41.167645,-5.369248,37274,Base SALAMANCA,40.967368,-5.665381,51.684041697545545
49039,49275,7.557348164958631,49039,CASASECA DE LAS CHANAS,373,41.43867,-5.676507,49275,Base ZAMORA,41.49914,-5.754948,27.71027660484831
49046,49275,18.606968795549747,49046,CERECINOS DE CAMPOS,234,41.899222,-5.482901,49275,Base ZAMORA,41.49914,-5.754948,68.22555225034908
49048,24115,21.464930174379674,49048,CERNADILLA,110,42.021438,-6.416733,24115,Base PONFERRADA,42.547681,-6.5973,78.70474397272548
49055,47186,18.774159710752855,49055,COTANES DEL MONTE,82,41.817899,-5.290135,47186,Base VALLADOLID,41.652328,-4.723349,68.8385856060938
49057,24115,21.135285610801226,49057,CUBO DE BENAVENTE,117,42.123503,-6.162791,24115,Base PONFERRADA,42.547681,-6.5973,77.4960472396045
49058,49275,12.472115109164736,49058,EL CUBO DE TIERRA DEL VINO,298,41.25511,-5.709572,49275,Base ZAMORA,41.49914,-5.754948,45.73108873360403
49102,49275,12.210377035795691,49102,EL MADERAL,169,41.282773,-5.623555,49275,Base ZAMORA,41.49914,-5.754948,44.7713824645842
49158,49275,10.807002143069298,49158,EL PIÑERO,215,41.353674,-5.58887,49275,Base ZAMORA,41.49914,-5.754948,39.625674524587424
49067,49275,20.662427318088344,49067,FERRERAS DE ARRIBA,358,41.898841,-6.193014,49275,Base ZAMORA,41.49914,-5.754948,75.76223349965726
49071,49275,14.666287646646502,49071,FONFRÍA,763,41.635726,-6.139885,49275,Base ZAMORA,41.49914,-5.754948,53.77638803770384
49078,49275,17.67045778962671,49078,FRIERA DE VALVERDE,127,41.911819,-5.842385,49275,Base ZAMORA,41.49914,-5.754948,64.7916785619646
49079,24089,22.628292207583385,49079,FUENTE ENCALADA,89,42.111026,-5.994291,24089,Base LEÓN,42.599121,-5.567076,82.97040476113908
49081,37274,13.895988279609892,49081,FUENTESAÚCO,1606,41.231354,-5.495629,37274,Base SALAMANCA,40.967368,-5.665381,50.95195702523627
49085,24115,18.47569045751313,49085,GALENDE,1024,42.10596,-6.66274,24115,Base PONFERRADA,42.547681,-6.5973,67.74419834421481
49091,49275,14.41662134287434,49091,GRANJA DE MORERUELA,250,41.809421,-5.738842,49275,Base ZAMORA,41.49914,-5.754948,52.86094492387258
49093,49275,14.564689853426112,49093,GUARRATE,314,41.289265,-5.441114,49275,Base ZAMORA,41.49914,-5.754948,53.40386279589574
49094,24115,23.736290211786542,49094,HERMISENDE,216,41.969934,-6.893091,24115,Base PONFERRADA,42.547681,-6.5973,87.033064109884
49097,24115,18.85961266008873,49097,JUSTEL,78,42.14843,-6.296358,24115,Base PONFERRADA,42.547681,-6.5973,69.15191308699201
49101,49275,13.81629256789177,49101,LUELMO,149,41.439721,-6.13474,49275,Base ZAMORA,41.49914,-5.754948,50.659739415603156
49105,24089,20.56290301050994,49105,MAIRE DE CASTROPONCE,140,42.111803,-5.78479,24089,Base LEÓN,42.599121,-5.567076,75.39731103853644
49112,24115,20.697278970704527,49112,MANZANAL DE LOS INFANTES,135,42.054898,-6.383113,24115,Base PONFERRADA,42.547681,-6.5973,75.89002289258326
49111,49275,10.985247382104522,49111,MANZANAL DEL BARCO,128,41.634975,-5.946324,49275,Base ZAMORA,41.49914,-5.754948,40.27924040104991
49118,49275,17.89102079300165,49118,MILLES DE LA POLVOROSA,199,41.923921,-5.733486,49275,Base ZAMORA,41.49914,-5.754948,65.6004095743394
49120,24115,21.868267190487433,49120,MOLEZUELAS DE LA CARBALLEDA,46,42.081759,-6.186415,24115,Base PONFERRADA,42.547681,-6.5973,80.1836463651206
49121,24115,21.993258287359243,49121,MOMBUEY,386,42.023327,-6.330182,24115,Base PONFERRADA,42.547681,-6.5973,80.64194705365055
49123,49275,9.666990202000388,49123,MONTAMARTA,543,41.648318,-5.805487,49275,Base ZAMORA,41.49914,-5.754948,35.445630740668086
49126,37274,15.146966768102866,49126,MORALEJA DE SAYAGO,299,41.183803,-6.003873,37274,Base SALAMANCA,40.967368,-5.665381,55.53887814971051
49128,24089,21.870869933163398,49128,MORALES DE REY,517,42.066758,-5.785538,24089,Base LEÓN,42.599121,-5.567076,80.19318975493246
49130,49275,18.70982256534875,49130,MORALES DE VALVERDE,150,41.940225,-5.887734,49275,Base ZAMORA,41.49914,-5.754948,68.60268273961209
49132,49275,9.171673179981951,49132,MORERUELA DE LOS INFANZONES,324,41.631706,-5.705851,49275,Base ZAMORA,41.49914,-5.754948,33.62946832660049
49135,49275,9.892545356245886,49135,MUELAS DEL PAN,616,41.522289,-5.968164,49275,Base ZAMORA,41.49914,-5.754948,36.27266630623492
49139,49275,21.014114418685132,49139,OTERO DE BODAS,166,41.93748,-6.14946,49275,Base ZAMORA,41.49914,-5.754948,77.05175286851215
49142,49275,9.18570808275616,49142,PALACIOS DEL PAN,240,41.601804,-5.878221,49275,Base ZAMORA,41.49914,-5.754948,33.68092963677259
49145,24115,21.02097886926583,49145,PEDRALBA DE LA PRADERÍA,195,42.024174,-6.693214,24115,Base PONFERRADA,42.547681,-6.5973,77.07692252064136
49152,49275,8.76910486135897,49152,PERERUELA,496,41.415615,-5.877754,49275,Base ZAMORA,41.49914,-5.754948,32.15338449164956
49155,49275,10.516813555354318,49155,PIEDRAHÍTA DE CASTRO,106,41.679982,-5.728537,49275,Base ZAMORA,41.49914,-5.754948,38.56164970296584
49162,24115,18.352879884272724,49162,PORTO,156,42.167951,-6.898934,24115,Base PONFERRADA,42.547681,-6.5973,67.29389290899998
49163,49275,12.834262502698163,49163,POZOANTIGUO,190,41.595399,-5.434625,49275,Base ZAMORA,41.49914,-5.754948,47.05896250989326
49164,49275,14.250999470601219,49164,POZUELO DE TÁBARA,145,41.78529,-5.896408,49275,Base ZAMORA,41.49914,-5.754948,52.2536647255378
49165,49275,19.86931396047119,49165,PRADO,53,41.920833,-5.419828,49275,Base ZAMORA,41.49914,-5.754948,72.85415118839435
49166,24115,19.965618619112064,49166,PUEBLA DE SANABRIA,1366,42.054951,-6.634393,24115,Base PONFERRADA,42.547681,-6.5973,73.20726827007758
49171,49275,20.795030187108875,49171,QUIRUELAS DE VIDRIALES,635,42.017073,-5.828654,49275,Base ZAMORA,41.49914,-5.754948,76.2484440193992
49175,49275,17.595313698217193,49175,REVELLINOS,229,41.890573,-5.568987,49275,Base ZAMORA,41.49914,-5.754948,64.51615022679637
49176,49275,18.60890682895905,49176,RIOFRÍO DE ALISTE,599,41.817687,-6.17802,49275,Base ZAMORA,41.49914,-5.754948,68.23265837284985
49179,24115,19.073955356064474,49179,ROBLEDA-CERVANTES,400,42.083598,-6.593745,24115,Base PONFERRADA,42.547681,-6.5973,69.93783630556973
49180,49275,17.091187231030304,49180,ROELOS DE SAYAGO,138,41.251955,-6.171849,49275,Base ZAMORA,41.49914,-5.754948,62.667686513777774
49190,49275,16.495902624711597,49190,SAN MARTÍN DE VALDERADUEY,45,41.813682,-5.471768,49275,Base ZAMORA,41.49914,-5.754948,60.48497629060918
49191,49275,11.483953492799472,49191,SAN MIGUEL DE LA RIBERA,252,41.332709,-5.57597,49275,Base ZAMORA,41.49914,-5.754948,42.107829473598066
49192,49275,22.10266411843821,49192,SAN MIGUEL DEL VALLE,119,42.029274,-5.49702,49275,Base ZAMORA,41.49914,-5.754948,81.04310176760677
49194,49275,9.705296952433239,49194,SAN PEDRO DE LA NAVE-ALMENDRA,322,41.591479,-5.921549,49275,Base ZAMORA,41.49914,-5.754948,35.58608882558854
49200,49275,20.244521673869983,49200,SANTA CRISTINA DE LA POLVOROSA,1027,42.000921,-5.714445,49275,Base ZAMORA,41.49914,-5.754948,74.22991280418994
49206,49275,23.50472717785799,49206,SANTIBÁÑEZ DE VIDRIALES,844,42.078106,-6.013412,49275,Base ZAMORA,41.49914,-5.754948,86.18399965214597
49216,49275,17.34659133878252,49216,TAPIOLES,124,41.857292,-5.495734,49275,Base ZAMORA,41.49914,-5.754948,63.60416824220257
49221,49275,14.672795838879447,49221,TORREGAMONES,226,41.48813,-6.180528,49275,Base ZAMORA,41.49914,-5.754948,53.800251409224636
49223,49275,23.332149849874078,49223,TRABAZOS,838,41.747526,-6.492206,49275,Base ZAMORA,41.49914,-5.754948,85.55121611620496
49226,49275,16.25986782120528,49226,VADILLO DE LA GUAREÑA,243,41.283005,-5.352523,49275,Base ZAMORA,41.49914,-5.754948,59.619515344419355
49229,49275,21.806939423168732,49229,VALDESCORRIEL,131,42.022455,-5.51034,49275,Base ZAMORA,41.49914,-5.754948,79.95877788495201
49230,37274,14.265284897103795,49230,VALLESA DE LA GUAREÑA,68,41.135362,-5.326984,37274,Base SALAMANCA,40.967368,-5.665381,52.30604462271391
49233,49275,15.070634107073426,49233,VEGALATRAVE,79,41.700403,-6.108173,49275,Base ZAMORA,41.49914,-5.754948,55.25899172593589
49234,49275,10.929371808544552,49234,VENIALBO,431,41.389369,-5.5391,49275,Base ZAMORA,41.49914,-5.754948,40.07436329799669
49249,49275,15.78968889453408,49249,VILLALONSO,79,41.596195,-5.297577,49275,Base ZAMORA,41.49914,-5.754948,57.895525946624964
49251,49275,10.827577738651797,49251,VILLALUBE,147,41.609893,-5.545094,49275,Base ZAMORA,41.49914,-5.754948,39.70111837505659
49259,49275,19.20552033360877,49259,VILLANUEVA DE LAS PERAS,89,41.936426,-5.979951,49275,Base ZAMORA,41.49914,-5.754948,70.42024122323215
49260,49275,21.730304838967086,49260,VILLANUEVA DEL CAMPO,761,41.984874,-5.404388,49275,Base ZAMORA,41.49914,-5.754948,79.67778440954599
49269,49275,9.85145563051739,49269,VILLASECO DEL PAN,207,41.468348,-5.964502,49275,Base ZAMORA,41.49914,-5.754948,36.12200397856377
49272,49275,18.685225582624405,49272,VILLAVEZA DE VALVERDE,72,41.944991,-5.848383,49275,Base ZAMORA,41.49914,-5.754948,68.51249380295614
49273,49275,23.19546438703687,49273,VIÑAS,160,41.774384,-6.468305,49275,Base ZAMORA,41.49914,-5.754948,85.05003608580186
